カテゴリー,分類群,和名,学名
絶滅（EX）,維管束植物,コウヨウザンカズラ,Phlegmariurus cunninghamioides
絶滅（EX）,維管束植物,タカネハナワラビ,Botrychium boreale
絶滅（EX）,維管束植物,イオウジマハナヤスリ,Ophioglossum parvifolium
絶滅（EX）,維管束植物,オオイワヒメワラビ,Hypolepis tenuifolia
絶滅（EX）,維管束植物,ウスバシダモドキ,Tectaria dissecta
絶滅（EX）,維管束植物,ヒトツバノキシノブ,Pyrrosia angustissima
絶滅（EX）,維管束植物,ヒメソクシンラン,Aletris scopulorum
絶滅（EX）,維管束植物,ミドリシャクジョウ,Burmannia coelestris
絶滅（EX）,維管束植物,キリシマタヌキノショクダイ,Thismia tuberculata
絶滅（EX）,維管束植物,タイワンアオイラン,Acanthephippium striatum
絶滅（EX）,維管束植物,ジンヤクラン,Arachnis labrosa
絶滅（EX）,維管束植物,ツクシサカネラン,Neottia kiusiana
絶滅（EX）,維管束植物,ツシマラン,Odontochilus poilanei
絶滅（EX）,維管束植物,タカノホシクサ,Eriocaulon setaceum
絶滅（EX）,維管束植物,タチガヤツリ,Cyperus diaphanus
絶滅（EX）,維管束植物,ホクトガヤツリ,Cyperus procerus
絶滅（EX）,維管束植物,チャイロテンツキ,Fimbristylis leptoclada var. takamineana
絶滅（EX）,維管束植物,イシガキイトテンツキ,Fimbristylis pauciflora
絶滅（EX）,維管束植物,カラクサキンポウゲ,Ranunculus gmelinii
絶滅（EX）,維管束植物,ソロハギ,Flemingia strobilifera
絶滅（EX）,維管束植物,サガミメドハギ,Lespedeza hisauchii
絶滅（EX）,維管束植物,ツクシアキツルイチゴ,Rubus hatsushimae
絶滅（EX）,維管束植物,オオミコゴメグサ,Euphrasia insignis subsp. insignis var. omiensis
絶滅（EX）,維管束植物,マツラコゴメグサ,Euphrasia insignis subsp. insignis var. pubigera
絶滅（EX）,維管束植物,クモイコゴメグサ,Euphrasia multifolia var. kirisimana
絶滅（EX）,維管束植物,トヨシマアザミ,Cirsium toyoshimae
野生絶滅（EW）,維管束植物,ハイミミガタシダ,Phegopteris aurita
野生絶滅（EW）,維管束植物,コバヤシカナワラビ,Arachniodes yasu-inouei var. angustipinnula
野生絶滅（EW）,維管束植物,シビイタチシダ,Dryopteris shibipedis
野生絶滅（EW）,維管束植物,コブシモドキ,Magnolia pseudokobus
野生絶滅（EW）,維管束植物,キバナホウチャクソウ,Disporum uniflorum
野生絶滅（EW）,維管束植物,キノエササラン,Liparis bootanensis var. uchiyamae
野生絶滅（EW）,維管束植物,コシガヤホシクサ,Eriocaulon heleocharioides
野生絶滅（EW）,維管束植物,リュウキュウベンケイ,Kalanchoe spathulata var. spathulata
野生絶滅（EW）,維管束植物,ナルトオウギ,Astragalus sikokianus
野生絶滅（EW）,維管束植物,オリヅルスミレ,Viola stoloniflora
絶滅危惧ⅠＡ類（CR）,維管束植物,コスギトウゲシバ,Huperzia somae
絶滅危惧ⅠＡ類（CR）,維管束植物,イヌヤチスギラン,Lycopodiella caroliniana
絶滅危惧ⅠＡ類（CR）,維管束植物,リュウキュウヒモラン,Lycopodium sieboldii var. christensenianum
絶滅危惧ⅠＡ類（CR）,維管束植物,ボウカズラ,Phlegmariurus carinatus
絶滅危惧ⅠＡ類（CR）,維管束植物,ヒモスギラン,Phlegmariurus fargesii
絶滅危惧ⅠＡ類（CR）,維管束植物,ヒメヨウラクヒバ,Phlegmariurus salvinioides
絶滅危惧ⅠＡ類（CR）,維管束植物,チシマヒメドクサ,Equisetum variegatum
絶滅危惧ⅠＡ類（CR）,維管束植物,ミヤマハナワラビ,Botrychium lanceolatum
絶滅危惧ⅠＡ類（CR）,維管束植物,ミドリハナワラビ,Botrychium triangularifolium
絶滅危惧ⅠＡ類（CR）,維管束植物,ヒノタニリュウビンタイ,Angiopteris fokiensis
絶滅危惧ⅠＡ類（CR）,維管束植物,キクモバホラゴケ,Callistopteris apiifolia
絶滅危惧ⅠＡ類（CR）,維管束植物,サキシマホラゴケ,Cephalomanes atrovirens
絶滅危惧ⅠＡ類（CR）,維管束植物,マルバコケシダ,Didymoglossum bimarginatum
絶滅危惧ⅠＡ類（CR）,維管束植物,ユビコケシノブ,Hymenophyllum digitatum
絶滅危惧ⅠＡ類（CR）,維管束植物,ムクゲコケシノブ,Hymenophyllum pilosissimum
絶滅危惧ⅠＡ類（CR）,維管束植物,シマヤマソテツ,Plagiogyria stenoptera
絶滅危惧ⅠＡ類（CR）,維管束植物,イヌイノモトソウ,Lindsaea ensifolia
絶滅危惧ⅠＡ類（CR）,維管束植物,シノブホングウシダ,Lindsaea kawabatae
絶滅危惧ⅠＡ類（CR）,維管束植物,コビトホラシノブ,Odontosoria minutula
絶滅危惧ⅠＡ類（CR）,維管束植物,ヤエヤマホラシノブ,Odontosoria yaeyamensis
絶滅危惧ⅠＡ類（CR）,維管束植物,シマタキミシダ,Antrophyum formosanum
絶滅危惧ⅠＡ類（CR）,維管束植物,イワウラジロ,Cheilanthes krameri
絶滅危惧ⅠＡ類（CR）,維管束植物,ホソバイワガネソウ,Coniogramme gracilis
絶滅危惧ⅠＡ類（CR）,維管束植物,イトシシラン,Haplopteris mediosora
絶滅危惧ⅠＡ類（CR）,維管束植物,オオバシシラン,Haplopteris yakushimensis
絶滅危惧ⅠＡ類（CR）,維管束植物,アシガタシダ,Pteris grevilleana
絶滅危惧ⅠＡ類（CR）,維管束植物,カワバタハチジョウシダ,Pteris kawabatae
絶滅危惧ⅠＡ類（CR）,維管束植物,ホソバコウシュンシダ,Microlepia obtusiloba var. angustata
絶滅危惧ⅠＡ類（CR）,維管束植物,ホウライウスヒメワラビ,Acystopteris tenuisecta
絶滅危惧ⅠＡ類（CR）,維管束植物,ヤマドリトラノオ,Asplenium castaneoviride
絶滅危惧ⅠＡ類（CR）,維管束植物,ホコガタシダ,Asplenium ensiforme
絶滅危惧ⅠＡ類（CR）,維管束植物,フササジラン,Asplenium griffithianum
絶滅危惧ⅠＡ類（CR）,維管束植物,イエジマチャセンシダ,Asplenium oligophlebium var. iezimaense
絶滅危惧ⅠＡ類（CR）,維管束植物,ヒメタニワタリ,Hymenasplenium cardiophyllum
絶滅危惧ⅠＡ類（CR）,維管束植物,ウスイロホウビシダ,Hymenasplenium subnormale
絶滅危惧ⅠＡ類（CR）,維管束植物,キタダケデンダ,Woodsia subcordata
絶滅危惧ⅠＡ類（CR）,維管束植物,タイワンアリサンイヌワラビ,Athyrium arisanense var. arisanense
絶滅危惧ⅠＡ類（CR）,維管束植物,シビイヌワラビ,Athyrium arisanense var. kenzo-satakei
絶滅危惧ⅠＡ類（CR）,維管束植物,ヤクイヌワラビ,Athyrium masamunei
絶滅危惧ⅠＡ類（CR）,維管束植物,シイバサトメシダ,Athyrium neglectum subsp. australe
絶滅危惧ⅠＡ類（CR）,維管束植物,ナンゴクシケチシダ,Athyrium opacum f. glabrescens
絶滅危惧ⅠＡ類（CR）,維管束植物,サカバイヌワラビ,Athyrium reflexipinnum
絶滅危惧ⅠＡ類（CR）,維管束植物,タカサゴイヌワラビ,Athyrium silvicola
絶滅危惧ⅠＡ類（CR）,維管束植物,トゲヤマイヌワラビ,Athyrium spinescens
絶滅危惧ⅠＡ類（CR）,維管束植物,ヤクシマタニイヌワラビ,Athyrium yakusimense
絶滅危惧ⅠＡ類（CR）,維管束植物,ジャコウシダ,Deparia formosana
絶滅危惧ⅠＡ類（CR）,維管束植物,コウライイヌワラビモドキ,Deparia henryi
絶滅危惧ⅠＡ類（CR）,維管束植物,ヒュウガシケシダ,Deparia minamitanii
絶滅危惧ⅠＡ類（CR）,維管束植物,モッチョムシダ,Diplazium kawabatae
絶滅危惧ⅠＡ類（CR）,維管束植物,アオイガワラビ,Diplazium kawakamii
絶滅危惧ⅠＡ類（CR）,維管束植物,ムシャシダ,Diplazium megaphylum
絶滅危惧ⅠＡ類（CR）,維管束植物,フクレギシダ,Diplazium pinfaense
絶滅危惧ⅠＡ類（CR）,維管束植物,ムニンミドリシダ,Diplazium subtripinnatum
絶滅危惧ⅠＡ類（CR）,維管束植物,タイヨウシダ,Thelypteris erubescens
絶滅危惧ⅠＡ類（CR）,維管束植物,シマヤワラシダ,Thelypteris gracilescens
絶滅危惧ⅠＡ類（CR）,維管束植物,リュウキュウキンモウワラビ,Hypodematium fordii
絶滅危惧ⅠＡ類（CR）,維管束植物,イツキカナワラビ,Arachniodes cantilenae
絶滅危惧ⅠＡ類（CR）,維管束植物,アタシカカナワラビ,Arachniodes exilis f. oohorae
絶滅危惧ⅠＡ類（CR）,維管束植物,ヒュウガカナワラビ,Arachniodes hiugana
絶滅危惧ⅠＡ類（CR）,維管束植物,ヒロハナライシダ,Arachniodes quadripinnata subsp. fimbriata
絶滅危惧ⅠＡ類（CR）,維管束植物,ヒゴカナワラビ,Arachniodes simulans
絶滅危惧ⅠＡ類（CR）,維管束植物,ツルダカナワラビ,Arachniodes yaoshanensis
絶滅危惧ⅠＡ類（CR）,維管束植物,クマヤブソテツ,Cyrtomium anomophyllum
絶滅危惧ⅠＡ類（CR）,維管束植物,クマイワヘゴ,Dryopteris anthracinisquama
絶滅危惧ⅠＡ類（CR）,維管束植物,エビノオオクジャク,Dryopteris dickinsii x D. polylepis
絶滅危惧ⅠＡ類（CR）,維管束植物,ホソバヌカイタチシダ,Dryopteris gymnosora x D. koidzumiana
絶滅危惧ⅠＡ類（CR）,維管束植物,キリシマイワヘゴ,Dryopteris hangchowensis
絶滅危惧ⅠＡ類（CR）,維管束植物,オオミネイワヘゴ,Dryopteris lunanensis
絶滅危惧ⅠＡ類（CR）,維管束植物,アラゲミサキカグマ,Dryopteris subtsushimensis
絶滅危惧ⅠＡ類（CR）,維管束植物,マルバヌカイタチシダモドキ,Dryopteris tsugiwoi
絶滅危惧ⅠＡ類（CR）,維管束植物,ツツイイワヘゴ,Dryopteris tsutsuiana
絶滅危惧ⅠＡ類（CR）,維管束植物,オオヤグルマシダ,Dryopteris wallichiana
絶滅危惧ⅠＡ類（CR）,維管束植物,オキナワアツイタ,Elaphoglossum callifolium
絶滅危惧ⅠＡ類（CR）,維管束植物,キュウシュウイノデ,Polystichum grandifrons
絶滅危惧ⅠＡ類（CR）,維管束植物,タカネシダ,Polystichum lachenense
絶滅危惧ⅠＡ類（CR）,維管束植物,ヤシャイノデ,Polystichum neolobatum
絶滅危惧ⅠＡ類（CR）,維管束植物,アマミデンダ,Polystichum obae
絶滅危惧ⅠＡ類（CR）,維管束植物,サクラジマイノデ,Polystichum piceopaleaceum
絶滅危惧ⅠＡ類（CR）,維管束植物,シムライノデ,Polystichum shimurae
絶滅危惧ⅠＡ類（CR）,維管束植物,ワラビツナギ,Arthropteris palisotii
絶滅危惧ⅠＡ類（CR）,維管束植物,コモチナナバケシダ,Tectaria fauriei
絶滅危惧ⅠＡ類（CR）,維管束植物,ナガバウスバシダ,Tectaria kusukusensis
絶滅危惧ⅠＡ類（CR）,維管束植物,カザリシダ,Aglaomorpha coronans
絶滅危惧ⅠＡ類（CR）,維管束植物,ハカマウラボシ,Drynaria roosii
絶滅危惧ⅠＡ類（CR）,維管束植物,アマミアオネカズラ,Goniophlebium amamianum
絶滅危惧ⅠＡ類（CR）,維管束植物,トヨグチウラボシ,Lepisorus clathratus
絶滅危惧ⅠＡ類（CR）,維管束植物,ウロコノキシノブ,Lepisorus oligolepidus
絶滅危惧ⅠＡ類（CR）,維管束植物,オニマメヅタ,Lepisorus pyriformis
絶滅危惧ⅠＡ類（CR）,維管束植物,オキノクリハラン,Leptochilus decurrens
絶滅危惧ⅠＡ類（CR）,維管束植物,ヒロハヒメウラボシ,Oreogrammitis nipponica
絶滅危惧ⅠＡ類（CR）,維管束植物,ヒトツバマメヅタ,Pyrrosia adnascens
絶滅危惧ⅠＡ類（CR）,維管束植物,タイワンビロードシダ,Pyrrosia linearifolia var. heterolepis
絶滅危惧ⅠＡ類（CR）,維管束植物,キレハオオクボシダ,Tomophyllum sakaguchianum
絶滅危惧ⅠＡ類（CR）,維管束植物,ヒメコウホネ,Nuphar subintegerrima
絶滅危惧ⅠＡ類（CR）,維管束植物,シモツケコウホネ,Nuphar submersa
絶滅危惧ⅠＡ類（CR）,維管束植物,タイヨウフウトウカズラ,Piper postelsianum
絶滅危惧ⅠＡ類（CR）,維管束植物,オナガサイシン,Asarum caudigerum
絶滅危惧ⅠＡ類（CR）,維管束植物,グスクカンアオイ,Asarum gusk
絶滅危惧ⅠＡ類（CR）,維管束植物,シジキカンアオイ,Asarum hexalobum var. controversum
絶滅危惧ⅠＡ類（CR）,維管束植物,ジュロウカンアオイ,Asarum kinoshitae
絶滅危惧ⅠＡ類（CR）,維管束植物,タニムラアオイ,Asarum leucosepalum
絶滅危惧ⅠＡ類（CR）,維管束植物,オナガカンアオイ,Asarum minamitanianum
絶滅危惧ⅠＡ類（CR）,維管束植物,フクエジマカンアオイ,Asarum mitoanum
絶滅危惧ⅠＡ類（CR）,維管束植物,モノドラカンアオイ,Asarum monodoriflorum
絶滅危惧ⅠＡ類（CR）,維管束植物,ナゼカンアオイ,Asarum nazeanum
絶滅危惧ⅠＡ類（CR）,維管束植物,ヒナカンアオイ,Asarum okinawense
絶滅危惧ⅠＡ類（CR）,維管束植物,トリガミネカンアオイ,Asarum pellucidum
絶滅危惧ⅠＡ類（CR）,維管束植物,サツマアオイ,Asarum satsumense
絶滅危惧ⅠＡ類（CR）,維管束植物,センカクカンアオイ,Asarum senkakuinsulare
絶滅危惧ⅠＡ類（CR）,維管束植物,アサトカンアオイ,Asarum tabatanum
絶滅危惧ⅠＡ類（CR）,維管束植物,シモダカンアオイ,Heterotropa muramatsui var. shimodana
絶滅危惧ⅠＡ類（CR）,維管束植物,クロボウモドキ,Monoon liukiuense
絶滅危惧ⅠＡ類（CR）,維管束植物,テングノハナ,Illigera luzonensis
絶滅危惧ⅠＡ類（CR）,維管束植物,オドリコテンナンショウ,Arisaema aprile
絶滅危惧ⅠＡ類（CR）,維管束植物,ホロテンナンショウ,Arisaema cucullatum
絶滅危惧ⅠＡ類（CR）,維管束植物,オオアマミテンナンショウ,Arisaema heterocephalum subsp. majus
絶滅危惧ⅠＡ類（CR）,維管束植物,オキナワテンナンショウ,Arisaema heterocephalum subsp. okinawense
絶滅危惧ⅠＡ類（CR）,維管束植物,イナヒロハテンナンショウ,Arisaema inaense
絶滅危惧ⅠＡ類（CR）,維管束植物,イシヅチテンナンショウ,Arisaema ishizuchiense
絶滅危惧ⅠＡ類（CR）,維管束植物,トクノシマテンナンショウ,Arisaema kawashimae
絶滅危惧ⅠＡ類（CR）,維管束植物,アマギテンナンショウ,Arisaema kuratae
絶滅危惧ⅠＡ類（CR）,維管束植物,シコクヒロハテンナンショウ,Arisaema longipedunculatum var. longipedunculatum
絶滅危惧ⅠＡ類（CR）,維管束植物,ヒュウガヒロハテンナンショウ,Arisaema minamitanii
絶滅危惧ⅠＡ類（CR）,維管束植物,ナギヒロハテンナンショウ,Arisaema nagiense
絶滅危惧ⅠＡ類（CR）,維管束植物,ツクシテンナンショウ,Arisaema ogatae
絶滅危惧ⅠＡ類（CR）,維管束植物,セッピコテンナンショウ,Arisaema seppikoense
絶滅危惧ⅠＡ類（CR）,維管束植物,ユズノハカズラ,Pothos chinensis
絶滅危惧ⅠＡ類（CR）,維管束植物,サキシマハブカズラ,Rhaphidophora korthalsii
絶滅危惧ⅠＡ類（CR）,維管束植物,ヒメハブカズラ,Rhaphidophora liukiuensis
絶滅危惧ⅠＡ類（CR）,維管束植物,ナガエチャボゼキショウ,Tofieldia coccinea var. kiusiana
絶滅危惧ⅠＡ類（CR）,維管束植物,ヒュウガハナゼキショウ,Tofieldia yoshiiana var. hyugaensis
絶滅危惧ⅠＡ類（CR）,維管束植物,アズミノヘラオモダカ,Alisma canaliculatum var. azuminoense
絶滅危惧ⅠＡ類（CR）,維管束植物,ホソバヘラオモダカ,Alisma canaliculatum var. harimense
絶滅危惧ⅠＡ類（CR）,維管束植物,カラフトグワイ,Sagittaria natans
絶滅危惧ⅠＡ類（CR）,維管束植物,セトヤナギスブタ,Blyxa alternifolia
絶滅危惧ⅠＡ類（CR）,維管束植物,ヒメイバラモ,Najas tenuicaulis
絶滅危惧ⅠＡ類（CR）,維管束植物,ガシャモク,Potamogeton lucens subsp. sinicus var. teganumensis
絶滅危惧ⅠＡ類（CR）,維管束植物,イヌイトモ,Potamogeton obtusifolius
絶滅危惧ⅠＡ類（CR）,維管束植物,ナガバエビモ,Potamogeton praelongus
絶滅危惧ⅠＡ類（CR）,維管束植物,ネジリカワツルモ,Ruppia megacarpa
絶滅危惧ⅠＡ類（CR）,維管束植物,ヤハズカワツルモ,Ruppia x truncatifolia
絶滅危惧ⅠＡ類（CR）,維管束植物,ヒナノボンボリ,Saionia hyodoi
絶滅危惧ⅠＡ類（CR）,維管束植物,ホシザキシャクジョウ,Saionia shinzatoi
絶滅危惧ⅠＡ類（CR）,維管束植物,ヤクノヒナホシ,Saionia yamashitae
絶滅危惧ⅠＡ類（CR）,維管束植物,タヌキノショクダイ,Thismia abei
絶滅危惧ⅠＡ類（CR）,維管束植物,コウベタヌキノショクダイ,Thismia kobensis
絶滅危惧ⅠＡ類（CR）,維管束植物,ルゾンヤマノイモ,Dioscorea luzonensis
絶滅危惧ⅠＡ類（CR）,維管束植物,ユワンオニドコロ,Dioscorea tabatae
絶滅危惧ⅠＡ類（CR）,維管束植物,アマミタチドコロ,Dioscorea zentaroana
絶滅危惧ⅠＡ類（CR）,維管束植物,コウヅシマソウ,Sciaphila kozushimensis
絶滅危惧ⅠＡ類（CR）,維管束植物,イシガキソウ,Sciaphila multiflora
絶滅危惧ⅠＡ類（CR）,維管束植物,オモトソウ,Sciaphila sugimotoi
絶滅危惧ⅠＡ類（CR）,維管束植物,タカクマソウ,Sciaphila tenella
絶滅危惧ⅠＡ類（CR）,維管束植物,ヤクシマソウ,Sciaphila yakushimensis
絶滅危惧ⅠＡ類（CR）,維管束植物,ホソミアダン,Pandanus daitoensis
絶滅危惧ⅠＡ類（CR）,維管束植物,クロカミシライトソウ,Chionographis koidzumiana var. kurokamiana
絶滅危惧ⅠＡ類（CR）,維管束植物,ウケユリ,Lilium alexandrae
絶滅危惧ⅠＡ類（CR）,維管束植物,キバナスゲユリ,Lilium callosum var. flaviflorum
絶滅危惧ⅠＡ類（CR）,維管束植物,タモトユリ,Lilium nobilissimum
絶滅危惧ⅠＡ類（CR）,維管束植物,サツマホトトギス,Tricyrtis hirta var. masamunei
絶滅危惧ⅠＡ類（CR）,維管束植物,エンレイショウキラン,Acanthephippium pictum
絶滅危惧ⅠＡ類（CR）,維管束植物,タイワンショウキラン,Acanthephippium sylhetense
絶滅危惧ⅠＡ類（CR）,維管束植物,キバナシュスラン,Anoectochilus formosanus
絶滅危惧ⅠＡ類（CR）,維管束植物,コウシュンシュスラン,Anoectochilus koshunensis
絶滅危惧ⅠＡ類（CR）,維管束植物,クスクスラン,Bulbophyllum affine
絶滅危惧ⅠＡ類（CR）,維管束植物,シコウラン,Bulbophyllum macraei var. macraei
絶滅危惧ⅠＡ類（CR）,維管束植物,タネガシマシコウラン,Bulbophyllum macraei var. tanegashimense
絶滅危惧ⅠＡ類（CR）,維管束植物,キソエビネ,Calanthe alpina
絶滅危惧ⅠＡ類（CR）,維管束植物,アマミエビネ,Calanthe amamiana
絶滅危惧ⅠＡ類（CR）,維管束植物,タガネラン,Calanthe davidii var. bungoana
絶滅危惧ⅠＡ類（CR）,維管束植物,タマザキエビネ,Calanthe densiflora
絶滅危惧ⅠＡ類（CR）,維管束植物,ホシツルラン,Calanthe hoshii
絶滅危惧ⅠＡ類（CR）,維管束植物,サクラジマエビネ,Calanthe mannii
絶滅危惧ⅠＡ類（CR）,維管束植物,アリサンムヨウラン,Cheirostylis takeoi
絶滅危惧ⅠＡ類（CR）,維管束植物,モイワラン,Cremastra aphylla
絶滅危惧ⅠＡ類（CR）,維管束植物,シマホザキラン,Crepidium boninense
絶滅危惧ⅠＡ類（CR）,維管束植物,オキナワヒメラン,Crepidium purpureum
絶滅危惧ⅠＡ類（CR）,維管束植物,オオスズムシラン,Cryptostylis arachnites
絶滅危惧ⅠＡ類（CR）,維管束植物,タカオオオスズムシラン,Cryptostylis taiwaniana
絶滅危惧ⅠＡ類（CR）,維管束植物,ヘツカラン,Cymbidium dayanum
絶滅危惧ⅠＡ類（CR）,維管束植物,スルガラン,Cymbidium ensifolium
絶滅危惧ⅠＡ類（CR）,維管束植物,カンラン,Cymbidium kanran
絶滅危惧ⅠＡ類（CR）,維管束植物,コラン,Cymbidium koran
絶滅危惧ⅠＡ類（CR）,維管束植物,アキザキナギラン,Cymbidium lancifolium
絶滅危惧ⅠＡ類（CR）,維管束植物,ホウサイラン,Cymbidium sinense
絶滅危惧ⅠＡ類（CR）,維管束植物,オオナギラン,Cymbidium syunitianum
絶滅危惧ⅠＡ類（CR）,維管束植物,チョウセンキバナアツモリソウ,Cypripedium guttatum
絶滅危惧ⅠＡ類（CR）,維管束植物,ホテイアツモリ,Cypripedium macranthos var. macranthos
絶滅危惧ⅠＡ類（CR）,維管束植物,ドウトウアツモリソウ,Cypripedium shanxiense
絶滅危惧ⅠＡ類（CR）,維管束植物,ホザキヒメラン,Dienia ophrydis
絶滅危惧ⅠＡ類（CR）,維管束植物,サガリラン,Diploprora championii
絶滅危惧ⅠＡ類（CR）,維管束植物,ジョウロウラン,Disperis neilgherrensis
絶滅危惧ⅠＡ類（CR）,維管束植物,オオオサラン,Eria scabrilinguis
絶滅危惧ⅠＡ類（CR）,維管束植物,ホソフデラン,Erythrodes blumei
絶滅危惧ⅠＡ類（CR）,維管束植物,タカツルラン,Erythrorchis altissima
絶滅危惧ⅠＡ類（CR）,維管束植物,タカサゴヤガラ,Eulophia dentata
絶滅危惧ⅠＡ類（CR）,維管束植物,クロシマヤツシロラン,Gastrodia kuroshimensis
絶滅危惧ⅠＡ類（CR）,維管束植物,ツツザキヤツシロラン,Gastrodia okinawensis
絶滅危惧ⅠＡ類（CR）,維管束植物,ナンゴクヤツシロラン,Gastrodia shimizuana
絶滅危惧ⅠＡ類（CR）,維管束植物,ヤブミョウガラン,Goodyera fumata
絶滅危惧ⅠＡ類（CR）,維管束植物,ヒメクリソラン,Hancockia uniflora
絶滅危惧ⅠＡ類（CR）,維管束植物,アワチドリ,Hemipilia graminifolia var. suzukiana
絶滅危惧ⅠＡ類（CR）,維管束植物,クシロチドリ,Herminium monorchis
絶滅危惧ⅠＡ類（CR）,維管束植物,ミスズラン,Herminium pusillum
絶滅危惧ⅠＡ類（CR）,維管束植物,オオカゲロウラン,Hetaeria oblongifolia
絶滅危惧ⅠＡ類（CR）,維管束植物,アマミムヨウラン,Lecanorchis moritae
絶滅危惧ⅠＡ類（CR）,維管束植物,ヤクムヨウラン,Lecanorchis nigricans var. yakusimensis
絶滅危惧ⅠＡ類（CR）,維管束植物,アワムヨウラン,Lecanorchis purpurea
絶滅危惧ⅠＡ類（CR）,維管束植物,タブガワムヨウラン,Lecanorchis tabugawaensis
絶滅危惧ⅠＡ類（CR）,維管束植物,ミドリムヨウラン,Lecanorchis virella
絶滅危惧ⅠＡ類（CR）,維管束植物,コゴメキノエラン,Liparis elliptica
絶滅危惧ⅠＡ類（CR）,維管束植物,シマクモキリソウ,Liparis hostifolia
絶滅危惧ⅠＡ類（CR）,維管束植物,ヒメスズムシソウ,Liparis krameri var. nikkoensis
絶滅危惧ⅠＡ類（CR）,維管束植物,キバナコクラン,Liparis sootenzanensis
絶滅危惧ⅠＡ類（CR）,維管束植物,クモイジガバチ,Liparis truncata
絶滅危惧ⅠＡ類（CR）,維管束植物,ナンバンカモメラン,Macodes petola
絶滅危惧ⅠＡ類（CR）,維管束植物,カイサカネラン,Neottia furusei
絶滅危惧ⅠＡ類（CR）,維管束植物,エゾサカネラン,Neottia nidus-avis
絶滅危惧ⅠＡ類（CR）,維管束植物,オオハクウンラン,Odontochilus fissus
絶滅危惧ⅠＡ類（CR）,維管束植物,ヒメシラヒゲラン,Odontochilus nanlingensis
絶滅危惧ⅠＡ類（CR）,維管束植物,オオギミラン,Odontochilus tashiroi
絶滅危惧ⅠＡ類（CR）,維管束植物,ツクシアリドオシラン,Odontochilus tsukusianus
絶滅危惧ⅠＡ類（CR）,維管束植物,コケイランモドキ,Oreorchis coreana
絶滅危惧ⅠＡ類（CR）,維管束植物,コハクラン,Oreorchis indica
絶滅危惧ⅠＡ類（CR）,維管束植物,ヒゲナガトンボ,Peristylus calcaratus
絶滅危惧ⅠＡ類（CR）,維管束植物,タコガタサギソウ,Peristylus lacertifer var. triangularis
絶滅危惧ⅠＡ類（CR）,維管束植物,ヒメカクラン,Phaius mishmensis
絶滅危惧ⅠＡ類（CR）,維管束植物,ヤクシマチドリ,Platanthera amabilis
絶滅危惧ⅠＡ類（CR）,維管束植物,ツクシチドリ,Platanthera brevicalcarata subsp. yakumontana
絶滅危惧ⅠＡ類（CR）,維管束植物,オオバナオオヤマサギソウ,Platanthera hondoensis
絶滅危惧ⅠＡ類（CR）,維管束植物,アマミトンボ,Platanthera mandarinorum subsp. hachijoensis var. amamiana
絶滅危惧ⅠＡ類（CR）,維管束植物,ヤクシマトンボ,Platanthera mandarinorum subsp. hachijoensis var. masamunei
絶滅危惧ⅠＡ類（CR）,維管束植物,ハチジョウツレサギ,Platanthera okuboi
絶滅危惧ⅠＡ類（CR）,維管束植物,クニガミトンボソウ,Platanthera sonoharae
絶滅危惧ⅠＡ類（CR）,維管束植物,ソハヤキトンボソウ,Platanthera stenoglossa subsp. hottae
絶滅危惧ⅠＡ類（CR）,維管束植物,クロカミラン,Ponerorchis graminifolia var. kurokamiana
絶滅危惧ⅠＡ類（CR）,維管束植物,サツマチドリ,Ponerorchis graminifolia var. nigropunctata
絶滅危惧ⅠＡ類（CR）,維管束植物,イリオモテラン,Staurochilus luchuensis
絶滅危惧ⅠＡ類（CR）,維管束植物,イリオモテカヤラン,Thrixspermum annamense
絶滅危惧ⅠＡ類（CR）,維管束植物,ハガクレナガミラン,Thrixspermum fantasticum
絶滅危惧ⅠＡ類（CR）,維管束植物,アマミカヤラン,Thrixspermum pygmaeum
絶滅危惧ⅠＡ類（CR）,維管束植物,オオキヌラン,Zeuxine nervosa
絶滅危惧ⅠＡ類（CR）,維管束植物,ムジナノカミソリ,Lycoris sanguinea var. koreana
絶滅危惧ⅠＡ類（CR）,維管束植物,セトガワギボウシ,Hosta takiminazukiflora subsp. grandis
絶滅危惧ⅠＡ類（CR）,維管束植物,サツマオモト,Rohdea japonica var. latifolia
絶滅危惧ⅠＡ類（CR）,維管束植物,ニッパヤシ,Nypa fruticans
絶滅危惧ⅠＡ類（CR）,維管束植物,チシマミクリ,Sparganium hyperboreum
絶滅危惧ⅠＡ類（CR）,維管束植物,アマノホシクサ,Eriocaulon amanoanum
絶滅危惧ⅠＡ類（CR）,維管束植物,ヒュウガホシクサ,Eriocaulon echinulatum
絶滅危惧ⅠＡ類（CR）,維管束植物,エゾイヌノヒゲ,Eriocaulon perplexum
絶滅危惧ⅠＡ類（CR）,維管束植物,スイシャホシクサ,Eriocaulon truncatum
絶滅危惧ⅠＡ類（CR）,維管束植物,エゾイトイ,Juncus potaninii
絶滅危惧ⅠＡ類（CR）,維管束植物,ミヤマゼキショウ,Juncus yakeisidakensis
絶滅危惧ⅠＡ類（CR）,維管束植物,トダスゲ,Carex aequialta
絶滅危惧ⅠＡ類（CR）,維管束植物,ザラツキシラスゲ,Carex albidibasis
絶滅危惧ⅠＡ類（CR）,維管束植物,ホソスゲ,Carex disperma
絶滅危惧ⅠＡ類（CR）,維管束植物,トナカイスゲ,Carex globularis
絶滅危惧ⅠＡ類（CR）,維管束植物,ホウザンスゲ,Carex hoozanensis
絶滅危惧ⅠＡ類（CR）,維管束植物,ヤリスゲ,Carex kabanovii
絶滅危惧ⅠＡ類（CR）,維管束植物,センジョウスゲ,Carex lehmannii
絶滅危惧ⅠＡ類（CR）,維管束植物,チャボカワズスゲ,Carex omiana var. yakushimana
絶滅危惧ⅠＡ類（CR）,維管束植物,トックリスゲ,Carex rhynchachaenium
絶滅危惧ⅠＡ類（CR）,維管束植物,コヌマスゲ,Carex rotundata
絶滅危惧ⅠＡ類（CR）,維管束植物,ダイセンアシボソスゲ,Carex scita var. parvisquama
絶滅危惧ⅠＡ類（CR）,維管束植物,ムニンヒョウタンスゲ,Carex yasuii
絶滅危惧ⅠＡ類（CR）,維管束植物,オオホウキガヤツリ,Cyperus digitatus
絶滅危惧ⅠＡ類（CR）,維管束植物,ニイガタガヤツリ,Cyperus niigatensis
絶滅危惧ⅠＡ類（CR）,維管束植物,ヒメホウキガヤツリ,Cyperus nutans var. subprolixus
絶滅危惧ⅠＡ類（CR）,維管束植物,コウシュンスゲ,Cyperus pedunculatus
絶滅危惧ⅠＡ類（CR）,維管束植物,クロミノハリイ,Eleocharis atropurpurea
絶滅危惧ⅠＡ類（CR）,維管束植物,カヤツリマツバイ,Eleocharis retroflexa subsp. chaetaria
絶滅危惧ⅠＡ類（CR）,維管束植物,カドハリイ,Eleocharis tetraquetra var. tsurumachii
絶滅危惧ⅠＡ類（CR）,維管束植物,エゾワタスゲ,Eriophorum scheuchzeri var. tenuifolium
絶滅危惧ⅠＡ類（CR）,維管束植物,トモエバテンツキ,Fimbristylis fimbristyloides
絶滅危惧ⅠＡ類（CR）,維管束植物,イッスンテンツキ,Fimbristylis kadzusana
絶滅危惧ⅠＡ類（CR）,維管束植物,ウナヅキテンツキ,Fimbristylis nutans
絶滅危惧ⅠＡ類（CR）,維管束植物,ビャッコイ,Isolepis crassiuscula
絶滅危惧ⅠＡ類（CR）,維管束植物,ミクリガヤ,Rhynchospora malasica
絶滅危惧ⅠＡ類（CR）,維管束植物,ホソバシンジュガヤ,Scleria biflora
絶滅危惧ⅠＡ類（CR）,維管束植物,キリシマノガリヤス,Calamagrostis autumnalis subsp. autumnalis
絶滅危惧ⅠＡ類（CR）,維管束植物,ビロードメヒシバ,Digitaria mollicoma
絶滅危惧ⅠＡ類（CR）,維管束植物,タイシャクカモジ,Elymus pendulinus var. pendulinus
絶滅危惧ⅠＡ類（CR）,維管束植物,エゾムギ,Elymus sibiricus
絶滅危惧ⅠＡ類（CR）,維管束植物,タカネエゾムギ,Elymus yubaridakensis
絶滅危惧ⅠＡ類（CR）,維管束植物,ケナシハイチゴザサ,Isachne lutchuensis
絶滅危惧ⅠＡ類（CR）,維管束植物,ヒメハイチゴザサ,Isachne myosotis
絶滅危惧ⅠＡ類（CR）,維管束植物,ヒメカモノハシ,Ischaemum indicum
絶滅危惧ⅠＡ類（CR）,維管束植物,ヒメウシノシッペイ,Mnesithea laevis var. cochinchinensis
絶滅危惧ⅠＡ類（CR）,維管束植物,オオヌカキビ,Panicum paludosum
絶滅危惧ⅠＡ類（CR）,維管束植物,イネガヤ,Piptatherum kuoi
絶滅危惧ⅠＡ類（CR）,維管束植物,キタダケイチゴツナギ,Poa glauca var. kitadakensis
絶滅危惧ⅠＡ類（CR）,維管束植物,ハラヌメリ,Sacciolepis myosuroides
絶滅危惧ⅠＡ類（CR）,維管束植物,コモロコシガヤ,Sorghum nitidum var. nitidum
絶滅危惧ⅠＡ類（CR）,維管束植物,ヒメネズミノオ,Sporobolus hancei
絶滅危惧ⅠＡ類（CR）,維管束植物,エゾオオケマン,Corydalis gigantea
絶滅危惧ⅠＡ類（CR）,維管束植物,ホウザンツヅラフジ,Cocculus orbiculatus
絶滅危惧ⅠＡ類（CR）,維管束植物,ホウライツヅラフジ,Pericampylus formosanus
絶滅危惧ⅠＡ類（CR）,維管束植物,イイデトリカブト,Aconitum iidemontanum
絶滅危惧ⅠＡ類（CR）,維管束植物,コウライブシ,Aconitum jaluense subsp. jaluense
絶滅危惧ⅠＡ類（CR）,維管束植物,イヤリトリカブト,Aconitum japonicum subsp. maritimum var. iyariense
絶滅危惧ⅠＡ類（CR）,維管束植物,キタダケトリカブト,Aconitum kitadakense
絶滅危惧ⅠＡ類（CR）,維管束植物,オンタケブシ,Aconitum metajaponicum
絶滅危惧ⅠＡ類（CR）,維管束植物,オオサワトリカブト,Aconitum senanense subsp. senanense var. isidzukae
絶滅危惧ⅠＡ類（CR）,維管束植物,キリギシソウ,Callianthemum kirigishiense
絶滅危惧ⅠＡ類（CR）,維管束植物,ヒダカソウ,Callianthemum miyabeanum
絶滅危惧ⅠＡ類（CR）,維管束植物,コウヤハンショウヅル,Clematis obvallata var. obvallata
絶滅危惧ⅠＡ類（CR）,維管束植物,リュウキュウヒキノカサ,Ranunculus ternatus var. lutchuensis
絶滅危惧ⅠＡ類（CR）,維管束植物,ウリュウキンポウゲ,Ranunculus uryuensis
絶滅危惧ⅠＡ類（CR）,維管束植物,ヤツガタケキンポウゲ,Ranunculus yatsugatakensis
絶滅危惧ⅠＡ類（CR）,維管束植物,ミョウギカラマツ,Thalictrum minus var. chionophyllum
絶滅危惧ⅠＡ類（CR）,維管束植物,ムラサキカラマツ,Thalictrum uchiyamae
絶滅危惧ⅠＡ類（CR）,維管束植物,ウジカラマツ,Thalictrum ujiinsulare
絶滅危惧ⅠＡ類（CR）,維管束植物,レブンキンバイソウ,Trollius rebunensis
絶滅危惧ⅠＡ類（CR）,維管束植物,タイワンアサマツゲ,Buxus microphylla subsp. sinica
絶滅危惧ⅠＡ類（CR）,維管束植物,ヒゴミズキ,Corylopsis gotoana var. pubescens
絶滅危惧ⅠＡ類（CR）,維管束植物,クロミノハリスグリ,Ribes horridum
絶滅危惧ⅠＡ類（CR）,維管束植物,アマミチャルメルソウ,Asimitellaria amamiana
絶滅危惧ⅠＡ類（CR）,維管束植物,オオチダケサシ,Astilbe chinensis
絶滅危惧ⅠＡ類（CR）,維管束植物,ツシマアカショウマ,Astilbe tsushimensis
絶滅危惧ⅠＡ類（CR）,維管束植物,キヨシソウ,Saxifraga bracteata
絶滅危惧ⅠＡ類（CR）,維管束植物,ユウバリクモマグサ,Saxifraga bronchialis subsp. funstonii var. yuparensis
絶滅危惧ⅠＡ類（CR）,維管束植物,エゾノクモマグサ,Saxifraga nishidae
絶滅危惧ⅠＡ類（CR）,維管束植物,オオチチッパベンケイ,Hylotelephium sordidum var. oishii
絶滅危惧ⅠＡ類（CR）,維管束植物,ナナツガママンネングサ,Sedum drymarioides
絶滅危惧ⅠＡ類（CR）,維管束植物,ハマヤブガラシ,Causonis maritima
絶滅危惧ⅠＡ類（CR）,維管束植物,エゾモメンヅル,Astragalus japonicus
絶滅危惧ⅠＡ類（CR）,維管束植物,ガランピネムチャ,Chamaecrista garambiensis
絶滅危惧ⅠＡ類（CR）,維管束植物,ガクタヌキマメ,Crotalaria calycina
絶滅危惧ⅠＡ類（CR）,維管束植物,ヤエヤマタヌキマメ,Crotalaria montana var. angustifolia
絶滅危惧ⅠＡ類（CR）,維管束植物,エダウチタヌキマメ,Crotalaria uncinella
絶滅危惧ⅠＡ類（CR）,維管束植物,モダマ,Entada tonkinensis
絶滅危惧ⅠＡ類（CR）,維管束植物,タイワンミヤマトベラ,Euchresta formosana
絶滅危惧ⅠＡ類（CR）,維管束植物,ホソバツルマメ,Glycine max subsp. formosana
絶滅危惧ⅠＡ類（CR）,維管束植物,ボウコツルマメ,Glycine tabacina
絶滅危惧ⅠＡ類（CR）,維管束植物,タシロマメ,Intsia bijuga
絶滅危惧ⅠＡ類（CR）,維管束植物,レブンソウ,Oxytropis megalantha
絶滅危惧ⅠＡ類（CR）,維管束植物,ウチワツナギ,Phyllodium pulchellum
絶滅危惧ⅠＡ類（CR）,維管束植物,ヤエヤマシタン,Pterocarpus vidalianus
絶滅危惧ⅠＡ類（CR）,維管束植物,ツクシムレスズメ,Sophora franchetiana
絶滅危惧ⅠＡ類（CR）,維管束植物,タデハギ,Tadehagi triquetrum subsp. triquetrum
絶滅危惧ⅠＡ類（CR）,維管束植物,ホソバフジボグサ,Uraria picta
絶滅危惧ⅠＡ類（CR）,維管束植物,サクヤアカササゲ,Vigna vexillata var. vexillata
絶滅危惧ⅠＡ類（CR）,維管束植物,スナジマメ,Zornia cantoniensis
絶滅危惧ⅠＡ類（CR）,維管束植物,リュウキュウヒメハギ,Polygala longifolia
絶滅危惧ⅠＡ類（CR）,維管束植物,シンチクヒメハギ,Polygala polifolia
絶滅危惧ⅠＡ類（CR）,維管束植物,ツクシカイドウ,Malus hupehensis
絶滅危惧ⅠＡ類（CR）,維管束植物,モロツカウワミズザクラ,Padus nakatakei
絶滅危惧ⅠＡ類（CR）,維管束植物,オオカナメモチ,Photinia serratifolia
絶滅危惧ⅠＡ類（CR）,維管束植物,コバノアマミフユイチゴ,Rubus amamianus var. minor
絶滅危惧ⅠＡ類（CR）,維管束植物,チシマイチゴ,Rubus arcticus
絶滅危惧ⅠＡ類（CR）,維管束植物,チチジマイチゴ,Rubus nakaii
絶滅危惧ⅠＡ類（CR）,維管束植物,タンゴグミ,Elaeagnus arakiana
絶滅危惧ⅠＡ類（CR）,維管束植物,ヒメクロウメモドキ,Rhamnus kanagusukii
絶滅危惧ⅠＡ類（CR）,維管束植物,サキシマエノキ,Celtis biondii var. insularis
絶滅危惧ⅠＡ類（CR）,維管束植物,オオヤマイチジク,Ficus iidaiana
絶滅危惧ⅠＡ類（CR）,維管束植物,オガサワラグワ,Morus boninensis
絶滅危惧ⅠＡ類（CR）,維管束植物,アマミサンショウソウ,Elatostema oshimense
絶滅危惧ⅠＡ類（CR）,維管束植物,ヒメトキホコリ,Elatostema yakushimense
絶滅危惧ⅠＡ類（CR）,維管束植物,ヨナクニトキホコリ,Elatostema yonakuniense
絶滅危惧ⅠＡ類（CR）,維管束植物,セキモンウライソウ,Procris boninensis
絶滅危惧ⅠＡ類（CR）,維管束植物,イシガキカラスウリ,Trichosanthes homophylla var. ishigakiensis
絶滅危惧ⅠＡ類（CR）,維管束植物,サツマスズメウリ,Zehneria perpusilla var. deltifrons
絶滅危惧ⅠＡ類（CR）,維管束植物,ナガバヒゼンマユミ,Euonymus oblongifolius
絶滅危惧ⅠＡ類（CR）,維管束植物,アンドンマユミ,Euonymus oligospermus
絶滅危惧ⅠＡ類（CR）,維管束植物,アマミカタバミ,Oxalis exilis
絶滅危惧ⅠＡ類（CR）,維管束植物,セキモンノキ,Claoxylon centinarium
絶滅危惧ⅠＡ類（CR）,維管束植物,リュウキュウタイゲキ,Euphorbia liukiuensis
絶滅危惧ⅠＡ類（CR）,維管束植物,アマミナツトウダイ,Euphorbia sieboldiana var. ohsumiensis
絶滅危惧ⅠＡ類（CR）,維管束植物,ヒュウガタイゲキ,Euphorbia watanabei subsp. minamitanii
絶滅危惧ⅠＡ類（CR）,維管束植物,アカハダコバンノキ,Margaritaria indica
絶滅危惧ⅠＡ類（CR）,維管束植物,ドナンコバンノキ,Phyllanthus oligospermus subsp. donanensis
絶滅危惧ⅠＡ類（CR）,維管束植物,ササキカズラ,Ryssopterys timoriensis
絶滅危惧ⅠＡ類（CR）,維管束植物,エゾマメヤナギ,Salix nummularia
絶滅危惧ⅠＡ類（CR）,維管束植物,アマミスミレ,Viola amamiana
絶滅危惧ⅠＡ類（CR）,維管束植物,シロコスミレ,Viola lactiflora
絶滅危惧ⅠＡ類（CR）,維管束植物,シマジリスミレ,Viola okinawensis
絶滅危惧ⅠＡ類（CR）,維管束植物,イシガキスミレ,Viola tashiroi var. tairae
絶滅危惧ⅠＡ類（CR）,維管束植物,マツバニンジン,Linum stelleroides
絶滅危惧ⅠＡ類（CR）,維管束植物,タシロカワゴケソウ,Cladopus fukienensis
絶滅危惧ⅠＡ類（CR）,維管束植物,カワゴケソウ,Cladopus japonicus
絶滅危惧ⅠＡ類（CR）,維管束植物,オオヨドカワゴロモ,Hydrobryum koribanum
絶滅危惧ⅠＡ類（CR）,維管束植物,センカクオトギリ,Hypericum senkakuinsulare
絶滅危惧ⅠＡ類（CR）,維管束植物,トサオトギリ,Hypericum tosaense
絶滅危惧ⅠＡ類（CR）,維管束植物,テリハモモタマナ,Terminalia nitens
絶滅危惧ⅠＡ類（CR）,維管束植物,ミズスギナ,Rotala hippuris
絶滅危惧ⅠＡ類（CR）,維管束植物,エダウチアカバナ,Epilobium fastigiatoramosum
絶滅危惧ⅠＡ類（CR）,維管束植物,ムニンフトモモ,Metrosideros boninensis
絶滅危惧ⅠＡ類（CR）,維管束植物,ムニンノボタン,Melastoma tetramerum var. tetramerum
絶滅危惧ⅠＡ類（CR）,維管束植物,ナガバキブシ,Stachyurus macrocarpus var. macrocarpus
絶滅危惧ⅠＡ類（CR）,維管束植物,ハザクラキブシ,Stachyurus macrocarpus var. prunifolius
絶滅危惧ⅠＡ類（CR）,維管束植物,タイワンフシノキ,Rhus javanica var. javanica
絶滅危惧ⅠＡ類（CR）,維管束植物,アマミカジカエデ,Acer amamiense
絶滅危惧ⅠＡ類（CR）,維管束植物,コウライタチバナ,Citrus nippokoreana
絶滅危惧ⅠＡ類（CR）,維管束植物,ホソバハマセンダン,Tetradium taiwanense
絶滅危惧ⅠＡ類（CR）,維管束植物,センカクトロロアオイ,Abelmoschus moschatus var. betulifolius
絶滅危惧ⅠＡ類（CR）,維管束植物,ヒシバウオトリギ,Grewia rhombifolia
絶滅危惧ⅠＡ類（CR）,維管束植物,ブンゴボダイジュ,Tilia chinensis var. intonsa
絶滅危惧ⅠＡ類（CR）,維管束植物,チュウゴクボダイジュ,Tilia chugokuensis
絶滅危惧ⅠＡ類（CR）,維管束植物,マンシュウボダイジュ,Tilia mandshurica var. mandshurica
絶滅危惧ⅠＡ類（CR）,維管束植物,ケナシハテルマカズラ,Triumfetta procumbens var. glaberrima
絶滅危惧ⅠＡ類（CR）,維管束植物,オオシマガンピ,Diplomorpha phymatoglossa
絶滅危惧ⅠＡ類（CR）,維管束植物,ハナナズナ,Berteroella maximowiczii
絶滅危惧ⅠＡ類（CR）,維管束植物,ヘラハタザオ,Catolobus ligulifolius
絶滅危惧ⅠＡ類（CR）,維管束植物,ハナハタザオ,Dontostemon dentatus var. dentatus
絶滅危惧ⅠＡ類（CR）,維管束植物,シリベシナズナ,Draba igarashii
絶滅危惧ⅠＡ類（CR）,維管束植物,ソウウンナズナ,Draba nakaiana
絶滅危惧ⅠＡ類（CR）,維管束植物,センカクハマサジ,Limonium senkakuense
絶滅危惧ⅠＡ類（CR）,維管束植物,タイワンハマサジ,Limonium sinense
絶滅危惧ⅠＡ類（CR）,維管束植物,ナンブトラノオ,Bistorta hayachinensis
絶滅危惧ⅠＡ類（CR）,維管束植物,ダイトウサクラタデ,Persicaria taitoinsularis
絶滅危惧ⅠＡ類（CR）,維管束植物,ムジナモ,Aldrovanda vesiculosa
絶滅危惧ⅠＡ類（CR）,維管束植物,コバノミミナグサ,Cerastium furcatum var. ibukiense
絶滅危惧ⅠＡ類（CR）,維管束植物,エゾタカネツメクサ,Minuartia arctica var. arctica
絶滅危惧ⅠＡ類（CR）,維管束植物,チシマツメクサ,Sagina saginoides
絶滅危惧ⅠＡ類（CR）,維管束植物,アポイマンテマ,Silene repens var. apoiensis
絶滅危惧ⅠＡ類（CR）,維管束植物,トカチビランジ,Silene tokachiensis
絶滅危惧ⅠＡ類（CR）,維管束植物,タカネマンテマ,Silene uralensis
絶滅危惧ⅠＡ類（CR）,維管束植物,カンチヤチハコベ,Stellaria calycantha
絶滅危惧ⅠＡ類（CR）,維管束植物,イトハコベ,Stellaria filicaulis
絶滅危惧ⅠＡ類（CR）,維管束植物,オオイワツメクサ,Stellaria nipponica var. yezoensis
絶滅危惧ⅠＡ類（CR）,維管束植物,ミドリアカザ,Chenopodium bryoniifolium
絶滅危惧ⅠＡ類（CR）,維管束植物,イワアカザ,Chenopodium gracilispicum
絶滅危惧ⅠＡ類（CR）,維管束植物,インドヒモカズラ,Deeringia polysperma
絶滅危惧ⅠＡ類（CR）,維管束植物,ヤエヤマヤマボウシ,Cornus kousa var. chinensis
絶滅危惧ⅠＡ類（CR）,維管束植物,コミノヒメウツギ,Deutzia hatusimae
絶滅危惧ⅠＡ類（CR）,維管束植物,オキナワヒメウツギ,Deutzia naseana var. amanoi
絶滅危惧ⅠＡ類（CR）,維管束植物,トカラタマアジサイ,Hydrangea involucrata var. tokarensis
絶滅危惧ⅠＡ類（CR）,維管束植物,エンシュウツリフネソウ,Impatiens hypophylla var. microhypophylla
絶滅危惧ⅠＡ類（CR）,維管束植物,ハナシノブ,Polemonium caeruleum subsp. kiushianum
絶滅危惧ⅠＡ類（CR）,維管束植物,ゴバンノアシ,Barringtonia asiatica
絶滅危惧ⅠＡ類（CR）,維管束植物,クニガミヒサカキ,Eurya zigzag
絶滅危惧ⅠＡ類（CR）,維管束植物,ヒメミヤマコナスビ,Lysimachia liukiuensis
絶滅危惧ⅠＡ類（CR）,維管束植物,マルバタイミンタチバナ,Myrsine okabeana
絶滅危惧ⅠＡ類（CR）,維管束植物,チチブイワザクラ,Primula reinii var. rhodotricha
絶滅危惧ⅠＡ類（CR）,維管束植物,ウチダシクロキ,Symplocos kawakamii
絶滅危惧ⅠＡ類（CR）,維管束植物,アマミイワウチワ,Shortia rotundifolia f. amamiana
絶滅危惧ⅠＡ類（CR）,維管束植物,イチゲイチヤクソウ,Moneses uniflora
絶滅危惧ⅠＡ類（CR）,維管束植物,キリシマギンリョウソウ,Monotropastrum kirishimense
絶滅危惧ⅠＡ類（CR）,維管束植物,リュウキュウアセビ,Pieris koidzumiana
絶滅危惧ⅠＡ類（CR）,維管束植物,ムニンツツジ,Rhododendron boninense
絶滅危惧ⅠＡ類（CR）,維管束植物,ハヤトミツバツツジ,Rhododendron dilatatum var. satsumense
絶滅危惧ⅠＡ類（CR）,維管束植物,センカクツツジ,Rhododendron eriocarpum var. tawadae
絶滅危惧ⅠＡ類（CR）,維管束植物,ヤドリコケモモ,Vaccinium amamianum
絶滅危惧ⅠＡ類（CR）,維管束植物,ナガボナツハゼ,Vaccinium sieboldii
絶滅危惧ⅠＡ類（CR）,維管束植物,ワダツミノキ,Nothapodytes amamianus
絶滅危惧ⅠＡ類（CR）,維管束植物,ヤエヤマハシカグサ,Exallage auricularia
絶滅危惧ⅠＡ類（CR）,維管束植物,シソノミグサ,Knoxia sumatrensis
絶滅危惧ⅠＡ類（CR）,維管束植物,アマミアワゴケ,Ophiorrhiza yamashitae
絶滅危惧ⅠＡ類（CR）,維管束植物,ヒナリンドウ,Gentiana aquatica
絶滅危惧ⅠＡ類（CR）,維管束植物,リュウキュウホウライカズラ,Gardneria liukiuensis
絶滅危惧ⅠＡ類（CR）,維管束植物,タイワンチトセカズラ,Gardneria shimadai
絶滅危惧ⅠＡ類（CR）,維管束植物,アマミイケマ,Cynanchum boudieri
絶滅危惧ⅠＡ類（CR）,維管束植物,マメヅタカズラ,Dischidia formosana
絶滅危惧ⅠＡ類（CR）,維管束植物,ホソバヤロード,Ochrosia hexandra
絶滅危惧ⅠＡ類（CR）,維管束植物,シマソケイ,Ochrosia iwasakiana
絶滅危惧ⅠＡ類（CR）,維管束植物,エゾノクサタチバナ,Vincetoxicum inamoenum
絶滅危惧ⅠＡ類（CR）,維管束植物,ヨナグニカモメヅル,Vincetoxicum yonakuniense
絶滅危惧ⅠＡ類（CR）,維管束植物,トゲミノイヌチシャ,Cordia aspera subsp. kanehirae
絶滅危惧ⅠＡ類（CR）,維管束植物,タイワンルリソウ,Cynoglossum lanceolatum var. formosanum
絶滅危惧ⅠＡ類（CR）,維管束植物,リュウキュウチシャノキ,Ehretia philippinensis
絶滅危惧ⅠＡ類（CR）,維管束植物,エゾルリムラサキ,Eritrichium nipponicum var. albiflorum f. yesoense
絶滅危惧ⅠＡ類（CR）,維管束植物,イワムラサキ,Hackelia deflexa
絶滅危惧ⅠＡ類（CR）,維管束植物,エゾルリソウ,Mertensia pterocarpa var. yezoensis
絶滅危惧ⅠＡ類（CR）,維管束植物,ナガバアサガオ,Aniseia martinicensis
絶滅危惧ⅠＡ類（CR）,維管束植物,クシロネナシカズラ,Cuscuta europaea
絶滅危惧ⅠＡ類（CR）,維管束植物,イラブナスビ,Solanum miyakojimense
絶滅危惧ⅠＡ類（CR）,維管束植物,トゲイボタ,Ligustrum tamakii
絶滅危惧ⅠＡ類（CR）,維管束植物,ナガミカズラ,Aeschynanthus acuminatus
絶滅危惧ⅠＡ類（CR）,維管束植物,タイワンシシンラン,Lysionotus apicidens
絶滅危惧ⅠＡ類（CR）,維管束植物,リュウキュウスズカケ,Veronicastrum liukiuense
絶滅危惧ⅠＡ類（CR）,維管束植物,スズカケソウ,Veronicastrum villosulum
絶滅危惧ⅠＡ類（CR）,維管束植物,ツルウリクサ,Torenia concolor
絶滅危惧ⅠＡ類（CR）,維管束植物,シマカコソウ,Ajuga boninsimae
絶滅危惧ⅠＡ類（CR）,維管束植物,ルリハッカ,Amethystea caerulea
絶滅危惧ⅠＡ類（CR）,維管束植物,ホウライムラサキ,Callicarpa formosana
絶滅危惧ⅠＡ類（CR）,維管束植物,シマムラサキ,Callicarpa glabra
絶滅危惧ⅠＡ類（CR）,維管束植物,ホソバムラサキ,Callicarpa pilosissima
絶滅危惧ⅠＡ類（CR）,維管束植物,ケサヤバナ,Coleus formosanus
絶滅危惧ⅠＡ類（CR）,維管束植物,ヒメタツナミソウ,Scutellaria kikai-insularis
絶滅危惧ⅠＡ類（CR）,維管束植物,イヌニガクサ,Teucrium veronicoides var. brachytrichum
絶滅危惧ⅠＡ類（CR）,維管束植物,ヤエヤマハマゴウ,Vitex bicolor
絶滅危惧ⅠＡ類（CR）,維管束植物,オオニンジンボク,Vitex quinata
絶滅危惧ⅠＡ類（CR）,維管束植物,イナコゴメグサ,Euphrasia multifolia var. inaensis
絶滅危惧ⅠＡ類（CR）,維管束植物,エゾノダッタンコゴメグサ,Euphrasia pectinata var. obtusiserrata
絶滅危惧ⅠＡ類（CR）,維管束植物,ベニシオガマ,Pedicularis koidzumiana
絶滅危惧ⅠＡ類（CR）,維管束植物,ホザキシオガマ,Pedicularis spicata
絶滅危惧ⅠＡ類（CR）,維管束植物,センリゴマ,Rehmannia japonica
絶滅危惧ⅠＡ類（CR）,維管束植物,ヒメミミカキグサ,Utricularia minutissima
絶滅危惧ⅠＡ類（CR）,維管束植物,ミヤコジマソウ,Hemigraphis reptans
絶滅危惧ⅠＡ類（CR）,維管束植物,アマミヒイラギモチ,Ilex dimorphophylla
絶滅危惧ⅠＡ類（CR）,維管束植物,ヒロハタマミズキ,Ilex macrocarpa
絶滅危惧ⅠＡ類（CR）,維管束植物,ツクシイワシャジン,Adenophora hatsushimae
絶滅危惧ⅠＡ類（CR）,維管束植物,ユウバリシャジン,Adenophora pereskiifolia var. yamadae
絶滅危惧ⅠＡ類（CR）,維管束植物,タチミゾカクシ,Lobelia dopatrioides var. cantonensis
絶滅危惧ⅠＡ類（CR）,維管束植物,マルバハタケムシロ,Lobelia loochooensis
絶滅危惧ⅠＡ類（CR）,維管束植物,ヤクシマウスユキソウ,Anaphalis sinica var. yakusimensis
絶滅危惧ⅠＡ類（CR）,維管束植物,エゾノチチコグサ,Antennaria dioica
絶滅危惧ⅠＡ類（CR）,維管束植物,オオイソノギク,Aster ujiinsularis
絶滅危惧ⅠＡ類（CR）,維管束植物,ヤクシマノギク,Aster yakushimensis
絶滅危惧ⅠＡ類（CR）,維管束植物,シライワアザミ,Cirsium akimotoi
絶滅危惧ⅠＡ類（CR）,維管束植物,アポイアザミ,Cirsium apoense
絶滅危惧ⅠＡ類（CR）,維管束植物,タカサゴアザミ,Cirsium japonicum var. australe
絶滅危惧ⅠＡ類（CR）,維管束植物,ウゼンヒメアザミ,Cirsium katoanum
絶滅危惧ⅠＡ類（CR）,維管束植物,ヘイケモリアザミ,Cirsium lucens var. bracteosum
絶滅危惧ⅠＡ類（CR）,維管束植物,イナベアザミ,Cirsium magofukui
絶滅危惧ⅠＡ類（CR）,維管束植物,ヒュウガアザミ,Cirsium masami-saitoanum
絶滅危惧ⅠＡ類（CR）,維管束植物,ニッポウアザミ,Cirsium nippoense
絶滅危惧ⅠＡ類（CR）,維管束植物,アレチアザミ,Cirsium segetum
絶滅危惧ⅠＡ類（CR）,維管束植物,コヘラナレン,Crepidiastrum grandicollum
絶滅危惧ⅠＡ類（CR）,維管束植物,フタマタタンポポ,Crepis hokkaidoensis
絶滅危惧ⅠＡ類（CR）,維管束植物,ミヤマノギク,Erigeron miyabeanus
絶滅危惧ⅠＡ類（CR）,維管束植物,キクバイズハハコ,Eschenbachia aegyptiaca
絶滅危惧ⅠＡ類（CR）,維管束植物,コケセンボンギク,Lagenophora lanata
絶滅危惧ⅠＡ類（CR）,維管束植物,ニッコウコウモリ,Parasenecio hastatus subsp. orientalis var. nantaicus
絶滅危惧ⅠＡ類（CR）,維管束植物,シマコウヤボウキ,Pertya yakushimensis
絶滅危惧ⅠＡ類（CR）,維管束植物,シマトウヒレン,Saussurea insularis
絶滅危惧ⅠＡ類（CR）,維管束植物,ミクラジマトウヒレン,Saussurea mikurasimensis
絶滅危惧ⅠＡ類（CR）,維管束植物,ヤクシマヒゴタイ,Saussurea nipponica subsp. savatieri var. yakusimensis
絶滅危惧ⅠＡ類（CR）,維管束植物,フタナミソウ,Scorzonera rebunensis
絶滅危惧ⅠＡ類（CR）,維管束植物,ヤンバルアオヤギバナ,Solidago yambaruensis
絶滅危惧ⅠＡ類（CR）,維管束植物,タイワンツクバネウツギ,Abelia chinensis var. ionandra
絶滅危惧ⅠＡ類（CR）,維管束植物,オニツクバネウツギ,Diabelia serrata f. tomentosa
絶滅危惧ⅠＡ類（CR）,維管束植物,ツシマヒョウタンボク,Lonicera fragrantissima
絶滅危惧ⅠＡ類（CR）,維管束植物,ヒメスイカズラ,Lonicera japonica var. miyagusukiana
絶滅危惧ⅠＡ類（CR）,維管束植物,ウゼンベニバナヒョウタンボク,Lonicera uzenensis
絶滅危惧ⅠＡ類（CR）,維管束植物,シマキンレイカ,Patrinia triloba var. kozushimensis
絶滅危惧ⅠＡ類（CR）,維管束植物,ホザキツキヌキソウ,Triosteum pinnatifidum
絶滅危惧ⅠＡ類（CR）,維管束植物,オオベニウツギ,Weigela florida
絶滅危惧ⅠＡ類（CR）,維管束植物,コバトベラ,Pittosporum parvifolium
絶滅危惧ⅠＡ類（CR）,維管束植物,ミツバウコギ,Eleitherococcus trifoliatus
絶滅危惧ⅠＡ類（CR）,維管束植物,ミヤマノダケ,Angelica cryptotaeniifolia var. cryptotaeniifolia
絶滅危惧ⅠＡ類（CR）,維管束植物,ツクシミヤマノダケ,Angelica cryptotaeniifolia var. kyushiana
絶滅危惧ⅠＡ類（CR）,維管束植物,ツクシトウキ,Angelica pseudoshikokiana
絶滅危惧ⅠＡ類（CR）,維管束植物,シナノノダケ,Angelica sinanomontana
絶滅危惧ⅠＡ類（CR）,維管束植物,フジワラサイコ,Bupleurum quadriradiatum
絶滅危惧ⅠＡ類（CR）,維管束植物,ホソバハナウド,Heracleum lanatum subsp. akasimontanum
絶滅危惧ⅠＡ類（CR）,維管束植物,エゾノハクサンボウフウ,Peucedanum multivittatum var. linearilobum
絶滅危惧ⅠＡ類（CR）,維管束植物,キイウマノミツバ,Sanicula lamelligera var. wakayamensis
絶滅危惧ⅠＡ類（CR）,維管束植物,ツシマノダケ,Tilingia tsusimensis
絶滅危惧ⅠB類（EN）,維管束植物,チシマヒカゲノカズラ,Lycopodium alpinum
絶滅危惧ⅠB類（EN）,維管束植物,ヨウラクヒバ,Phlegmariurus phlegmaria
絶滅危惧ⅠB類（EN）,維管束植物,ヒモラン,Phlegmariurus sieboldii
絶滅危惧ⅠB類（EN）,維管束植物,オオバシナミズニラ,Isoetes coreana
絶滅危惧ⅠB類（EN）,維管束植物,イブリハナワラビ,Botrychium microphyllum
絶滅危惧ⅠB類（EN）,維管束植物,ミヤコジマハナワラビ,Helminthostachys zeylanica
絶滅危惧ⅠB類（EN）,維管束植物,サクラジマハナヤスリ,Ophioglossum kawamurae
絶滅危惧ⅠB類（EN）,維管束植物,コブラン,Ophioglossum pendulum
絶滅危惧ⅠB類（EN）,維管束植物,ムニンホラゴケ,Crepidomanes bonincola
絶滅危惧ⅠB類（EN）,維管束植物,ミカワコケシノブ,Hymenophyllum mikawanum
絶滅危惧ⅠB類（EN）,維管束植物,シノブホラゴケ,Vandenboschia maxima
絶滅危惧ⅠB類（EN）,維管束植物,カンザシワラビ,Schizaea dichotoma
絶滅危惧ⅠB類（EN）,維管束植物,オオアカウキクサ,Azolla japonica
絶滅危惧ⅠB類（EN）,維管束植物,アカウキクサ,Azolla pinnata subsp. asiatica
絶滅危惧ⅠB類（EN）,維管束植物,ナンゴクデンジソウ,Marsilea minuta
絶滅危惧ⅠB類（EN）,維管束植物,メヘゴ,Cyathea ogurae
絶滅危惧ⅠB類（EN）,維管束植物,ウチワホングウシダ,Lindsaea simulans
絶滅危惧ⅠB類（EN）,維管束植物,ミミモチシダ,Acrostichum aureum
絶滅危惧ⅠB類（EN）,維管束植物,ホウライクジャク,Adiantum capillus-junonis
絶滅危惧ⅠB類（EN）,維管束植物,オトメクジャク,Adiantum edgeworthii
絶滅危惧ⅠB類（EN）,維管束植物,タイワンアマクサシダ,Pteris formosana
絶滅危惧ⅠB類（EN）,維管束植物,ヒノタニシダ,Pteris maclurei
絶滅危惧ⅠB類（EN）,維管束植物,トゲハチジョウシダ,Pteris setulosocostulata
絶滅危惧ⅠB類（EN）,維管束植物,ヒカゲアマクサシダ,Pteris tokioi
絶滅危惧ⅠB類（EN）,維管束植物,ヒメイノモトソウ,Pteris yamatensis
絶滅危惧ⅠB類（EN）,維管束植物,ヒメムカゴシダ,Monachosorum x arakii
絶滅危惧ⅠB類（EN）,維管束植物,マキノシダ,Asplenium formosae
絶滅危惧ⅠB類（EN）,維管束植物,ホソバシケチシダ,Athyrium nudum
絶滅危惧ⅠB類（EN）,維管束植物,コモチイヌワラビ,Athyrium strigillosum
絶滅危惧ⅠB類（EN）,維管束植物,ホウライイヌワラビ,Athyrium subrigescens
絶滅危惧ⅠB類（EN）,維管束植物,シマイヌワラビ,Athyrium tozanense
絶滅危惧ⅠB類（EN）,維管束植物,アオグキイヌワラビ,Athyrium viridescentipes
絶滅危惧ⅠB類（EN）,維管束植物,アソシケシダ,Deparia otomasui
絶滅危惧ⅠB類（EN）,維管束植物,イヨクジャク,Diplazium okudairae
絶滅危惧ⅠB類（EN）,維管束植物,タイワンハリガネワラビ,Thelypteris uraiensis
絶滅危惧ⅠB類（EN）,維管束植物,コキンモウイノデ,Ctenitis microlepigera
絶滅危惧ⅠB類（EN）,維管束植物,ホウライヒメワラビ,Dryopteris hendersonii
絶滅危惧ⅠB類（EN）,維管束植物,ムニンベニシダ,Dryopteris insularis
絶滅危惧ⅠB類（EN）,維管束植物,タイトウベニシダ,Dryopteris polita
絶滅危惧ⅠB類（EN）,維管束植物,ムラサキベニシダ,Dryopteris purpurella
絶滅危惧ⅠB類（EN）,維管束植物,ツシマミサキカグマ,Dryopteris tsushimensis
絶滅危惧ⅠB類（EN）,維管束植物,センジョウデンダ,Polystichum atkinsonii
絶滅危惧ⅠB類（EN）,維管束植物,ヒイラギデンダ,Polystichum lonchitis
絶滅危惧ⅠB類（EN）,維管束植物,タイワンアオネカズラ,Goniophlebium formosanum
絶滅危惧ⅠB類（EN）,維管束植物,オオクリハラン,Lepisorus fortunei
絶滅危惧ⅠB類（EN）,維管束植物,クラガリシダ,Lepisorus miyoshianus
絶滅危惧ⅠB類（EN）,維管束植物,タカウラボシ,Microsorum rubidum
絶滅危惧ⅠB類（EN）,維管束植物,ヒメウラボシ,Oreogrammitis dorsipila
絶滅危惧ⅠB類（EN）,維管束植物,オオエゾデンダ,Polypodium vulgare
絶滅危惧ⅠB類（EN）,維管束植物,ヤクシマウラボシ,Selliguea yakuinsularis
絶滅危惧ⅠB類（EN）,維管束植物,ヤツガタケトウヒ,Picea koyamae
絶滅危惧ⅠB類（EN）,維管束植物,ヤクタネゴヨウ,Pinus amamiana
絶滅危惧ⅠB類（EN）,維管束植物,オグラコウホネ,Nuphar oguraensis var. oguraensis
絶滅危惧ⅠB類（EN）,維管束植物,オキナワスナゴショウ,Peperomia japonica var. okinawensis
絶滅危惧ⅠB類（EN）,維管束植物,ミヤビカンアオイ,Asarum celsum
絶滅危惧ⅠB類（EN）,維管束植物,カギガタアオイ,Asarum curvistigma
絶滅危惧ⅠB類（EN）,維管束植物,スエヒロアオイ,Asarum dilatatum
絶滅危惧ⅠB類（EN）,維管束植物,ハツシマカンアオイ,Asarum hatsushimae
絶滅危惧ⅠB類（EN）,維管束植物,コウヤカンアオイ,Asarum kooyanum
絶滅危惧ⅠB類（EN）,維管束植物,ムラクモアオイ,Asarum kumageanum var. satakeanum
絶滅危惧ⅠB類（EN）,維管束植物,イワタカンアオイ,Asarum kurosawae
絶滅危惧ⅠB類（EN）,維管束植物,コトウカンアオイ,Asarum majale
絶滅危惧ⅠB類（EN）,維管束植物,アソサイシン,Asarum misandrum
絶滅危惧ⅠB類（EN）,維管束植物,ホシザキカンアオイ,Asarum sakawanum var. stellatum
絶滅危惧ⅠB類（EN）,維管束植物,マルミカンアオイ,Asarum subglobosum
絶滅危惧ⅠB類（EN）,維管束植物,サンコカンアオイ,Asarum trigynum
絶滅危惧ⅠB類（EN）,維管束植物,カケロマカンアオイ,Asarum trinacriforme
絶滅危惧ⅠB類（EN）,維管束植物,ヤエヤマカンアオイ,Asarum yaeyamense
絶滅危惧ⅠB類（EN）,維管束植物,イトスナヅル,Cassytha pergracilis
絶滅危惧ⅠB類（EN）,維管束植物,テリハコブガシ,Machilus pseudokobu
絶滅危惧ⅠB類（EN）,維管束植物,ダイトウシロダモ,Neolitsea sericea var. argentea
絶滅危惧ⅠB類（EN）,維管束植物,ツルギテンナンショウ,Arisaema abei
絶滅危惧ⅠB類（EN）,維管束植物,アマミテンナンショウ,Arisaema heterocephalum subsp. heterocephalum
絶滅危惧ⅠB類（EN）,維管束植物,シコクテンナンショウ,Arisaema iyoanum subsp. nakaianum
絶滅危惧ⅠB類（EN）,維管束植物,ヤクシマヒロハテンナンショウ,Arisaema longipedunculatum var. yakumontanum
絶滅危惧ⅠB類（EN）,維管束植物,ハリママムシグサ,Arisaema minus
絶滅危惧ⅠB類（EN）,維管束植物,オオミネテンナンショウ,Arisaema nikoense subsp. australe
絶滅危惧ⅠB類（EN）,維管束植物,カミコウチテンナンショウ,Arisaema nikoense subsp. brevicollum
絶滅危惧ⅠB類（EN）,維管束植物,カラフトヒロハテンナンショウ,Arisaema sachalinense
絶滅危惧ⅠB類（EN）,維管束植物,ヒンジモ,Lemna trisulca
絶滅危惧ⅠB類（EN）,維管束植物,アッカゼキショウ,Tofieldia coccinea var. akkana
絶滅危惧ⅠB類（EN）,維管束植物,ゲイビゼキショウ,Tofieldia coccinea var. geibiensis
絶滅危惧ⅠB類（EN）,維管束植物,トウゴクヘラオモダカ,Alisma rariflorum
絶滅危惧ⅠB類（EN）,維管束植物,ウミショウブ,Enhalus acoroides
絶滅危惧ⅠB類（EN）,維管束植物,ムサシモ,Najas ancistrocarpa
絶滅危惧ⅠB類（EN）,維管束植物,サクライソウ,Petrosavia sakuraii
絶滅危惧ⅠB類（EN）,維管束植物,ツクシタチドコロ,Dioscorea asclepiadea
絶滅危惧ⅠB類（EN）,維管束植物,タナカソウ,Sciaphila megastyla
絶滅危惧ⅠB類（EN）,維管束植物,ヒメツルアダン,Freycinetia williamsii
絶滅危惧ⅠB類（EN）,維管束植物,ミノシライトソウ,Chionographis hisauchiana subsp. minoensis
絶滅危惧ⅠB類（EN）,維管束植物,カワユエンレイソウ,Trillium channellii
絶滅危惧ⅠB類（EN）,維管束植物,アラガタオオサンキライ,Smilax bracteata var. verruculosa
絶滅危惧ⅠB類（EN）,維管束植物,カイコバイモ,Fritillaria kaiensis
絶滅危惧ⅠB類（EN）,維管束植物,ヒメアマナ,Gagea japonica
絶滅危惧ⅠB類（EN）,維管束植物,ヒメユリ,Lilium concolor
絶滅危惧ⅠB類（EN）,維管束植物,ジンリョウユリ,Lilium japonicum var. abeanum
絶滅危惧ⅠB類（EN）,維管束植物,サガミジョウロウホトトギス,Tricyrtis ishiiana var. ishiiana
絶滅危惧ⅠB類（EN）,維管束植物,スルガジョウロウホトトギス,Tricyrtis ishiiana var. surugensis
絶滅危惧ⅠB類（EN）,維管束植物,キバナノツキヌキホトトギス,Tricyrtis perfoliata
絶滅危惧ⅠB類（EN）,維管束植物,タネガシマムヨウラン,Aphyllorchis montana
絶滅危惧ⅠB類（EN）,維管束植物,ヤクシマラン,Apostasia nipponica
絶滅危惧ⅠB類（EN）,維管束植物,ナリヤラン,Arundina graminifolia
絶滅危惧ⅠB類（EN）,維管束植物,キリシマエビネ,Calanthe aristulifera
絶滅危惧ⅠB類（EN）,維管束植物,タイワンエビネ,Calanthe formosana
絶滅危惧ⅠB類（EN）,維管束植物,オオキリシマエビネ,Calanthe izuinsularis
絶滅危惧ⅠB類（EN）,維管束植物,トクノシマエビネ,Calanthe tokunoshimensis
絶滅危惧ⅠB類（EN）,維管束植物,ホテイラン,Calypso bulbosa var. speciosa
絶滅危惧ⅠB類（EN）,維管束植物,ハハジマホザキラン,Crepidium hahajimense
絶滅危惧ⅠB類（EN）,維管束植物,カンダヒメラン,Crepidium kandae
絶滅危惧ⅠB類（EN）,維管束植物,オキナワセッコク,Dendrobium okinawense
絶滅危惧ⅠB類（EN）,維管束植物,ヒメヤツシロラン,Didymoplexis micradenia
絶滅危惧ⅠB類（EN）,維管束植物,コカゲラン,Didymoplexis siamensis
絶滅危惧ⅠB類（EN）,維管束植物,ハコネラン,Ephippianthus sawadanus
絶滅危惧ⅠB類（EN）,維管束植物,トラキチラン,Epipogium aphyllum
絶滅危惧ⅠB類（EN）,維管束植物,アオキラン,Epipogium japonicum
絶滅危惧ⅠB類（EN）,維管束植物,マツゲカヤラン,Gastrochilus ciliaris
絶滅危惧ⅠB類（EN）,維管束植物,ヤクシマヤツシロラン,Gastrodia albida
絶滅危惧ⅠB類（EN）,維管束植物,アマミヤツシロラン,Gastrodia amamiana
絶滅危惧ⅠB類（EN）,維管束植物,ムニンヤツシロラン,Gastrodia boninensis
絶滅危惧ⅠB類（EN）,維管束植物,ツボミヤツシロラン,Gastrodia clausa
絶滅危惧ⅠB類（EN）,維管束植物,シロテンマ,Gastrodia elata var. pallens
絶滅危惧ⅠB類（EN）,維管束植物,フユザキヤツシロラン,Gastrodia foetida
絶滅危惧ⅠB類（EN）,維管束植物,トカラヤツシロラン,Gastrodia fontinalis
絶滅危惧ⅠB類（EN）,維管束植物,ナヨテンマ,Gastrodia gracilis
絶滅危惧ⅠB類（EN）,維管束植物,タブガワヤツシロラン,Gastrodia uraiensis
絶滅危惧ⅠB類（EN）,維管束植物,トサカメオトラン,Geodorum densiflorum
絶滅危惧ⅠB類（EN）,維管束植物,ヒロハツリシュスラン,Goodyera pendula f. brachyphylla
絶滅危惧ⅠB類（EN）,維管束植物,ダイサギソウ,Habenaria dentata
絶滅危惧ⅠB類（EN）,維管束植物,イヨトンボ,Habenaria iyoensis
絶滅危惧ⅠB類（EN）,維管束植物,オオミズトンボ,Habenaria linearifolia var. linearifolia
絶滅危惧ⅠB類（EN）,維管束植物,リュウキュウサギソウ,Habenaria pantlingiana
絶滅危惧ⅠB類（EN）,維管束植物,ヤチラン,Habenaria radiata
絶滅危惧ⅠB類（EN）,維管束植物,テツオサギソウ,Habenaria stenopetala
絶滅危惧ⅠB類（EN）,維管束植物,フジチドリ,Hemipilia fujisanensis
絶滅危惧ⅠB類（EN）,維管束植物,イワチドリ,Hemipilia keiskei
絶滅危惧ⅠB類（EN）,維管束植物,ムロトムヨウラン,Lecanorchis taiwaniana
絶滅危惧ⅠB類（EN）,維管束植物,オオフガクスズムシソウ,Liparis koreojaponica
絶滅危惧ⅠB類（EN）,維管束植物,ヒメジガバチソウ,Liparis krameri var. shichitoana
絶滅危惧ⅠB類（EN）,維管束植物,ムニンボウラン,Luisia boninensis
絶滅危惧ⅠB類（EN）,維管束植物,タンザワサカネラン,Neottia inagakii
絶滅危惧ⅠB類（EN）,維管束植物,クスクスヨウラクラン,Oberonia anthropophora var. arisanensis
絶滅危惧ⅠB類（EN）,維管束植物,オオバヨウラクラン,Oberonia makinoi
絶滅危惧ⅠB類（EN）,維管束植物,ハツシマラン,Odontochilus hatusimanus
絶滅危惧ⅠB類（EN）,維管束植物,ムカゴトンボ,Peristylus densus
絶滅危惧ⅠB類（EN）,維管束植物,リュウキュウセッコク,Pinalia ovata var. ovata
絶滅危惧ⅠB類（EN）,維管束植物,シマツレサギソウ,Platanthera boninensis
絶滅危惧ⅠB類（EN）,維管束植物,イイヌマムカゴ,Platanthera iinumae
絶滅危惧ⅠB類（EN）,維管束植物,イリオモテトンボソウ,Platanthera stenoglossa subsp. iriomotensis
絶滅危惧ⅠB類（EN）,維管束植物,ガッサンチドリ,Platanthera takedae subsp. uzenensis
絶滅危惧ⅠB類（EN）,維管束植物,ナゴラン,Sedirea japonica
絶滅危惧ⅠB類（EN）,維管束植物,ハチジョウネッタイラン,Tropidia nipponica var. hachijoensis
絶滅危惧ⅠB類（EN）,維管束植物,ヤクシマネッタイラン,Tropidia nipponica var. nipponica
絶滅危惧ⅠB類（EN）,維管束植物,アコウネッタイラン,Tropidia somae
絶滅危惧ⅠB類（EN）,維管束植物,ミソボシラン,Vrydagzynea nuda
絶滅危惧ⅠB類（EN）,維管束植物,キバナノショウキラン,Yoania amagiensis
絶滅危惧ⅠB類（EN）,維管束植物,シナノショウキラン,Yoania flava
絶滅危惧ⅠB類（EN）,維管束植物,アオジクキヌラン,Zeuxine affinis
絶滅危惧ⅠB類（EN）,維管束植物,ジャコウキヌラン,Zeuxine odorata
絶滅危惧ⅠB類（EN）,維管束植物,キリガミネヒオウギアヤメ,Iris setosa var. hondoensis
絶滅危惧ⅠB類（EN）,維管束植物,ナスヒオウギアヤメ,Iris setosa var. nasuensis
絶滅危惧ⅠB類（EN）,維管束植物,カンカケイニラ,Allium togashii
絶滅危惧ⅠB類（EN）,維管束植物,コシキイトラッキョウ,Allium virgunculae var. koshikiense
絶滅危惧ⅠB類（EN）,維管束植物,ヤクシマイトラッキョウ,Allium virgunculae var. yakushimense
絶滅危惧ⅠB類（EN）,維管束植物,タマボウキ,Asparagus oligoclonos
絶滅危惧ⅠB類（EN）,維管束植物,ブンゴギボウシ,Hosta alata
絶滅危惧ⅠB類（EN）,維管束植物,ウラジロギボウシ,Hosta hypoleuca
絶滅危惧ⅠB類（EN）,維管束植物,ミナズキギボウシ,Hosta minazukiflora
絶滅危惧ⅠB類（EN）,維管束植物,ウバタケギボウシ,Hosta pulchella
絶滅危惧ⅠB類（EN）,維管束植物,セトウチギボウシ,Hosta pycnophylla
絶滅危惧ⅠB類（EN）,維管束植物,ヨナグニノシラン,Ophiopogon reversus
絶滅危惧ⅠB類（EN）,維管束植物,ウスギワニグチソウ,Polygonatum cryptanthum
絶滅危惧ⅠB類（EN）,維管束植物,アズミイヌノヒゲ,Eriocaulon mikawanum var. azumianum
絶滅危惧ⅠB類（EN）,維管束植物,ミカワイヌノヒゲ,Eriocaulon mikawanum var. mikawanum
絶滅危惧ⅠB類（EN）,維管束植物,オキナワホシクサ,Eriocaulon miquelianum var. lutchuense
絶滅危惧ⅠB類（EN）,維管束植物,ユキイヌノヒゲ,Eriocaulon miquelianum var. ozense
絶滅危惧ⅠB類（EN）,維管束植物,オオムラホシクサ,Eriocaulon omuranum
絶滅危惧ⅠB類（EN）,維管束植物,ハライヌノヒゲ,Eriocaulon ozense
絶滅危惧ⅠB類（EN）,維管束植物,イズノシマホシクサ,Eriocaulon taquetii var. zyotanii
絶滅危惧ⅠB類（EN）,維管束植物,ヒゼンコウガイゼキショウ,Juncus hizenensis
絶滅危惧ⅠB類（EN）,維管束植物,エゾノミクリゼキショウ,Juncus mertensianus
絶滅危惧ⅠB類（EN）,維管束植物,ホロムイコウガイ,Juncus tokubuchii
絶滅危惧ⅠB類（EN）,維管束植物,ヒルゼンスゲ,Carex aphyllopus var. impura
絶滅危惧ⅠB類（EN）,維管束植物,アリサンタマツリスゲ,Carex arisanensis
絶滅危惧ⅠB類（EN）,維管束植物,オハグロスゲ,Carex bigelowii
絶滅危惧ⅠB類（EN）,維管束植物,カヤツリスゲ,Carex bohemica
絶滅危惧ⅠB類（EN）,維管束植物,チチジマナキリスゲ,Carex chichijimensis
絶滅危惧ⅠB類（EN）,維管束植物,リュウキュウヒエスゲ,Carex collifera
絶滅危惧ⅠB類（EN）,維管束植物,ハナビスゲ,Carex cruciata
絶滅危惧ⅠB類（EN）,維管束植物,タカネシバスゲ,Carex fuscidula
絶滅危惧ⅠB類（EN）,維管束植物,ゲンカイモエギスゲ,Carex genkaiensis
絶滅危惧ⅠB類（EN）,維管束植物,カンチスゲ,Carex gynocrates
絶滅危惧ⅠB類（EN）,維管束植物,ヒメミコシガヤ,Carex laevissima
絶滅危惧ⅠB類（EN）,維管束植物,ハタベスゲ,Carex latisquamea
絶滅危惧ⅠB類（EN）,維管束植物,タイワンカンスゲ,Carex longistipes
絶滅危惧ⅠB類（EN）,維管束植物,ノルゲスゲ,Carex mackenziei
絶滅危惧ⅠB類（EN）,維管束植物,タカネヒメスゲ,Carex melanocarpa
絶滅危惧ⅠB類（EN）,維管束植物,キビノミノボロスゲ,Carex paxii
絶滅危惧ⅠB類（EN）,維管束植物,マンシュウクロカワスゲ,Carex peiktusani
絶滅危惧ⅠB類（EN）,維管束植物,クグスゲ,Carex pseudocyperus
絶滅危惧ⅠB類（EN）,維管束植物,ヒロハイッポンスゲ,Carex pseudololiacea
絶滅危惧ⅠB類（EN）,維管束植物,ウシオスゲ,Carex ramenskii
絶滅危惧ⅠB類（EN）,維管束植物,カラフトイワスゲ,Carex rupestris
絶滅危惧ⅠB類（EN）,維管束植物,ラウススゲ,Carex stylosa
絶滅危惧ⅠB類（EN）,維管束植物,ツクシナルコ,Carex subcernua
絶滅危惧ⅠB類（EN）,維管束植物,ツシマスゲ,Carex tsushimensis
絶滅危惧ⅠB類（EN）,維管束植物,エゾハリスゲ,Carex uda
絶滅危惧ⅠB類（EN）,維管束植物,サヤスゲ,Carex vaginata
絶滅危惧ⅠB類（EN）,維管束植物,トサノハマスゲ,Cyperus rotundus var. yoshinagae
絶滅危惧ⅠB類（EN）,維管束植物,ムギガラガヤツリ,Cyperus unioloides
絶滅危惧ⅠB類（EN）,維管束植物,ミスミイ,Eleocharis acutangula
絶滅危惧ⅠB類（EN）,維管束植物,ハハジマテンツキ,Fimbristylis longispica var. hahajimensis
絶滅危惧ⅠB類（EN）,維管束植物,ハタケテンツキ,Fimbristylis stauntonii
絶滅危惧ⅠB類（EN）,維管束植物,ハナシテンツキ,Fimbristylis umbellaris
絶滅危惧ⅠB類（EN）,維管束植物,ムニンイヌノハナヒゲ,Rhynchospora japonica var. curvoaristata
絶滅危惧ⅠB類（EN）,維管束植物,ロッカクイ,Schoenoplectiella mucronata var. ishizawae
絶滅危惧ⅠB類（EN）,維管束植物,イヌフトイ,Schoenoplectus subulatus
絶滅危惧ⅠB類（EN）,維管束植物,イヘヤヒゲクサ,Schoenus calostachyus
絶滅危惧ⅠB類（EN）,維管束植物,ヒメマツカサススキ,Scirpus karuisawensis
絶滅危惧ⅠB類（EN）,維管束植物,ツクシアブラガヤ,Scirpus rosthornii var. kiushuensis
絶滅危惧ⅠB類（EN）,維管束植物,エゾコウボウ,Anthoxanthum pluriflorum var. pluriflorum
絶滅危惧ⅠB類（EN）,維管束植物,シロケトダシバ,Arundinella hirta var. livens
絶滅危惧ⅠB類（EN）,維管束植物,オニビトノガリヤス,Calamagrostis onibitoana
絶滅危惧ⅠB類（EN）,維管束植物,アムールイワノガリヤス,Calamagrostis purpurea subsp. amurensis
絶滅危惧ⅠB類（EN）,維管束植物,タシロノガリヤス,Calamagrostis tashiroi subsp. tashiroi
絶滅危惧ⅠB類（EN）,維管束植物,ユウバリカニツリ,Deschampsia cespitosa var. levis
絶滅危惧ⅠB類（EN）,維管束植物,シマギョウギシバ,Digitaria platycarpha
絶滅危惧ⅠB類（EN）,維管束植物,ナンブソモソモ,Dupontiopsis hayachinensis
絶滅危惧ⅠB類（EN）,維管束植物,イヌカモジグサ,Elymus gmelinii var. tenuisetus
絶滅危惧ⅠB類（EN）,維管束植物,ヤマオオウシノケグサ,Festuca hondoensis
絶滅危惧ⅠB類（EN）,維管束植物,ヌマドジョウツナギ,Glyceria spiculosa
絶滅危惧ⅠB類（EN）,維管束植物,シマカモノハシ,Ischaemum ischaemoides
絶滅危惧ⅠB類（EN）,維管束植物,タチイチゴツナギ,Poa nemoralis
絶滅危惧ⅠB類（EN）,維管束植物,ヒゲナガコメススキ,Ptilagrostis alpina
絶滅危惧ⅠB類（EN）,維管束植物,フォーリーガヤ,Schizachne purpurascens subsp. callosa
絶滅危惧ⅠB類（EN）,維管束植物,ホソバドジョウツナギ,Torreyochloa natans
絶滅危惧ⅠB類（EN）,維管束植物,フクロダガヤ,Tripogon longearistatus
絶滅危惧ⅠB類（EN）,維管束植物,キタダケカニツリ,Trisetum spicatum subsp. molle
絶滅危惧ⅠB類（EN）,維管束植物,ツルキケマン,Corydalis ochotensis
絶滅危惧ⅠB類（EN）,維管束植物,リシリヒナゲシ,Papaver fauriei
絶滅危惧ⅠB類（EN）,維管束植物,ハナカズラ,Aconitum ciliare
絶滅危惧ⅠB類（EN）,維管束植物,シレトコトリカブト,Aconitum misaoanum
絶滅危惧ⅠB類（EN）,維管束植物,ダイセツトリカブト,Aconitum yamazakii
絶滅危惧ⅠB類（EN）,維管束植物,シコクイチゲ,Anemone sikokiana
絶滅危惧ⅠB類（EN）,維管束植物,シコクハンショウヅル,Clematis obvallata var. shikokiana
絶滅危惧ⅠB類（EN）,維管束植物,ヒュウガオウレン,Coptis minamitaniana
絶滅危惧ⅠB類（EN）,維管束植物,コウヤシロカネソウ,Dichocarpum numajirianum
絶滅危惧ⅠB類（EN）,維管束植物,ツクモグサ,Pulsatilla nipponica
絶滅危惧ⅠB類（EN）,維管束植物,タカネキンポウゲ,Ranunculus altaicus subsp. shinanoalpinus
絶滅危惧ⅠB類（EN）,維管束植物,ヒメバイカモ,Ranunculus kadzusensis
絶滅危惧ⅠB類（EN）,維管束植物,キタダケキンポウゲ,Ranunculus kitadakeanus
絶滅危惧ⅠB類（EN）,維管束植物,オオイチョウバイカモ,Ranunculus nipponicus var. major
絶滅危惧ⅠB類（EN）,維管束植物,クモマキンポウゲ,Ranunculus pygmaeus
絶滅危惧ⅠB類（EN）,維管束植物,チトセバイカモ,Ranunculus yezoensis
絶滅危惧ⅠB類（EN）,維管束植物,オオミヤマカラマツ,Thalictrum filamentosum
絶滅危惧ⅠB類（EN）,維管束植物,ヒレフリカラマツ,Thalictrum toyamae
絶滅危惧ⅠB類（EN）,維管束植物,タマカラマツ,Thalictrum watanabei
絶滅危惧ⅠB類（EN）,維管束植物,アオカズラ,Sabia japonica
絶滅危惧ⅠB類（EN）,維管束植物,モミジバショウマ,Astilbe platyphylla
絶滅危惧ⅠB類（EN）,維管束植物,クモマユキノシタ,Micranthes laciniata
絶滅危惧ⅠB類（EN）,維管束植物,チシマイワブキ,Micranthes nelsoniana var. reniformis
絶滅危惧ⅠB類（EN）,維管束植物,エチゼンダイモンジソウ,Saxifraga acerifolia
絶滅危惧ⅠB類（EN）,維管束植物,ムラサキベンケイソウ,Hylotelephium pallescens
絶滅危惧ⅠB類（EN）,維管束植物,エッチュウミセバヤ,Hylotelephium sieboldii var. ettyuense
絶滅危惧ⅠB類（EN）,維管束植物,ミセバヤ,Hylotelephium sieboldii var. sieboldii
絶滅危惧ⅠB類（EN）,維管束植物,ムニンタイトゴメ,Sedum boninense
絶滅危惧ⅠB類（EN）,維管束植物,カワラマンネングサ,Sedum kawaraense
絶滅危惧ⅠB類（EN）,維管束植物,ヒメマンネングサ,Sedum zentaro-tashiroi
絶滅危惧ⅠB類（EN）,維管束植物,ナガバアリノトウグサ,Gonocarpus chinensis
絶滅危惧ⅠB類（EN）,維管束植物,クマガワブドウ,Vitis kiusiana
絶滅危惧ⅠB類（EN）,維管束植物,シラガブドウ,Vitis shiragae
絶滅危惧ⅠB類（EN）,維管束植物,ハマビシ,Tribulus terrestris
絶滅危惧ⅠB類（EN）,維管束植物,オオバネムノキ,Albizia kalkora
絶滅危惧ⅠB類（EN）,維管束植物,ヤエヤマネムノキ,Albizia retusa
絶滅危惧ⅠB類（EN）,維管束植物,カラフトモメンヅル,Astragalus schelichovii
絶滅危惧ⅠB類（EN）,維管束植物,トカチオウギ,Astragalus tokachiensis
絶滅危惧ⅠB類（EN）,維管束植物,カリバオウギ,Astragalus yamamotoi
絶滅危惧ⅠB類（EN）,維管束植物,カラフトゲンゲ,Hedysarum hedysaroides
絶滅危惧ⅠB類（EN）,維管束植物,チョウセンニワフジ,Indigofera kirilowii
絶滅危惧ⅠB類（EN）,維管束植物,コシキジマハギ,Lespedeza argyrophylla
絶滅危惧ⅠB類（EN）,維管束植物,エゾオヤマノエンドウ,Oxytropis japonica var. sericea
絶滅危惧ⅠB類（EN）,維管束植物,マシケゲンゲ,Oxytropis shokanbetsuensis
絶滅危惧ⅠB類（EN）,維管束植物,オオバフジボグサ,Uraria lagopodoides
絶滅危惧ⅠB類（EN）,維管束植物,ヒメツルアズキ,Vigna minima var. minima
絶滅危惧ⅠB類（EN）,維管束植物,アカササゲ,Vigna vexillata var. tsusimensis
絶滅危惧ⅠB類（EN）,維管束植物,キリタチヤマザクラ,Cerasus sargentii var. akimotoi
絶滅危惧ⅠB類（EN）,維管束植物,クロミサンザシ,Crataegus chlorosarca
絶滅危惧ⅠB類（EN）,維管束植物,ヤクシマシロバナヘビイチゴ,Fragaria nipponica var. yakusimensis
絶滅危惧ⅠB類（EN）,維管束植物,ノカイドウ,Malus spontanea
絶滅危惧ⅠB類（EN）,維管束植物,ユウバリキンバイ,Potentilla matsumurae var. yuparensis
絶滅危惧ⅠB類（EN）,維管束植物,ヤブザクラ,Prunus hisauchiana
絶滅危惧ⅠB類（EN）,維管束植物,ブコウマメザクラ,Prunus incisa var. bukosanensis
絶滅危惧ⅠB類（EN）,維管束植物,ホシザクラ,Prunus tamaclivorum
絶滅危惧ⅠB類（EN）,維管束植物,マメナシ,Pyrus calleryana
絶滅危惧ⅠB類（EN）,維管束植物,ミチノクナシ,Pyrus ussuriensis var. ussuriensis
絶滅危惧ⅠB類（EN）,維管束植物,シロヤマブキ,Rhodotypos scandens
絶滅危惧ⅠB類（EN）,維管束植物,ゴショイチゴ,Rubus chingii
絶滅危惧ⅠB類（EN）,維管束植物,エゾノトウウチソウ,Sanguisorba japonensis
絶滅危惧ⅠB類（EN）,維管束植物,カツラギグミ,Elaeagnus takeshitae
絶滅危惧ⅠB類（EN）,維管束植物,ヤクシマグミ,Elaeagnus yakusimensis
絶滅危惧ⅠB類（EN）,維管束植物,ミヤマハンモドキ,Rhamnus ishidae
絶滅危惧ⅠB類（EN）,維管束植物,ホソバノキミズ,Elatostema lineolatum var. majus
絶滅危惧ⅠB類（EN）,維管束植物,ランダイミズ,Elatostema platyphyllum
絶滅危惧ⅠB類（EN）,維管束植物,チョクザキミズ,Lecanthus peduncularis
絶滅危惧ⅠB類（EN）,維管束植物,トウカテンソウ,Nanocnide pilosa
絶滅危惧ⅠB類（EN）,維管束植物,アポイカンバ,Betula apoiensis
絶滅危惧ⅠB類（EN）,維管束植物,ムニンカラスウリ,Trichosanthes ovigera var. boninensis
絶滅危惧ⅠB類（EN）,維管束植物,ナガバコバンモチ,Elaeocarpus multiflorus
絶滅危惧ⅠB類（EN）,維管束植物,エノキフジ,Discocleidion ulmifolium
絶滅危惧ⅠB類（EN）,維管束植物,テリハニシキソウ,Euphorbia hirta var. glaberrima
絶滅危惧ⅠB類（EN）,維管束植物,アソタイゲキ,Euphorbia pekinensis subsp. asoensis
絶滅危惧ⅠB類（EN）,維管束植物,ボロジノニシキソウ,Euphorbia sparrmannii
絶滅危惧ⅠB類（EN）,維管束植物,ハナコミカンボク,Phyllanthus liukiuensis
絶滅危惧ⅠB類（EN）,維管束植物,エゾノタカネヤナギ,Salix nakamurana subsp. yezoalpina
絶滅危惧ⅠB類（EN）,維管束植物,タニマスミレ,Viola epipsiloides
絶滅危惧ⅠB類（EN）,維管束植物,アポイタチツボスミレ,Viola sacchalinensis f. alpina
絶滅危惧ⅠB類（EN）,維管束植物,タデスミレ,Viola thibaudieri
絶滅危惧ⅠB類（EN）,維管束植物,オキナワスミレ,Viola utchinensis
絶滅危惧ⅠB類（EN）,維管束植物,ヤクシマカワゴロモ,Hydrobryum puncticulatum
絶滅危惧ⅠB類（EN）,維管束植物,コウライトモエソウ,Hypericum ascyron subsp. ascyron var. longistylum
絶滅危惧ⅠB類（EN）,維管束植物,アゼオトギリ,Hypericum oliganthum
絶滅危惧ⅠB類（EN）,維管束植物,カイフウロ,Geranium shikokianum var. kaimontanum
絶滅危惧ⅠB類（EN）,維管束植物,ヤクシマフウロ,Geranium shikokianum var. yoshiianum
絶滅危惧ⅠB類（EN）,維管束植物,ヒルギモドキ,Lumnitzera racemosa
絶滅危惧ⅠB類（EN）,維管束植物,ホザキキカシグサ,Rotala rotundifolia
絶滅危惧ⅠB類（EN）,維管束植物,ハハジマノボタン,Melastoma tetramerum var. pentapetalum
絶滅危惧ⅠB類（EN）,維管束植物,チャンチンモドキ,Choerospondias axillaris
絶滅危惧ⅠB類（EN）,維管束植物,シバタカエデ,Acer miyabei f. shibatae
絶滅危惧ⅠB類（EN）,維管束植物,タイシャクイタヤ,Acer pictum subsp. taishakuense
絶滅危惧ⅠB類（EN）,維管束植物,アツバシロテツ,Melicope grisea var. crassifolia
絶滅危惧ⅠB類（EN）,維管束植物,ツクシボダイジュ,Tilia mandshurica var. rufovillosa
絶滅危惧ⅠB類（EN）,維管束植物,ツチビノキ,Daphnimorpha capitellata
絶滅危惧ⅠB類（EN）,維管束植物,リシリハタザオ,Arabidopsis halleri subsp. gemmifera var. umezawana
絶滅危惧ⅠB類（EN）,維管束植物,オオマルバコンロンソウ,Cardamine arakiana
絶滅危惧ⅠB類（EN）,維管束植物,タカチホガラシ,Cardamine kiusiana
絶滅危惧ⅠB類（EN）,維管束植物,ハナタネツケバナ,Cardamine pratensis
絶滅危惧ⅠB類（EN）,維管束植物,エゾノジャニンジン,Cardamine schinziana
絶滅危惧ⅠB類（EN）,維管束植物,ミヤウチソウ,Cardamine trifida
絶滅危惧ⅠB類（EN）,維管束植物,トモシリソウ,Cochlearia oblongifolia
絶滅危惧ⅠB類（EN）,維管束植物,ナンブイヌナズナ,Draba japonica
絶滅危惧ⅠB類（EN）,維管束植物,キタダケナズナ,Draba kitadakensis
絶滅危惧ⅠB類（EN）,維管束植物,ヤツガタケナズナ,Draba oiana
絶滅危惧ⅠB類（EN）,維管束植物,モイワナズナ,Draba sachalinensis var. sachalinensis
絶滅危惧ⅠB類（EN）,維管束植物,トガクシナズナ,Draba sakuraii var. sakuraii
絶滅危惧ⅠB類（EN）,維管束植物,シロウマナズナ,Draba shiroumana
絶滅危惧ⅠB類（EN）,維管束植物,ハマタイセイ,Isatis tinctoria var. tinctoria
絶滅危惧ⅠB類（EN）,維管束植物,タカネグンバイ,Noccaea cochleariformis
絶滅危惧ⅠB類（EN）,維管束植物,ハリナズナ,Subularia aquatica
絶滅危惧ⅠB類（EN）,維管束植物,ムニンビャクダン,Santalum boninense
絶滅危惧ⅠB類（EN）,維管束植物,アラゲタデ,Persicaria pulchra
絶滅危惧ⅠB類（EN）,維管束植物,キブネダイオウ,Rumex nepalensis subsp. andreaeanus
絶滅危惧ⅠB類（EN）,維管束植物,ニセコガネギシギシ,Rumex trisetifer
絶滅危惧ⅠB類（EN）,維管束植物,アポイツメクサ,Arenaria katoana var. lanceolata
絶滅危惧ⅠB類（EN）,維管束植物,ハイツメクサ,Minuartia biflora
絶滅危惧ⅠB類（EN）,維管束植物,カムイビランジ,Silene hidaka-alpina
絶滅危惧ⅠB類（EN）,維管束植物,チシママンテマ,Silene repens var. latifolia
絶滅危惧ⅠB類（EN）,維管束植物,カラフトマンテマ,Silene repens var. repens
絶滅危惧ⅠB類（EN）,維管束植物,ヤクシマサワハコベ,Stellaria diandra var. yakumontana
絶滅危惧ⅠB類（EN）,維管束植物,エゾハコベ,Stellaria humifusa
絶滅危惧ⅠB類（EN）,維管束植物,エゾイワツメクサ,Stellaria pterosperma
絶滅危惧ⅠB類（EN）,維管束植物,アマミクサアジサイ,Cardiandra amamiohsimensis
絶滅危惧ⅠB類（EN）,維管束植物,ヤエヤマヒメウツギ,Deutzia yaeyamensis
絶滅危惧ⅠB類（EN）,維管束植物,ヤクシマルリアジサイ,Hydrangea acuminata subsp. yakushimensis
絶滅危惧ⅠB類（EN）,維管束植物,キモツキクサアジサイ,Hydrangea marunoi
絶滅危惧ⅠB類（EN）,維管束植物,カラフトハナシノブ,Polemonium caeruleum subsp. laxiflorum
絶滅危惧ⅠB類（EN）,維管束植物,ムニンヒサカキ,Eurya boninensis
絶滅危惧ⅠB類（EN）,維管束植物,ムニンノキ,Planchonella boninensis
絶滅危惧ⅠB類（EN）,維管束植物,ヤワラケガキ,Diospyros eriantha
絶滅危惧ⅠB類（EN）,維管束植物,トチナイソウ,Androsace chamaejasme subsp. lehmanniana
絶滅危惧ⅠB類（EN）,維管束植物,シナヤブコウジ,Ardisia cymosa
絶滅危惧ⅠB類（EN）,維管束植物,オオツルコウジ,Ardisia walkeri
絶滅危惧ⅠB類（EN）,維管束植物,サクラソウモドキ,Cortusa matthioli subsp. pekinensis var. sachalinensis
絶滅危惧ⅠB類（EN）,維管束植物,トウサワトラノオ,Lysimachia candida
絶滅危惧ⅠB類（EN）,維管束植物,オニコナスビ,Lysimachia tashiroi
絶滅危惧ⅠB類（EN）,維管束植物,カムイコザクラ,Primula hidakana f. kamuiana
絶滅危惧ⅠB類（EN）,維管束植物,カッコソウ,Primula kisoana var. kisoana
絶滅危惧ⅠB類（EN）,維管束植物,シコクカッコソウ,Primula kisoana var. shikokiana
絶滅危惧ⅠB類（EN）,維管束植物,ヒメコザクラ,Primula macrocarpa
絶滅危惧ⅠB類（EN）,維管束植物,ミョウギイワザクラ,Primula reinii var. myogiensis
絶滅危惧ⅠB類（EN）,維管束植物,ユウバリコザクラ,Primula yuparensis
絶滅危惧ⅠB類（EN）,維管束植物,ホザキザクラ,Stimpsonia chamaedryoides
絶滅危惧ⅠB類（EN）,維管束植物,ムニンクロキ,Symplocos boninensis
絶滅危惧ⅠB類（EN）,維管束植物,コニシハイノキ,Symplocos konishii
絶滅危惧ⅠB類（EN）,維管束植物,チチジマクロキ,Symplocos pergracilis
絶滅危惧ⅠB類（EN）,維管束植物,ヤチツツジ,Chamaedaphne calyculata
絶滅危惧ⅠB類（EN）,維管束植物,エゾイチヤクソウ,Pyrola minor
絶滅危惧ⅠB類（EN）,維管束植物,アマギツツジ,Rhododendron amagianum
絶滅危惧ⅠB類（EN）,維管束植物,アマクサミツバツツジ,Rhododendron amakusaense
絶滅危惧ⅠB類（EN）,維管束植物,ヒダカミツバツツジ,Rhododendron dilatatum var. boreale
絶滅危惧ⅠB類（EN）,維管束植物,ウラジロヒカゲツツジ,Rhododendron keiskei var. hypoglaucum
絶滅危惧ⅠB類（EN）,維管束植物,ムラサキツリガネツツジ,Rhododendron lasiophyllum var. lasiophyllum
絶滅危惧ⅠB類（EN）,維管束植物,アマミセイシカ,Rhododendron latoucheae var. amamiense
絶滅危惧ⅠB類（EN）,維管束植物,オオスミミツバツツジ,Rhododendron mayebarae var. ohsumiense
絶滅危惧ⅠB類（EN）,維管束植物,トキワバイカツツジ,Rhododendron uwaense
絶滅危惧ⅠB類（EN）,維管束植物,タカクマミツバツツジ,Rhododendron viscistylum
絶滅危惧ⅠB類（EN）,維管束植物,ヤクシマヨウラクツツジ,Rhododendron yakushimense
絶滅危惧ⅠB類（EN）,維管束植物,チョウセンヤマツツジ,Rhododendron yedoense var. hallaisanense
絶滅危惧ⅠB類（EN）,維管束植物,クサミズキ,Nothapodytes nimmonianus
絶滅危惧ⅠB類（EN）,維管束植物,ヒジハリノキ,Benkara sinensis
絶滅危惧ⅠB類（EN）,維管束植物,コバンムグラ,Exallage chrysotricha
絶滅危惧ⅠB類（EN）,維管束植物,ヤツガタケムグラ,Galium triflorum
絶滅危惧ⅠB類（EN）,維管束植物,サンプクリンドウ,Comastoma pulmonarium subsp. sectum
絶滅危惧ⅠB類（EN）,維管束植物,コヒナリンドウ,Gentiana laeviuscula
絶滅危惧ⅠB類（EN）,維管束植物,ヤクシマリンドウ,Gentiana yakushimensis
絶滅危惧ⅠB類（EN）,維管束植物,オノエリンドウ,Gentianella amarella subsp. takedae
絶滅危惧ⅠB類（EN）,維管束植物,ユウバリリンドウ,Gentianella amarella subsp. yuparensis
絶滅危惧ⅠB類（EN）,維管束植物,チチブリンドウ,Gentianopsis contorta
絶滅危惧ⅠB類（EN）,維管束植物,アカイシリンドウ,Gentianopsis yabei var. akaisiensis
絶滅危惧ⅠB類（EN）,維管束植物,ヒメセンブリ,Lomatogonium carinthiacum
絶滅危惧ⅠB類（EN）,維管束植物,ハナヤマツルリンドウ,Tripterospermum distylum
絶滅危惧ⅠB類（EN）,維管束植物,ゴムカズラ,Urceola micrantha
絶滅危惧ⅠB類（EN）,維管束植物,ナンゴクカモメヅル,Vincetoxicum austrokiusianum
絶滅危惧ⅠB類（EN）,維管束植物,イズカモメヅル,Vincetoxicum izuense
絶滅危惧ⅠB類（EN）,維管束植物,ヒメイヨカズラ,Vincetoxicum matsumurae
絶滅危惧ⅠB類（EN）,維管束植物,ムラサキ,Lithospermum erythrorhizon
絶滅危惧ⅠB類（EN）,維管束植物,ツルカメバソウ,Trigonotis iinumae
絶滅危惧ⅠB類（EN）,維管束植物,チョウセンカメバソウ,Trigonotis radicans var. sericea
絶滅危惧ⅠB類（EN）,維管束植物,マメダオシ,Cuscuta australis
絶滅危惧ⅠB類（EN）,維管束植物,ハマネナシカズラ,Cuscuta chinensis
絶滅危惧ⅠB類（EN）,維管束植物,マルバアサガオガラクサ,Evolvulus alsinoides var. rotundifolius
絶滅危惧ⅠB類（EN）,維管束植物,オオバケアサガオ,Lepistemon binectariferum var. trichocarpum
絶滅危惧ⅠB類（EN）,維管束植物,ショウドシマレンギョウ,Forsythia togashii
絶滅危惧ⅠB類（EN）,維管束植物,ヤナギバモクセイ,Osmanthus insularis var. okinawensis
絶滅危惧ⅠB類（EN）,維管束植物,オオモクセイ,Osmanthus rigidus
絶滅危惧ⅠB類（EN）,維管束植物,ユウバリソウ,Lagotis takedana
絶滅危惧ⅠB類（EN）,維管束植物,ホソバウルップソウ,Lagotis yesoensis
絶滅危惧ⅠB類（EN）,維管束植物,エナシシソクサ,Limnophila fragrans
絶滅危惧ⅠB類（EN）,維管束植物,ヒシモドキ,Trapella sinensis
絶滅危惧ⅠB類（EN）,維管束植物,ホソバヒメトラノオ,Veronica linariifolia var. linariifolia
絶滅危惧ⅠB類（EN）,維管束植物,イスミスズカケ,Veronicastrum noguchii
絶滅危惧ⅠB類（EN）,維管束植物,ツシマヒナノウスツボ,Scrophularia kakudensis var. toyamae
絶滅危惧ⅠB類（EN）,維管束植物,タカクマムラサキ,Callicarpa longissima
絶滅危惧ⅠB類（EN）,維管束植物,ウラジロコムラサキ,Callicarpa parvifolia
絶滅危惧ⅠB類（EN）,維管束植物,オオヒメキセワタ,Matsumurella chinensis
絶滅危惧ⅠB類（EN）,維管束植物,アマミタムラソウ,Salvia pygmaea var. simplicior
絶滅危惧ⅠB類（EN）,維管束植物,ムニンタツナミソウ,Scutellaria longituba
絶滅危惧ⅠB類（EN）,維管束植物,ケミヤマナミキ,Scutellaria shikokiana var. pubicaulis
絶滅危惧ⅠB類（EN）,維管束植物,エゾニガクサ,Teucrium veronicoides var. veronicoides
絶滅危惧ⅠB類（EN）,維管束植物,ヒメサギゴケ,Mazus goodenifolius
絶滅危惧ⅠB類（EN）,維管束植物,イズコゴメグサ,Euphrasia insignis subsp. iinumae var. idzuensis
絶滅危惧ⅠB類（EN）,維管束植物,ナヨナヨコゴメグサ,Euphrasia microphylla
絶滅危惧ⅠB類（EN）,維管束植物,ツクシコゴメグサ,Euphrasia multifolia var. multifolia
絶滅危惧ⅠB類（EN）,維管束植物,ウスユキクチナシグサ,Monochasma savatieri
絶滅危惧ⅠB類（EN）,維管束植物,シマウツボ,Orobanche boninsimae
絶滅危惧ⅠB類（EN）,維管束植物,キバナシオガマ,Pedicularis oederi
絶滅危惧ⅠB類（EN）,維管束植物,ミカワタヌキモ,Utricularia exoleta
絶滅危惧ⅠB類（EN）,維管束植物,ムニンモチ,Ilex mertensii var. beecheyi
絶滅危惧ⅠB類（EN）,維管束植物,ヤチシャジン,Adenophora palustris
絶滅危惧ⅠB類（EN）,維管束植物,ホウオウシャジン,Adenophora takedae var. howozana
絶滅危惧ⅠB類（EN）,維管束植物,シマシャジン,Adenophora tashiroi
絶滅危惧ⅠB類（EN）,維管束植物,ヤツシロソウ,Campanula glomerata subsp. speciosa
絶滅危惧ⅠB類（EN）,維管束植物,マルバミゾカクシ,Lobelia zeylanica
絶滅危惧ⅠB類（EN）,維管束植物,ホソバエゾノコギリ,Achillea ptarmica subsp. macrocephala var. yezoensis
絶滅危惧ⅠB類（EN）,維管束植物,オオウサギギク,Arnica sachalinensis
絶滅危惧ⅠB類（EN）,維管束植物,ワタヨモギ,Artemisia gilvescens
絶滅危惧ⅠB類（EN）,維管束植物,キタダケヨモギ,Artemisia kitadakensis
絶滅危惧ⅠB類（EN）,維管束植物,オオバヨモギ,Artemisia koidzumii var. megaphylla
絶滅危惧ⅠB類（EN）,維管束植物,ユキヨモギ,Artemisia momiyamae
絶滅危惧ⅠB類（EN）,維管束植物,イソノギク,Aster asagrayi var. asagrayi
絶滅危惧ⅠB類（EN）,維管束植物,ヨナクニイソノギク,Aster asagrayi var. walkeri
絶滅危惧ⅠB類（EN）,維管束植物,カワラノギク,Aster kantoensis
絶滅危惧ⅠB類（EN）,維管束植物,シブカワシロギク,Aster rugulosus var. shibukawaensis
絶滅危惧ⅠB類（EN）,維管束植物,クルマギク,Aster tenuipes
絶滅危惧ⅠB類（EN）,維管束植物,チョウセンノギク,Chrysanthemum zawadskii subsp. naktongense
絶滅危惧ⅠB類（EN）,維管束植物,アイズヒメアザミ,Cirsium aidzuense
絶滅危惧ⅠB類（EN）,維管束植物,アシノクラアザミ,Cirsium ashinokuraense
絶滅危惧ⅠB類（EN）,維管束植物,チカブミアザミ,Cirsium chikabumiense
絶滅危惧ⅠB類（EN）,維管束植物,コイブキアザミ,Cirsium confertissimum
絶滅危惧ⅠB類（EN）,維管束植物,ガンジュアザミ,Cirsium ganjuense
絶滅危惧ⅠB類（EN）,維管束植物,ハッポウアザミ,Cirsium happoense
絶滅危惧ⅠB類（EN）,維管束植物,カツラカワアザミ,Cirsium opacum
絶滅危惧ⅠB類（EN）,維管束植物,ニセツクシアザミ,Cirsium pseudosuffultum
絶滅危惧ⅠB類（EN）,維管束植物,タネガシマアザミ,Cirsium tanegashimense
絶滅危惧ⅠB類（EN）,維管束植物,ワタムキアザミ,Cirsium tashiroi var. tashiroi
絶滅危惧ⅠB類（EN）,維管束植物,ウスバアザミ,Cirsium tenue
絶滅危惧ⅠB類（EN）,維管束植物,ユズリハワダン,Crepidiastrum ameristophyllum
絶滅危惧ⅠB類（EN）,維管束植物,ダイトウワダン,Crepidiastrum lanceolatum var. daitoense
絶滅危惧ⅠB類（EN）,維管束植物,ヘラナレン,Crepidiastrum linguifolium
絶滅危惧ⅠB類（EN）,維管束植物,ワダンノキ,Dendrocacalia crepidifolia
絶滅危惧ⅠB類（EN）,維管束植物,アポイアズマギク,Erigeron thunbergii subsp. glabratus var. angustifolius
絶滅危惧ⅠB類（EN）,維管束植物,ネバリイズハハコ,Eschenbachia leucantha
絶滅危惧ⅠB類（EN）,維管束植物,エゾコウゾリナ,Hypochaeris crepidioides
絶滅危惧ⅠB類（EN）,維管束植物,ホソバニガナ,Ixeridium beauverdianum
絶滅危惧ⅠB類（EN）,維管束植物,イソニガナ,Ixeridium dentatum subsp. nipponicum
絶滅危惧ⅠB類（EN）,維管束植物,エゾウスユキソウ,Leontopodium discolor
絶滅危惧ⅠB類（EN）,維管束植物,ハヤチネウスユキソウ,Leontopodium hayachinense
絶滅危惧ⅠB類（EN）,維管束植物,ミコシギク,Leucanthemella linearis
絶滅危惧ⅠB類（EN）,維管束植物,ヤマタバコ,Ligularia angusta
絶滅危惧ⅠB類（EN）,維管束植物,ヒメキクタビラコ,Myriactis japonensis
絶滅危惧ⅠB類（EN）,維管束植物,ミヤマコウモリソウ,Parasenecio farfarifolius var. acerinus
絶滅危惧ⅠB類（EN）,維管束植物,ヒメコウモリソウ,Parasenecio shikokianus
絶滅危惧ⅠB類（EN）,維管束植物,アキノハハコグサ,Pseudognaphalium hypoleucum
絶滅危惧ⅠB類（EN）,維管束植物,カムイトウヒレン,Saussurea kenjihorieana
絶滅危惧ⅠB類（EN）,維管束植物,ネコヤマヒゴタイ,Saussurea modesta
絶滅危惧ⅠB類（EN）,維管束植物,ツクシトウヒレン,Saussurea nipponica subsp. savatieri var. higomontana
絶滅危惧ⅠB類（EN）,維管束植物,ウスユキトウヒレン,Saussurea yanagisawae var. yanagisawae
絶滅危惧ⅠB類（EN）,維管束植物,コウリンギク,Senecio argunensis
絶滅危惧ⅠB類（EN）,維管束植物,ソラチアオヤギバナ,Solidago horieana
絶滅危惧ⅠB類（EN）,維管束植物,ヤブレガサモドキ,Syneilesis tagawae var. tagawae
絶滅危惧ⅠB類（EN）,維管束植物,イズカニコウモリ,Taimingasa amagiensis
絶滅危惧ⅠB類（EN）,維管束植物,クモマタンポポ,Taraxacum ceratophorum
絶滅危惧ⅠB類（EN）,維管束植物,クザカイタンポポ,Taraxacum kuzakaiense
絶滅危惧ⅠB類（EN）,維管束植物,タカネタンポポ,Taraxacum yuparense var. yuparense
絶滅危惧ⅠB類（EN）,維管束植物,タカネコウリンギク,Tephroseris flammea subsp. flammea
絶滅危惧ⅠB類（EN）,維管束植物,キバナコウリンカ,Tephroseris furusei
絶滅危惧ⅠB類（EN）,維管束植物,オオチョウジガマズミ,Viburnum carlesii var. carlesii
絶滅危惧ⅠB類（EN）,維管束植物,ヒロハガマズミ,Viburnum koreanum
絶滅危惧ⅠB類（EN）,維管束植物,スルガヒョウタンボク,Lonicera alpigena subsp. glehnii var. watanabeana
絶滅危惧ⅠB類（EN）,維管束植物,クロブシヒョウタンボク,Lonicera kurobushiensis
絶滅危惧ⅠB類（EN）,維管束植物,コゴメヒョウタンボク,Lonicera linderifolia var. konoi
絶滅危惧ⅠB類（EN）,維管束植物,ヤブヒョウタンボク,Lonicera linderifolia var. linderifolia
絶滅危惧ⅠB類（EN）,維管束植物,キンキヒョウタンボク,Lonicera ramosissima var. kinkiensis
絶滅危惧ⅠB類（EN）,維管束植物,チシマキンレイカ,Patrinia sibirica
絶滅危惧ⅠB類（EN）,維管束植物,オオキンレイカ,Patrinia triloba var. takeuchiana
絶滅危惧ⅠB類（EN）,維管束植物,オオミノトベラ,Pittosporum boninense var. chichijimense
絶滅危惧ⅠB類（EN）,維管束植物,ヒュウガセンキュウ,Angelica minamitanii
絶滅危惧ⅠB類（EN）,維管束植物,イシヅチボウフウ,Angelica saxicola
絶滅危惧ⅠB類（EN）,維管束植物,クマノダケ,Angelica shikokiana var. mayebarana
絶滅危惧ⅠB類（EN）,維管束植物,トカチトウキ,Angelica stenoloba var. valens
絶滅危惧ⅠB類（EN）,維管束植物,ウバタケニンジン,Angelica ubatakensis
絶滅危惧ⅠB類（EN）,維管束植物,トサボウフウ,Angelica yoshinagae
絶滅危惧ⅠB類（EN）,維管束植物,レブンサイコ,Bupleurum ajanense
絶滅危惧ⅠB類（EN）,維管束植物,ヤクシマセントウソウ,Chamaele decumbens var. micrantha
絶滅危惧ⅠB類（EN）,維管束植物,ツルギハナウド,Heracleum sphondylium var. turugisanense
絶滅危惧ⅠB類（EN）,維管束植物,ツクシボウフウ,Pimpinella thellungiana var. gustavohegiana
絶滅危惧ⅠB類（EN）,維管束植物,ヤマナシウマノミツバ,Sanicula kaiensis
絶滅危惧ⅠB類（EN）,維管束植物,フキヤミツバ,Sanicula tuberculata
絶滅危惧Ⅱ類（VU）,維管束植物,ヒモヅル,Lycopodium casuarinoides
絶滅危惧Ⅱ類（VU）,維管束植物,スギラン,Phlegmariurus cryptomerinus
絶滅危惧Ⅱ類（VU）,維管束植物,ミズニラモドキ,Isoetes pseudojaponica
絶滅危惧Ⅱ類（VU）,維管束植物,シナミズニラ,Isoetes sinensis
絶滅危惧Ⅱ類（VU）,維管束植物,コケカタヒバ,Selaginella aristata
絶滅危惧Ⅱ類（VU）,維管束植物,アマミクラマゴケ,Selaginella limbata
絶滅危惧Ⅱ類（VU）,維管束植物,イヌカタヒバ,Selaginella moellendorffii
絶滅危惧Ⅱ類（VU）,維管束植物,エゾノヒモカズラ,Selaginella sibirica
絶滅危惧Ⅱ類（VU）,維管束植物,ヤチスギナ,Equisetum pratense
絶滅危惧Ⅱ類（VU）,維管束植物,ヒメドクサ,Equisetum scirpoides
絶滅危惧Ⅱ類（VU）,維管束植物,フサスギナ,Equisetum sylvaticum
絶滅危惧Ⅱ類（VU）,維管束植物,ヒメハナワラビ,Botrychium lunaria
絶滅危惧Ⅱ類（VU）,維管束植物,チャボハナヤスリ,Ophioglossum parvum
絶滅危惧Ⅱ類（VU）,維管束植物,ハハジマホラゴケ,Abrodictyum boninense
絶滅危惧Ⅱ類（VU）,維管束植物,マメゴケシダ,Didymoglossum motleyi
絶滅危惧Ⅱ類（VU）,維管束植物,ミウラハイホラゴケ,Vandenboschia miuraensis
絶滅危惧Ⅱ類（VU）,維管束植物,リュウキュウオオハイホラゴケ,Vandenboschia oshimensis
絶滅危惧Ⅱ類（VU）,維管束植物,カネコシダ,Diplopterygium laevissimum
絶滅危惧Ⅱ類（VU）,維管束植物,リュウキュウキジノオ,Plagiogyria koidzumii
絶滅危惧Ⅱ類（VU）,維管束植物,ヒメホングウシダ,Lindsaea cambodgensis
絶滅危惧Ⅱ類（VU）,維管束植物,イワホウライシダ,Adiantum ogasawarense
絶滅危惧Ⅱ類（VU）,維管束植物,タキミシダ,Antrophyum obovatum
絶滅危惧Ⅱ類（VU）,維管束植物,エビガラシダ,Cheilanthes chusana
絶滅危惧Ⅱ類（VU）,維管束植物,ヒメシシラン,Haplopteris anguste-elongata
絶滅危惧Ⅱ類（VU）,維管束植物,キドイノモトソウ,Pteris kidoi
絶滅危惧Ⅱ類（VU）,維管束植物,ヤワラハチジョウシダ,Pteris natiensis
絶滅危惧Ⅱ類（VU）,維管束植物,カワリバアマクサシダ,Pteris perplexa
絶滅危惧Ⅱ類（VU）,維管束植物,サツマハチジョウシダ,Pteris satsumana
絶滅危惧Ⅱ類（VU）,維管束植物,ヤクシマハチジョウシダ,Pteris yakuinsularis
絶滅危惧Ⅱ類（VU）,維管束植物,コウシュンシダ,Microlepia obtusiloba var. obtusiloba
絶滅危惧Ⅱ類（VU）,維管束植物,オオイシカグマ,Microlepia speluncae
絶滅危惧Ⅱ類（VU）,維管束植物,クロガネシダ,Asplenium coenobiale
絶滅危惧Ⅱ類（VU）,維管束植物,ナンカイシダ,Asplenium micantifrons
絶滅危惧Ⅱ類（VU）,維管束植物,ムニンシダ,Asplenium polyodon
絶滅危惧Ⅱ類（VU）,維管束植物,オクタマシダ,Asplenium pseudowilfordii
絶滅危惧Ⅱ類（VU）,維管束植物,テンリュウヌリトラノオ,Asplenium shimurae
絶滅危惧Ⅱ類（VU）,維管束植物,オトメシダ,Asplenium tenerum
絶滅危惧Ⅱ類（VU）,維管束植物,ラハオシダ,Hymenasplenium excisum
絶滅危惧Ⅱ類（VU）,維管束植物,オオギミシダ,Woodwardia harlandii
絶滅危惧Ⅱ類（VU）,維管束植物,テバコワラビ,Athyrium atkinsonii
絶滅危惧Ⅱ類（VU）,維管束植物,ヘイケイヌワラビ,Athyrium eremicola
絶滅危惧Ⅱ類（VU）,維管束植物,ヒメホウビシダ,Athyrium nakanoi
絶滅危惧Ⅱ類（VU）,維管束植物,サカバサトメシダ,Athyrium palustre
絶滅危惧Ⅱ類（VU）,維管束植物,コウライイヌワラビ,Deparia coreana
絶滅危惧Ⅱ類（VU）,維管束植物,ウスバシケシダ,Deparia longipes
絶滅危惧Ⅱ類（VU）,維管束植物,シマクジャク,Diplazium longicarpum
絶滅危惧Ⅱ類（VU）,維管束植物,ニセシロヤマシダ,Diplazium taiwanense
絶滅危惧Ⅱ類（VU）,維管束植物,タイワンハシゴシダ,Thelypteris castanea
絶滅危惧Ⅱ類（VU）,維管束植物,トサノミゾシダモドキ,Thelypteris flexilis
絶滅危惧Ⅱ類（VU）,維管束植物,ヤクシマカナワラビ,Arachniodes cavaleriei
絶滅危惧Ⅱ類（VU）,維管束植物,シビカナワラビ,Arachniodes hekiana
絶滅危惧Ⅱ類（VU）,維管束植物,ハガクレカナワラビ,Arachniodes yasu-inouei var. yasu-inouei
絶滅危惧Ⅱ類（VU）,維管束植物,コミダケシダ,Ctenitis iriomotensis
絶滅危惧Ⅱ類（VU）,維管束植物,イワカゲワラビ,Dryopteris laeta
絶滅危惧Ⅱ類（VU）,維管束植物,タイワンヒメワラビ,Dryopteris nodosa
絶滅危惧Ⅱ類（VU）,維管束植物,モトイタチシダ,Dryopteris protobissetiana
絶滅危惧Ⅱ類（VU）,維管束植物,ヒロハアツイタ,Elaphoglossum tosaense
絶滅危惧Ⅱ類（VU）,維管束植物,アツイタ,Elaphoglossum yoshinagae
絶滅危惧Ⅱ類（VU）,維管束植物,オニイノデ,Polystichum rigens
絶滅危惧Ⅱ類（VU）,維管束植物,コモチイノデ,Polystichum scariosum
絶滅危惧Ⅱ類（VU）,維管束植物,ツルキジノオ,Lomariopsis boninensis
絶滅危惧Ⅱ類（VU）,維管束植物,キクシノブ,Davallia repens
絶滅危惧Ⅱ類（VU）,維管束植物,ミョウギシダ,Goniophlebium someyae
絶滅危惧Ⅱ類（VU）,維管束植物,タイワンクリハラン,Leptochilus hemionitideus
絶滅危惧Ⅱ類（VU）,維管束植物,ムニンサジラン,Loxogramme boninensis
絶滅危惧Ⅱ類（VU）,維管束植物,ナガバコウラボシ,Oreogrammitis tuyamae
絶滅危惧Ⅱ類（VU）,維管束植物,ヒメバラモミ,Picea maximowiczii
絶滅危惧Ⅱ類（VU）,維管束植物,トガサワラ,Pseudotsuga japonica
絶滅危惧Ⅱ類（VU）,維管束植物,リシリビャクシン,Juniperus communis var. montana
絶滅危惧Ⅱ類（VU）,維管束植物,シマムロ,Juniperus taxifolia var. taxifolia
絶滅危惧Ⅱ類（VU）,維管束植物,オニバス,Euryale ferox
絶滅危惧Ⅱ類（VU）,維管束植物,オゼコウホネ,Nuphar pumila var. ozeensis
絶滅危惧Ⅱ類（VU）,維管束植物,ネムロコウホネ,Nuphar pumila var. pumila
絶滅危惧Ⅱ類（VU）,維管束植物,エゾベニヒツジグサ,Nymphaea tetragona var. erythrostigmatica
絶滅危惧Ⅱ類（VU）,維管束植物,キビヒトリシズカ,Chloranthus fortunei
絶滅危惧Ⅱ類（VU）,維管束植物,シマゴショウ,Peperomia boninsimensis
絶滅危惧Ⅱ類（VU）,維管束植物,マルバウマノスズクサ,Aristolochia contorta
絶滅危惧Ⅱ類（VU）,維管束植物,コウシュンウマノスズクサ,Aristolochia zollingeriana
絶滅危惧Ⅱ類（VU）,維管束植物,ナンゴクアオイ,Asarum crassum
絶滅危惧Ⅱ類（VU）,維管束植物,ミチノクサイシン,Asarum fauriei var. fauriei
絶滅危惧Ⅱ類（VU）,維管束植物,ミヤマアオイ,Asarum fauriei var. nakaianum
絶滅危惧Ⅱ類（VU）,維管束植物,フジノカンアオイ,Asarum fudsinoi
絶滅危惧Ⅱ類（VU）,維管束植物,ツクシアオイ,Asarum kiusianum var. kiusianum
絶滅危惧Ⅱ類（VU）,維管束植物,クワイバカンアオイ,Asarum kumageanum var. kumageanum
絶滅危惧Ⅱ類（VU）,維管束植物,アマギカンアオイ,Asarum muramatsui var. muramatsui
絶滅危惧Ⅱ類（VU）,維管束植物,ナンカイアオイ,Asarum nipponicum var. nankaiense
絶滅危惧Ⅱ類（VU）,維管束植物,サカワサイシン,Asarum sakawanum var. sakawanum
絶滅危惧Ⅱ類（VU）,維管束植物,トクノシマカンアオイ,Asarum simile
絶滅危惧Ⅱ類（VU）,維管束植物,キナンカンアオイ,Asarum takaoi var. austrokiiensis
絶滅危惧Ⅱ類（VU）,維管束植物,タマノカンアオイ,Asarum tamaense
絶滅危惧Ⅱ類（VU）,維管束植物,オニカンアオイ,Asarum yakusimense
絶滅危惧Ⅱ類（VU）,維管束植物,シナクスモドキ,Cryptocarya chinensis
絶滅危惧Ⅱ類（VU）,維管束植物,オキナワコウバシ,Lindera communis var. okinawensis
絶滅危惧Ⅱ類（VU）,維管束植物,ヤマコンニャク,Amorphophallus kiusianus
絶滅危惧Ⅱ類（VU）,維管束植物,タカハシテンナンショウ,Arisaema nambae
絶滅危惧Ⅱ類（VU）,維管束植物,ナベクラザゼンソウ,Symplocarpus nabekuraensis
絶滅危惧Ⅱ類（VU）,維管束植物,マルバオモダカ,Caldesia parnassiifolia
絶滅危惧Ⅱ類（VU）,維管束植物,マルミスブタ,Blyxa aubertii
絶滅危惧Ⅱ類（VU）,維管束植物,スブタ,Blyxa echinosperma
絶滅危惧Ⅱ類（VU）,維管束植物,トゲウミヒルモ,Halophila decipiens
絶滅危惧Ⅱ類（VU）,維管束植物,トリゲモ,Najas minor
絶滅危惧Ⅱ類（VU）,維管束植物,イトイバラモ,Najas yezoensis
絶滅危惧Ⅱ類（VU）,維管束植物,ヒラモ,Vallisneria natans var. higoensis
絶滅危惧Ⅱ類（VU）,維管束植物,ホソバノシバナ,Triglochin palustris
絶滅危惧Ⅱ類（VU）,維管束植物,オオアマモ,Zostera asiatica
絶滅危惧Ⅱ類（VU）,維管束植物,タチアマモ,Zostera caulescens
絶滅危惧Ⅱ類（VU）,維管束植物,ホソバヒルムシロ,Potamogeton alpinus
絶滅危惧Ⅱ類（VU）,維管束植物,コバノヒルムシロ,Potamogeton cristatus
絶滅危惧Ⅱ類（VU）,維管束植物,ツツイトモ,Potamogeton pusillus
絶滅危惧Ⅱ類（VU）,維管束植物,ササエビモ,Potamogeton x nitens
絶滅危惧Ⅱ類（VU）,維管束植物,イトクズモ,Zannichellia palustris
絶滅危惧Ⅱ類（VU）,維管束植物,オゼソウ,Japonolirion osense
絶滅危惧Ⅱ類（VU）,維管束植物,キリシマシャクジョウ,Burmannia nepalensis
絶滅危惧Ⅱ類（VU）,維管束植物,イズドコロ,Dioscorea izuensis
絶滅危惧Ⅱ類（VU）,維管束植物,スズフリホンゴウソウ,Sciaphila ramosa
絶滅危惧Ⅱ類（VU）,維管束植物,ウエマツソウ,Sciaphila secundiflora
絶滅危惧Ⅱ類（VU）,維管束植物,リシリソウ,Anticlea sibirica
絶滅危惧Ⅱ類（VU）,維管束植物,アズマシライトソウ,Chionographis hisauchiana subsp. hisauchiana
絶滅危惧Ⅱ類（VU）,維管束植物,クロヒメシライトソウ,Chionographis hisauchiana subsp. kurohimensis
絶滅危惧Ⅱ類（VU）,維管束植物,ヤクシマシライトソウ,Chionographis japonica var. yakusimensis
絶滅危惧Ⅱ類（VU）,維管束植物,チャボシライトソウ,Chionographis koidzumiana var. koidzumiana
絶滅危惧Ⅱ類（VU）,維管束植物,コショウジョウバカマ,Heloniopsis kawanoi
絶滅危惧Ⅱ類（VU）,維管束植物,オオシロショウジョウバカマ,Heloniopsis leucantha
絶滅危惧Ⅱ類（VU）,維管束植物,コジマエンレイソウ,Trillium smallii var. smallii
絶滅危惧Ⅱ類（VU）,維管束植物,シラオイエンレイソウ,Trillium x hagae
絶滅危惧Ⅱ類（VU）,維管束植物,ミカワバイケイソウ,Veratrum stamineum var. micranthum
絶滅危惧Ⅱ類（VU）,維管束植物,アマミヒメカカラ,Smilax amamiana
絶滅危惧Ⅱ類（VU）,維管束植物,トカラサンキライ,Smilax fui
絶滅危惧Ⅱ類（VU）,維管束植物,ヒロハノアマナ,Amana erythronioides
絶滅危惧Ⅱ類（VU）,維管束植物,イズモコバイモ,Fritillaria ayakoana
絶滅危惧Ⅱ類（VU）,維管束植物,ミノコバイモ,Fritillaria japonica
絶滅危惧Ⅱ類（VU）,維管束植物,アワコバイモ,Fritillaria muraiana
絶滅危惧Ⅱ類（VU）,維管束植物,エゾヒメアマナ,Gagea vaginata
絶滅危惧Ⅱ類（VU）,維管束植物,ノヒメユリ,Lilium callosum var. callosum
絶滅危惧Ⅱ類（VU）,維管束植物,ミヤマスカシユリ,Lilium maculatum var. bukosanense
絶滅危惧Ⅱ類（VU）,維管束植物,タキユリ,Lilium speciosum var. clivorum
絶滅危惧Ⅱ類（VU）,維管束植物,カノコユリ,Lilium speciosum var. speciosum
絶滅危惧Ⅱ類（VU）,維管束植物,キバナノホトトギス,Tricyrtis flava
絶滅危惧Ⅱ類（VU）,維管束植物,タイワンホトトギス,Tricyrtis formosana
絶滅危惧Ⅱ類（VU）,維管束植物,ジョウロウホトトギス,Tricyrtis macrantha
絶滅危惧Ⅱ類（VU）,維管束植物,キイジョウロウホトトギス,Tricyrtis macranthopsis
絶滅危惧Ⅱ類（VU）,維管束植物,オガサワラシコウラン,Bulbophyllum boninense
絶滅危惧Ⅱ類（VU）,維管束植物,ダルマエビネ,Calanthe alismifolia
絶滅危惧Ⅱ類（VU）,維管束植物,アサヒエビネ,Calanthe hattorii
絶滅危惧Ⅱ類（VU）,維管束植物,レンギョウエビネ,Calanthe lyroglossa
絶滅危惧Ⅱ類（VU）,維管束植物,オナガエビネ,Calanthe masuca
絶滅危惧Ⅱ類（VU）,維管束植物,キンセイラン,Calanthe nipponica
絶滅危惧Ⅱ類（VU）,維管束植物,ナツエビネ,Calanthe puberula var. puberula
絶滅危惧Ⅱ類（VU）,維管束植物,キエビネ,Calanthe sieboldii
絶滅危惧Ⅱ類（VU）,維管束植物,サルメンエビネ,Calanthe tricarinata
絶滅危惧Ⅱ類（VU）,維管束植物,ツルラン,Calanthe triplicata
絶滅危惧Ⅱ類（VU）,維管束植物,ヒメホテイラン,Calypso bulbosa var. bulbosa
絶滅危惧Ⅱ類（VU）,維管束植物,クゲヌマラン,Cephalanthera longifolia
絶滅危惧Ⅱ類（VU）,維管束植物,ヒメノヤガラ,Chamaegastrodia sikokiana
絶滅危惧Ⅱ類（VU）,維管束植物,アカバシュスラン,Cheirostylis liukiuensis
絶滅危惧Ⅱ類（VU）,維管束植物,オサラン,Conchidium japonicum
絶滅危惧Ⅱ類（VU）,維管束植物,バイケイラン,Corymborkis veratrifolia
絶滅危惧Ⅱ類（VU）,維管束植物,トケンラン,Cremastra unguiculata
絶滅危惧Ⅱ類（VU）,維管束植物,マヤラン,Cymbidium macrorhizon
絶滅危惧Ⅱ類（VU）,維管束植物,ナギラン,Cymbidium nagifolium
絶滅危惧Ⅱ類（VU）,維管束植物,クマガイソウ,Cypripedium japonicum var. japonicum
絶滅危惧Ⅱ類（VU）,維管束植物,アツモリソウ,Cypripedium macranthos var. speciosum
絶滅危惧Ⅱ類（VU）,維管束植物,キバナノアツモリソウ,Cypripedium yatabeanum
絶滅危惧Ⅱ類（VU）,維管束植物,キバナノセッコク,Dendrobium tosaense
絶滅危惧Ⅱ類（VU）,維管束植物,ハマカキラン,Epipactis papillosa var. sayekiana
絶滅危惧Ⅱ類（VU）,維管束植物,イモネヤガラ,Eulophia zollingeri
絶滅危惧Ⅱ類（VU）,維管束植物,カシノキラン,Gastrochilus japonicus
絶滅危惧Ⅱ類（VU）,維管束植物,マツラン,Gastrochilus matsuran
絶滅危惧Ⅱ類（VU）,維管束植物,モミラン,Gastrochilus toramanus
絶滅危惧Ⅱ類（VU）,維管束植物,ヌカヅキヤツシロラン,Gastrodia flexistyloides
絶滅危惧Ⅱ類（VU）,維管束植物,コンジキヤガラ,Gastrodia javanica
絶滅危惧Ⅱ類（VU）,維管束植物,ハルザキヤツシロラン,Gastrodia nipponica
絶滅危惧Ⅱ類（VU）,維管束植物,ヤンバルヤツシロラン,Gastrodia nipponicoides
絶滅危惧Ⅱ類（VU）,維管束植物,タケシマヤツシロラン,Gastrodia takeshimensis
絶滅危惧Ⅱ類（VU）,維管束植物,ナンバンキンギンソウ,Goodyera rubicunda
絶滅危惧Ⅱ類（VU）,維管束植物,シマシュスラン,Goodyera viridiflora
絶滅危惧Ⅱ類（VU）,維管束植物,ヒメミズトンボ,Habenaria yezoensis var. yezoensis
絶滅危惧Ⅱ類（VU）,維管束植物,ヒナチドリ,Hemipilia chidori
絶滅危惧Ⅱ類（VU）,維管束植物,ヒナラン,Hemipilia gracilis
絶滅危惧Ⅱ類（VU）,維管束植物,コアニチドリ,Hemipilia kinoshitae
絶滅危惧Ⅱ類（VU）,維管束植物,オキナワチドリ,Hemipilia lepida
絶滅危惧Ⅱ類（VU）,維管束植物,ムカゴソウ,Herminium lanceum
絶滅危惧Ⅱ類（VU）,維管束植物,クロムヨウラン,Lecanorchis nigricans var. nigricans
絶滅危惧Ⅱ類（VU）,維管束植物,ギボウシラン,Liparis auriculata
絶滅危惧Ⅱ類（VU）,維管束植物,チケイラン,Liparis bootanensis
絶滅危惧Ⅱ類（VU）,維管束植物,シマササバラン,Liparis formosana var. hachijoensis
絶滅危惧Ⅱ類（VU）,維管束植物,フガクスズムシソウ,Liparis fujisanensis
絶滅危惧Ⅱ類（VU）,維管束植物,ササバラン,Liparis odorata
絶滅危惧Ⅱ類（VU）,維管束植物,ヒメムヨウラン,Neottia acuminata
絶滅危惧Ⅱ類（VU）,維管束植物,サカネラン,Neottia papilligera
絶滅危惧Ⅱ類（VU）,維管束植物,ムカデラン,Pelatantheria scolopendrifolia
絶滅危惧Ⅱ類（VU）,維管束植物,ガンゼキラン,Phaius flavus
絶滅危惧Ⅱ類（VU）,維管束植物,カクチョウラン,Phaius tankervilleae
絶滅危惧Ⅱ類（VU）,維管束植物,タカネトンボ,Platanthera chorisiana var. chorisiana
絶滅危惧Ⅱ類（VU）,維管束植物,シロウマチドリ,Platanthera convallariifolia
絶滅危惧Ⅱ類（VU）,維管束植物,ヒロハトンボソウ,Platanthera fuscescens
絶滅危惧Ⅱ類（VU）,維管束植物,ヤマサギソウ,Platanthera mandarinorum subsp. mandarinorum var. oreades
絶滅危惧Ⅱ類（VU）,維管束植物,ナガバトンボソウ,Platanthera tipuloides subsp. linearifolia
絶滅危惧Ⅱ類（VU）,維管束植物,ヤクシマアカシュスラン,Rhomboda yakusimensis
絶滅危惧Ⅱ類（VU）,維管束植物,コウトウシラン,Spathoglottis plicata
絶滅危惧Ⅱ類（VU）,維管束植物,イリオモテムヨウラン,Stereosandra javanica
絶滅危惧Ⅱ類（VU）,維管束植物,コオロギラン,Stigmatodactylus sikokianus
絶滅危惧Ⅱ類（VU）,維管束植物,ヒメトケンラン,Tainia laxiflora
絶滅危惧Ⅱ類（VU）,維管束植物,ムニンキヌラン,Zeuxine boninensis
絶滅危惧Ⅱ類（VU）,維管束植物,エヒメアヤメ,Iris rossii
絶滅危惧Ⅱ類（VU）,維管束植物,ステゴビル,Allium inutile
絶滅危惧Ⅱ類（VU）,維管束植物,キイイトラッキョウ,Allium kiiense
絶滅危惧Ⅱ類（VU）,維管束植物,イズアサツキ,Allium schoenoprasum var. idzuense
絶滅危惧Ⅱ類（VU）,維管束植物,ハマタマボウキ,Asparagus kiusianus
絶滅危惧Ⅱ類（VU）,維管束植物,ザラツキギボウシ,Hosta kikutii var. scabrinervia
絶滅危惧Ⅱ類（VU）,維管束植物,カムロギボウシ,Hosta longipedicellata
絶滅危惧Ⅱ類（VU）,維管束植物,サムカゼギボウシ,Hosta samukazemontana
絶滅危惧Ⅱ類（VU）,維管束植物,タキミナズキギボウシ,Hosta takiminazukiflora subsp. takiminazukiflora
絶滅危惧Ⅱ類（VU）,維管束植物,ナガサキギボウシ,Hosta tsushimensis var. tibae
絶滅危惧Ⅱ類（VU）,維管束植物,ノヤシ,Clinostigma savoryanum
絶滅危惧Ⅱ類（VU）,維管束植物,サルゾコミョウガ,Pollia secundiflora
絶滅危惧Ⅱ類（VU）,維管束植物,アオイカズラ,Streptolirion lineare
絶滅危惧Ⅱ類（VU）,維管束植物,ホソバウキミクリ,Sparganium angustifolium
絶滅危惧Ⅱ類（VU）,維管束植物,オオミクリ,Sparganium eurycarpum subsp. coreanum
絶滅危惧Ⅱ類（VU）,維管束植物,ウキミクリ,Sparganium gramineum
絶滅危惧Ⅱ類（VU）,維管束植物,ヒメミクリ,Sparganium subglobosum
絶滅危惧Ⅱ類（VU）,維管束植物,クロイヌノヒゲモドキ,Eriocaulon atroides
絶滅危惧Ⅱ類（VU）,維管束植物,ヤマトホシクサ,Eriocaulon japonicum
絶滅危惧Ⅱ類（VU）,維管束植物,クシロホシクサ,Eriocaulon kusiroense
絶滅危惧Ⅱ類（VU）,維管束植物,ゴマシオホシクサ,Eriocaulon nepalense
絶滅危惧Ⅱ類（VU）,維管束植物,シラタマホシクサ,Eriocaulon nudicuspe
絶滅危惧Ⅱ類（VU）,維管束植物,シロエゾホシクサ,Eriocaulon pallescens
絶滅危惧Ⅱ類（VU）,維管束植物,カラフトホシクサ,Eriocaulon sachalinense
絶滅危惧Ⅱ類（VU）,維管束植物,アズマホシクサ,Eriocaulon takae
絶滅危惧Ⅱ類（VU）,維管束植物,クロコウガイゼキショウ,Juncus castaneus
絶滅危惧Ⅱ類（VU）,維管束植物,セキショウイ,Juncus covillei
絶滅危惧Ⅱ類（VU）,維管束植物,オオサンカクイ,Actinoscirpus grossus
絶滅危惧Ⅱ類（VU）,維管束植物,ホザキマスクサ,Carex angustealata
絶滅危惧Ⅱ類（VU）,維管束植物,アポイタヌキラン,Carex apoiensis
絶滅危惧Ⅱ類（VU）,維管束植物,ワンドスゲ,Carex argyi
絶滅危惧Ⅱ類（VU）,維管束植物,タルマイスゲ,Carex buxbaumii
絶滅危惧Ⅱ類（VU）,維管束植物,ジョウロウスゲ,Carex capricornis
絶滅危惧Ⅱ類（VU）,維管束植物,ヌマアゼスゲ,Carex cinerascens
絶滅危惧Ⅱ類（VU）,維管束植物,トカラカンスゲ,Carex conica var. scabrocaudata
絶滅危惧Ⅱ類（VU）,維管束植物,ヒメアゼスゲ,Carex eleusinoides
絶滅危惧Ⅱ類（VU）,維管束植物,オクタマツリスゲ,Carex filipes var. kuzakaiensis
絶滅危惧Ⅱ類（VU）,維管束植物,タイワンスゲ,Carex formosensis
絶滅危惧Ⅱ類（VU）,維管束植物,サヤマスゲ,Carex hashimotoi
絶滅危惧Ⅱ類（VU）,維管束植物,セトウチスゲ,Carex kagoshimensis
絶滅危惧Ⅱ類（VU）,維管束植物,イトナルコスゲ,Carex laxa
絶滅危惧Ⅱ類（VU）,維管束植物,ムセンスゲ,Carex livida
絶滅危惧Ⅱ類（VU）,維管束植物,アカンスゲ,Carex loliacea
絶滅危惧Ⅱ類（VU）,維管束植物,ヌマクロボスゲ,Carex meyeriana
絶滅危惧Ⅱ類（VU）,維管束植物,キシュウナキリスゲ,Carex nachiana
絶滅危惧Ⅱ類（VU）,維管束植物,ミヤマイワスゲ,Carex odontostoma
絶滅危惧Ⅱ類（VU）,維管束植物,スルガスゲ,Carex omurae
絶滅危惧Ⅱ類（VU）,維管束植物,ダケスゲ,Carex paupercula
絶滅危惧Ⅱ類（VU）,維管束植物,ハシナガカンスゲ,Carex phaeodon
絶滅危惧Ⅱ類（VU）,維管束植物,アカネスゲ,Carex poculisquama
絶滅危惧Ⅱ類（VU）,維管束植物,シロホンモンジスゲ,Carex polyschoena
絶滅危惧Ⅱ類（VU）,維管束植物,アカスゲ,Carex quadriflora
絶滅危惧Ⅱ類（VU）,維管束植物,イトヒキスゲ,Carex remotiuscula
絶滅危惧Ⅱ類（VU）,維管束植物,カラフトカサスゲ,Carex rostrata
絶滅危惧Ⅱ類（VU）,維管束植物,シュミットスゲ,Carex schmidtii
絶滅危惧Ⅱ類（VU）,維管束植物,シコタンスゲ,Carex scita var. scabrinervia
絶滅危惧Ⅱ類（VU）,維管束植物,タカネナルコ,Carex siroumensis
絶滅危惧Ⅱ類（VU）,維管束植物,ミヤケスゲ,Carex subumbellata var. subumbellata
絶滅危惧Ⅱ類（VU）,維管束植物,タイホクスゲ,Carex taihokuensis
絶滅危惧Ⅱ類（VU）,維管束植物,ノスゲ,Carex tashiroana
絶滅危惧Ⅱ類（VU）,維管束植物,オノエスゲ,Carex tenuiformis
絶滅危惧Ⅱ類（VU）,維管束植物,フサカンスゲ,Carex tokarensis
絶滅危惧Ⅱ類（VU）,維管束植物,セキモンスゲ,Carex toyoshimae
絶滅危惧Ⅱ類（VU）,維管束植物,ホロムイクグ,Carex tsuishikarensis
絶滅危惧Ⅱ類（VU）,維管束植物,イワヤスゲ,Carex tumidula
絶滅危惧Ⅱ類（VU）,維管束植物,ヌイオスゲ,Carex vanheurckii
絶滅危惧Ⅱ類（VU）,維管束植物,ホウキガヤツリ,Cyperus distans
絶滅危惧Ⅱ類（VU）,維管束植物,カンエンガヤツリ,Cyperus exaltatus var. iwasakii
絶滅危惧Ⅱ類（VU）,維管束植物,ツクシオオガヤツリ,Cyperus ohwii
絶滅危惧Ⅱ類（VU）,維管束植物,カガシラ,Diplacrum caricinum
絶滅危惧Ⅱ類（VU）,維管束植物,チシママツバイ,Eleocharis acicularis var. acicularis
絶滅危惧Ⅱ類（VU）,維管束植物,スジヌマハリイ,Eleocharis equisetiformis
絶滅危惧Ⅱ類（VU）,維管束植物,シロミノハリイ,Eleocharis margaritacea
絶滅危惧Ⅱ類（VU）,維管束植物,コツブヌマハリイ,Eleocharis parvinux
絶滅危惧Ⅱ類（VU）,維管束植物,チャボイ,Eleocharis parvula
絶滅危惧Ⅱ類（VU）,維管束植物,ツクシテンツキ,Fimbristylis dichotoma subsp. podocarpa
絶滅危惧Ⅱ類（VU）,維管束植物,オノエテンツキ,Fimbristylis fusca
絶滅危惧Ⅱ類（VU）,維管束植物,ムニンテンツキ,Fimbristylis longispica var. boninensis
絶滅危惧Ⅱ類（VU）,維管束植物,ノハラテンツキ,Fimbristylis pierotii
絶滅危惧Ⅱ類（VU）,維管束植物,トネテンツキ,Fimbristylis stauntonii var. tonensis
絶滅危惧Ⅱ類（VU）,維管束植物,シマイガクサ,Rhynchospora boninensis
絶滅危惧Ⅱ類（VU）,維管束植物,ハタベカンガレイ,Schoenoplectiella gemmifera
絶滅危惧Ⅱ類（VU）,維管束植物,ヒメカンガレイ,Schoenoplectiella mucronata var. mucronata
絶滅危惧Ⅱ類（VU）,維管束植物,タカネクロスゲ,Scirpus maximowiczii
絶滅危惧Ⅱ類（VU）,維管束植物,ミカワシンジュガヤ,Scleria mikawana
絶滅危惧Ⅱ類（VU）,維管束植物,クロミノシンジュガヤ,Scleria sumatrensis
絶滅危惧Ⅱ類（VU）,維管束植物,ユキクラヌカボ,Agrostis hideoi
絶滅危惧Ⅱ類（VU）,維管束植物,ミヤマハルガヤ,Anthoxanthum odoratum subsp. nipponicum
絶滅危惧Ⅱ類（VU）,維管束植物,マツバシバ,Aristida boninensis
絶滅危惧Ⅱ類（VU）,維管束植物,オオマツバシバ,Aristida takeoi
絶滅危惧Ⅱ類（VU）,維管束植物,ヤクシマノガリヤス,Calamagrostis masamunei
絶滅危惧Ⅱ類（VU）,維管束植物,ザラツキヒナガリヤス,Calamagrostis nana subsp. hayachinensis
絶滅危惧Ⅱ類（VU）,維管束植物,ツクシガヤ,Chikusichloa aquatica
絶滅危惧Ⅱ類（VU）,維管束植物,イリオモテガヤ,Chikusichloa brachyanthera
絶滅危惧Ⅱ類（VU）,維管束植物,ミズタカモジ,Elymus humidus
絶滅危惧Ⅱ類（VU）,維管束植物,オニカモジ,Elymus tsukushiensis var. tsukushiensis
絶滅危惧Ⅱ類（VU）,維管束植物,イゼナガヤ,Eriachne armittii
絶滅危惧Ⅱ類（VU）,維管束植物,ウンヌケ,Eulalia speciosa
絶滅危惧Ⅱ類（VU）,維管束植物,チイサンウシノケグサ,Festuca ovina var. chiisanensis
絶滅危惧Ⅱ類（VU）,維管束植物,タカネソモソモ,Festuca takedana
絶滅危惧Ⅱ類（VU）,維管束植物,アオシバ,Garnotia acutigluma
絶滅危惧Ⅱ類（VU）,維管束植物,アカヒゲガヤ,Heteropogon contortus
絶滅危惧Ⅱ類（VU）,維管束植物,オキナワミゾイチゴツナギ,Poa acroleuca var. ryukyuensis
絶滅危惧Ⅱ類（VU）,維管束植物,タカネタチイチゴツナギ,Poa glauca var. glauca
絶滅危惧Ⅱ類（VU）,維管束植物,ミヤマカニツリ,Trisetum koidzumianum
絶滅危惧Ⅱ類（VU）,維管束植物,リシリカニツリ,Trisetum spicatum subsp. alascanum
絶滅危惧Ⅱ類（VU）,維管束植物,ビロードキビ,Urochloa villosa
絶滅危惧Ⅱ類（VU）,維管束植物,チドリケマン,Corydalis kushiroensis
絶滅危惧Ⅱ類（VU）,維管束植物,サイコクイカリソウ,Epimedium diphyllum subsp. kitamuranum
絶滅危惧Ⅱ類（VU）,維管束植物,クモイイカリソウ,Epimedium koreanum var. coelestre
絶滅危惧Ⅱ類（VU）,維管束植物,ガッサントリカブト,Aconitum gassanense
絶滅危惧Ⅱ類（VU）,維管束植物,センウズモドキ,Aconitum jaluense subsp. iwatekense
絶滅危惧Ⅱ類（VU）,維管束植物,マシケレイジンソウ,Aconitum mashikense
絶滅危惧Ⅱ類（VU）,維管束植物,キタザワブシ,Aconitum nipponicum subsp. micranthum
絶滅危惧Ⅱ類（VU）,維管束植物,ミョウコウトリカブト,Aconitum nipponicum subsp. nipponicum var. septemcarpum
絶滅危惧Ⅱ類（VU）,維管束植物,ワガトリカブト,Aconitum okuyamae var. wagaense
絶滅危惧Ⅱ類（VU）,維管束植物,タカネトリカブト,Aconitum zigzag subsp. zigzag
絶滅危惧Ⅱ類（VU）,維管束植物,シコクフクジュソウ,Adonis shikokuensis
絶滅危惧Ⅱ類（VU）,維管束植物,ウラホロイチゲ,Anemone amurensis
絶滅危惧Ⅱ類（VU）,維管束植物,キタダケソウ,Callianthemum hondoense
絶滅危惧Ⅱ類（VU）,維管束植物,クロバナハンショウヅル,Clematis fusca var. fusca
絶滅危惧Ⅱ類（VU）,維管束植物,ムニンセンニンソウ,Clematis terniflora var. boninensis
絶滅危惧Ⅱ類（VU）,維管束植物,キバナサバノオ,Dichocarpum pterigionocaudatum
絶滅危惧Ⅱ類（VU）,維管束植物,ヒメキンポウゲ,Halerpestes kawakamii
絶滅危惧Ⅱ類（VU）,維管束植物,コキツネノボタン,Ranunculus chinensis
絶滅危惧Ⅱ類（VU）,維管束植物,ヒキノカサ,Ranunculus ternatus var. ternatus
絶滅危惧Ⅱ類（VU）,維管束植物,ダイセンカラマツ,Thalictrum aquilegiifolium var. daisenense
絶滅危惧Ⅱ類（VU）,維管束植物,ハルカラマツ,Thalictrum baicalense
絶滅危惧Ⅱ類（VU）,維管束植物,アポイカラマツ,Thalictrum foetidum var. apoiense
絶滅危惧Ⅱ類（VU）,維管束植物,チャボカラマツ,Thalictrum foetidum var. glabrescens
絶滅危惧Ⅱ類（VU）,維管束植物,ナガバカラマツ,Thalictrum integrilobum
絶滅危惧Ⅱ類（VU）,維管束植物,コゴメカラマツ,Thalictrum microspermum
絶滅危惧Ⅱ類（VU）,維管束植物,イシヅチカラマツ,Thalictrum minus var. yamamotoi
絶滅危惧Ⅱ類（VU）,維管束植物,イワカラマツ,Thalictrum sekimotoanum
絶滅危惧Ⅱ類（VU）,維管束植物,ノカラマツ,Thalictrum simplex var. brevipes
絶滅危惧Ⅱ類（VU）,維管束植物,ヤクシマカラマツ,Thalictrum tuberiferum var. yakusimense
絶滅危惧Ⅱ類（VU）,維管束植物,サクノキ,Meliosma arnottiana subsp. oldhamii var. hachijoensis
絶滅危惧Ⅱ類（VU）,維管束植物,オキナワツゲ,Buxus liukiuensis
絶滅危惧Ⅱ類（VU）,維管束植物,ベニバナヤマシャクヤク,Paeonia obovata
絶滅危惧Ⅱ類（VU）,維管束植物,トカチスグリ,Ribes triste
絶滅危惧Ⅱ類（VU）,維管束植物,マルバチャルメルソウ,Mitella nuda
絶滅危惧Ⅱ類（VU）,維管束植物,ワタナベソウ,Peltoboykinia watanabei
絶滅危惧Ⅱ類（VU）,維管束植物,センダイソウ,Saxifraga sendaica
絶滅危惧Ⅱ類（VU）,維管束植物,モミジバセンダイソウ,Saxifraga sendaica f. laciniata
絶滅危惧Ⅱ類（VU）,維管束植物,ヒダカミセバヤ,Hylotelephium cauticola
絶滅危惧Ⅱ類（VU）,維管束植物,ツガルミセバヤ,Hylotelephium ussuriense var. tsugaruense
絶滅危惧Ⅱ類（VU）,維管束植物,チャボツメレンゲ,Meterostachys sikokianus
絶滅危惧Ⅱ類（VU）,維管束植物,コモチレンゲ,Orostachys malacophylla var. boehmeri
絶滅危惧Ⅱ類（VU）,維管束植物,イワレンゲ,Orostachys malacophylla var. iwarenge
絶滅危惧Ⅱ類（VU）,維管束植物,ゲンカイイワレンゲ,Orostachys malacophylla var. malacophylla
絶滅危惧Ⅱ類（VU）,維管束植物,ヒメキリンソウ,Phedimus sikokianus
絶滅危惧Ⅱ類（VU）,維管束植物,ムコジママンネングサ,Sedum mukojimense
絶滅危惧Ⅱ類（VU）,維管束植物,ウンゼンマンネングサ,Sedum polytrichoides subsp. polytrichoides
絶滅危惧Ⅱ類（VU）,維管束植物,ヤハズマンネングサ,Sedum tosaense
絶滅危惧Ⅱ類（VU）,維管束植物,オグラノフサモ,Myriophyllum oguraense
絶滅危惧Ⅱ類（VU）,維管束植物,リシリオウギ,Astragalus frigidus subsp. parviflorus
絶滅危惧Ⅱ類（VU）,維管束植物,ビロードヒメクズ,Cajanus scarabaeoides
絶滅危惧Ⅱ類（VU）,維管束植物,ヒルギカズラ,Dalbergia candenatensis
絶滅危惧Ⅱ類（VU）,維管束植物,ミヤコジマツルマメ,Glycine koidzumii
絶滅危惧Ⅱ類（VU）,維管束植物,チョウセンキハギ,Lespedeza maximowiczii
絶滅危惧Ⅱ類（VU）,維管束植物,クロバナキハギ,Lespedeza melanantha
絶滅危惧Ⅱ類（VU）,維管束植物,リシリゲンゲ,Oxytropis campestris subsp. rishiriensis
絶滅危惧Ⅱ類（VU）,維管束植物,ヒダカミヤマノエンドウ,Oxytropis retusa
絶滅危惧Ⅱ類（VU）,維管束植物,イソフジ,Sophora tomentosa
絶滅危惧Ⅱ類（VU）,維管束植物,コチョウインゲン,Vigna adenantha
絶滅危惧Ⅱ類（VU）,維管束植物,チョウセンキンミズヒキ,Agrimonia coreana
絶滅危惧Ⅱ類（VU）,維管束植物,アポイヤマブキショウマ,Aruncus dioicus var. subrotundus
絶滅危惧Ⅱ類（VU）,維管束植物,シコクシモツケソウ,Filipendula tsuguwoi
絶滅危惧Ⅱ類（VU）,維管束植物,ツチグリ,Potentilla discolor
絶滅危惧Ⅱ類（VU）,維管束植物,キンロバイ,Potentilla fruticosa var. rigida
絶滅危惧Ⅱ類（VU）,維管束植物,メアカンキンバイ,Potentilla miyabei
絶滅危惧Ⅱ類（VU）,維管束植物,ヒロハノカワラサイコ,Potentilla niponica
絶滅危惧Ⅱ類（VU）,維管束植物,ウラジロキンバイ,Potentilla nivea var. camtschatica
絶滅危惧Ⅱ類（VU）,維管束植物,アオナシ,Pyrus ussuriensis var. hondoensis
絶滅危惧Ⅱ類（VU）,維管束植物,シマバライチゴ,Rubus lambertianus
絶滅危惧Ⅱ類（VU）,維管束植物,タイワンウラジロイチゴ,Rubus swinhoei
絶滅危惧Ⅱ類（VU）,維管束植物,ナンブトウウチソウ,Sanguisorba obtusa
絶滅危惧Ⅱ類（VU）,維管束植物,エゾシモツケ,Spiraea media var. sericea
絶滅危惧Ⅱ類（VU）,維管束植物,クマヤマグミ,Elaeagnus epitricha
絶滅危惧Ⅱ類（VU）,維管束植物,ヤエヤマハマナツメ,Colubrina asiatica
絶滅危惧Ⅱ類（VU）,維管束植物,タチゲヒカゲミズ,Parietaria micrantha var. coreana
絶滅危惧Ⅱ類（VU）,維管束植物,アラゲサンショウソウ,Pellionia brevifolia
絶滅危惧Ⅱ類（VU）,維管束植物,ナガバサンショウソウ,Pellionia yosiei
絶滅危惧Ⅱ類（VU）,維管束植物,ソハヤキミズ,Pilea swinglei
絶滅危惧Ⅱ類（VU）,維管束植物,ハナガガシ,Quercus hondae
絶滅危惧Ⅱ類（VU）,維管束植物,チチブミネバリ,Betula chichibuensis
絶滅危惧Ⅱ類（VU）,維管束植物,ヤチカンバ,Betula ovalifolia
絶滅危惧Ⅱ類（VU）,維管束植物,コウトウシュウカイドウ,Begonia fenicis
絶滅危惧Ⅱ類（VU）,維管束植物,リュウキュウツルマサキ,Euonymus austroliukiuensis
絶滅危惧Ⅱ類（VU）,維管束植物,ヒゼンマユミ,Euonymus chibae
絶滅危惧Ⅱ類（VU）,維管束植物,アオツリバナ,Euonymus yakushimensis
絶滅危惧Ⅱ類（VU）,維管束植物,オオヤマカタバミ,Oxalis obtriangulata
絶滅危惧Ⅱ類（VU）,維管束植物,ハギクソウ,Euphorbia octoradiata
絶滅危惧Ⅱ類（VU）,維管束植物,フジタイゲキ,Euphorbia watanabei subsp. watanabei
絶滅危惧Ⅱ類（VU）,維管束植物,ダイトウセイシボク,Excoecaria formosana var. daitoinsularis
絶滅危惧Ⅱ類（VU）,維管束植物,ハツバキ,Drypetes integerrima
絶滅危惧Ⅱ類（VU）,維管束植物,ヒダカミネヤナギ,Salix nakamurana subsp. kurilensis
絶滅危惧Ⅱ類（VU）,維管束植物,コマイワヤナギ,Salix rupifraga
絶滅危惧Ⅱ類（VU）,維管束植物,トゲイヌツゲ,Scolopia oldhamii
絶滅危惧Ⅱ類（VU）,維管束植物,ジンヨウキスミレ,Viola alliariifolia
絶滅危惧Ⅱ類（VU）,維管束植物,イソスミレ,Viola grayi
絶滅危惧Ⅱ類（VU）,維管束植物,シレトコスミレ,Viola kitamiana
絶滅危惧Ⅱ類（VU）,維管束植物,ホソバシロスミレ,Viola patrinii var. angustifolia
絶滅危惧Ⅱ類（VU）,維管束植物,タチスミレ,Viola raddeana
絶滅危惧Ⅱ類（VU）,維管束植物,シソバキスミレ,Viola yubariana
絶滅危惧Ⅱ類（VU）,維管束植物,ウスカワゴロモ,Hydrobryum floribundum
絶滅危惧Ⅱ類（VU）,維管束植物,カワゴロモ,Hydrobryum japonicum
絶滅危惧Ⅱ類（VU）,維管束植物,ツキヌキオトギリ,Hypericum sampsonii
絶滅危惧Ⅱ類（VU）,維管束植物,エゾオトギリ,Hypericum yezoense
絶滅危惧Ⅱ類（VU）,維管束植物,ダイセツヒナオトギリ,Hypericum yojiroanum
絶滅危惧Ⅱ類（VU）,維管束植物,ツクシフウロ,Geranium soboliferum var. kiusianum
絶滅危惧Ⅱ類（VU）,維管束植物,ヒメキカシグサ,Rotala elatinomorpha
絶滅危惧Ⅱ類（VU）,維管束植物,ヒメビシ,Trapa incisa
絶滅危惧Ⅱ類（VU）,維管束植物,エゾミズタマソウ,Circaea canadensis subsp. quadrisulcata
絶滅危惧Ⅱ類（VU）,維管束植物,オオアカバナ,Epilobium hirsutum
絶滅危惧Ⅱ類（VU）,維管束植物,トダイアカバナ,Epilobium platystigmatosum
絶滅危惧Ⅱ類（VU）,維管束植物,ケミズキンバイ,Ludwigia adscendens
絶滅危惧Ⅱ類（VU）,維管束植物,ミズキンバイ,Ludwigia peploides subsp. stipulacea
絶滅危惧Ⅱ類（VU）,維管束植物,コバノミヤマノボタン,Bredia okinawensis
絶滅危惧Ⅱ類（VU）,維管束植物,イオウノボタン,Melastoma candidum var. alessandrense
絶滅危惧Ⅱ類（VU）,維管束植物,クスノハカエデ,Acer itoanum
絶滅危惧Ⅱ類（VU）,維管束植物,クロビイタヤ,Acer miyabei
絶滅危惧Ⅱ類（VU）,維管束植物,ハナノキ,Acer pycnanthum
絶滅危惧Ⅱ類（VU）,維管束植物,ムニンゴシュユ,Melicope nishimurae
絶滅危惧Ⅱ類（VU）,維管束植物,ヤクシマカラスザンショウ,Zanthoxylum yakumontanum
絶滅危惧Ⅱ類（VU）,維管束植物,チョウセンナニワズ,Daphne koreana
絶滅危惧Ⅱ類（VU）,維管束植物,シャクナンガンピ,Daphnimorpha kudoi
絶滅危惧Ⅱ類（VU）,維管束植物,ミヤマガンピ,Diplomorpha albiflora
絶滅危惧Ⅱ類（VU）,維管束植物,サクラガンピ,Diplomorpha pauciflora var. pauciflora
絶滅危惧Ⅱ類（VU）,維管束植物,タチスズシロソウ,Arabidopsis kamchatica subsp. kawasakiana
絶滅危惧Ⅱ類（VU）,維管束植物,カワチスズシロソウ,Arabis flagellosa var. kawachiensis
絶滅危惧Ⅱ類（VU）,維管束植物,クモイナズナ,Arabis tanakana
絶滅危惧Ⅱ類（VU）,維管束植物,クモマナズナ,Draba sakuraii var. nipponica
絶滅危惧Ⅱ類（VU）,維管束植物,ミギワガラシ,Rorippa globosa
絶滅危惧Ⅱ類（VU）,維管束植物,ミヤマツチトリモチ,Balanophora nipponica
絶滅危惧Ⅱ類（VU）,維管束植物,アマクサツチトリモチ,Balanophora subcupularis
絶滅危惧Ⅱ類（VU）,維管束植物,イソマツ,Limonium wrightii var. arbusculum
絶滅危惧Ⅱ類（VU）,維管束植物,キバナイソマツ,Limonium wrightii var. wrightii
絶滅危惧Ⅱ類（VU）,維管束植物,ヒメイワタデ,Aconogonon ajanense
絶滅危惧Ⅱ類（VU）,維管束植物,ヌカボタデ,Persicaria taquetii
絶滅危惧Ⅱ類（VU）,維管束植物,カラフトノダイオウ,Rumex gmelinii
絶滅危惧Ⅱ類（VU）,維管束植物,ノダイオウ,Rumex longifolius
絶滅危惧Ⅱ類（VU）,維管束植物,ナガバノモウセンゴケ,Drosera anglica
絶滅危惧Ⅱ類（VU）,維管束植物,ナガバノイシモチソウ,Drosera toyoakensis
絶滅危惧Ⅱ類（VU）,維管束植物,カトウハコベ,Arenaria katoana var. katoana
絶滅危惧Ⅱ類（VU）,維管束植物,チョウカイフスマ,Arenaria merckioides var. chokaiensis
絶滅危惧Ⅱ類（VU）,維管束植物,アキヨシミミナグサ,Cerastium akiyoshiense
絶滅危惧Ⅱ類（VU）,維管束植物,ミツモリミミナグサ,Cerastium arvense subsp. strictum var. mitsumorense
絶滅危惧Ⅱ類（VU）,維管束植物,タガソデソウ,Cerastium pauciflorum var. amurense
絶滅危惧Ⅱ類（VU）,維管束植物,タカネミミナグサ,Cerastium rubescens var. koreanum
絶滅危惧Ⅱ類（VU）,維管束植物,タチハコベ,Moehringia trinervia
絶滅危惧Ⅱ類（VU）,維管束植物,ヒナワチガイソウ,Pseudostellaria heterantha var. linearifolia
絶滅危惧Ⅱ類（VU）,維管束植物,ナンブワチガイソウ,Pseudostellaria japonica
絶滅危惧Ⅱ類（VU）,維管束植物,クシロワチガイソウ,Pseudostellaria sylvatica
絶滅危惧Ⅱ類（VU）,維管束植物,アオモリマンテマ,Silene aomorensis
絶滅危惧Ⅱ類（VU）,維管束植物,エゾマンテマ,Silene foliosa var. foliosa
絶滅危惧Ⅱ類（VU）,維管束植物,オグラセンノウ,Silene kiusiana
絶滅危惧Ⅱ類（VU）,維管束植物,マツモトセンノウ,Silene sieboldii
絶滅危惧Ⅱ類（VU）,維管束植物,エンビセンノウ,Silene wilfordii
絶滅危惧Ⅱ類（VU）,維管束植物,テバコマンテマ,Silene yanoei
絶滅危惧Ⅱ類（VU）,維管束植物,オオハコベ,Stellaria bungeana
絶滅危惧Ⅱ類（VU）,維管束植物,ツカモトハコベ,Stellaria hibinoi
絶滅危惧Ⅱ類（VU）,維管束植物,シコタンハコベ,Stellaria ruscifolia
絶滅危惧Ⅱ類（VU）,維管束植物,アッケシソウ,Salicornia perennans
絶滅危惧Ⅱ類（VU）,維管束植物,シチメンソウ,Suaeda japonica
絶滅危惧Ⅱ類（VU）,維管束植物,ヒロハマツナ,Suaeda malacosperma
絶滅危惧Ⅱ類（VU）,維管束植物,ヌマハコベ,Montia fontana
絶滅危惧Ⅱ類（VU）,維管束植物,アマミマツバボタン,Portulaca okinawensis var. amamiensis
絶滅危惧Ⅱ類（VU）,維管束植物,オキナワマツバボタン,Portulaca okinawensis var. okinawensis
絶滅危惧Ⅱ類（VU）,維管束植物,マルバケヅメクサ,Portulaca psammotropha
絶滅危惧Ⅱ類（VU）,維管束植物,オオクサアジサイ,Cardiandra moellendorffii
絶滅危惧Ⅱ類（VU）,維管束植物,ウメウツギ,Deutzia uniflora
絶滅危惧Ⅱ類（VU）,維管束植物,ブンゴウツギ,Deutzia zentaroana
絶滅危惧Ⅱ類（VU）,維管束植物,ヒュウガアジサイ,Hydrangea minamitanii
絶滅危惧Ⅱ類（VU）,維管束植物,キレンゲショウマ,Kirengeshoma palmata
絶滅危惧Ⅱ類（VU）,維管束植物,クシロハナシノブ,Polemonium caeruleum subsp. laxiflorum var. paludosum
絶滅危惧Ⅱ類（VU）,維管束植物,ミヤマハナシノブ,Polemonium caeruleum subsp. yezoense var. nipponicum
絶滅危惧Ⅱ類（VU）,維管束植物,エゾハナシノブ,Polemonium caeruleum subsp. yezoense var. yezoense
絶滅危惧Ⅱ類（VU）,維管束植物,マメヒサカキ,Eurya emarginata var. minutissima
絶滅危惧Ⅱ類（VU）,維管束植物,ノジトラノオ,Lysimachia barystachys
絶滅危惧Ⅱ類（VU）,維管束植物,サワトラノオ,Lysimachia leucantha
絶滅危惧Ⅱ類（VU）,維管束植物,ヘツカコナスビ,Lysimachia ohsumiensis
絶滅危惧Ⅱ類（VU）,維管束植物,シマタイミンタチバナ,Myrsine maximowiczii
絶滅危惧Ⅱ類（VU）,維管束植物,ミチノクコザクラ,Primula cuneifolia var. heterodonta
絶滅危惧Ⅱ類（VU）,維管束植物,ヒダカイワザクラ,Primula hidakana
絶滅危惧Ⅱ類（VU）,維管束植物,レブンコザクラ,Primula modesta subsp. modesta var. matsumurae
絶滅危惧Ⅱ類（VU）,維管束植物,クモイコザクラ,Primula reinii var. kitadakensis
絶滅危惧Ⅱ類（VU）,維管束植物,コイワザクラ,Primula reinii var. reinii
絶滅危惧Ⅱ類（VU）,維管束植物,ソラチコザクラ,Primula sorachiana
絶滅危惧Ⅱ類（VU）,維管束植物,テシオコザクラ,Primula takedana
絶滅危惧Ⅱ類（VU）,維管束植物,ミヤマシロバイ,Symplocos sonoharae
絶滅危惧Ⅱ類（VU）,維管束植物,オオバケエゴノキ,Styrax japonicus var. tomentosa
絶滅危惧Ⅱ類（VU）,維管束植物,チシマツガザクラ,Bryanthus gmelinii
絶滅危惧Ⅱ類（VU）,維管束植物,カラフトイチヤクソウ,Pyrola faurieana
絶滅危惧Ⅱ類（VU）,維管束植物,エゾムラサキツツジ,Rhododendron dauricum var. dauricum
絶滅危惧Ⅱ類（VU）,維管束植物,ゴヨウザンヨウラク,Rhododendron goyozanense
絶滅危惧Ⅱ類（VU）,維管束植物,キョウマルシャクナゲ,Rhododendron japonoheptamerum var. kyomaruense
絶滅危惧Ⅱ類（VU）,維管束植物,アシタカツツジ,Rhododendron komiyamae
絶滅危惧Ⅱ類（VU）,維管束植物,ヨウラクツツジ,Rhododendron kroniae
絶滅危惧Ⅱ類（VU）,維管束植物,サカイツツジ,Rhododendron lapponicum subsp. parvifolium
絶滅危惧Ⅱ類（VU）,維管束植物,ホソバシャクナゲ,Rhododendron makinoi
絶滅危惧Ⅱ類（VU）,維管束植物,ナンゴクミツバツツジ,Rhododendron mayebarae
絶滅危惧Ⅱ類（VU）,維管束植物,キリシマミツバツツジ,Rhododendron nudipes var. kirishimense
絶滅危惧Ⅱ類（VU）,維管束植物,ウラジロミツバツツジ,Rhododendron osuzuyamense
絶滅危惧Ⅱ類（VU）,維管束植物,シブカワツツジ,Rhododendron sanctum var. lasiogynum
絶滅危惧Ⅱ類（VU）,維管束植物,ジングウツツジ,Rhododendron sanctum var. sanctum
絶滅危惧Ⅱ類（VU）,維管束植物,ケラマツツジ,Rhododendron scabrum
絶滅危惧Ⅱ類（VU）,維管束植物,ハコネコメツツジ,Rhododendron tsusiophyllum
絶滅危惧Ⅱ類（VU）,維管束植物,ヤクシマヤマツツジ,Rhododendron yakuinsulare
絶滅危惧Ⅱ類（VU）,維管束植物,ヤクシマミツバツツジ,Rhododendron yakumontanum
絶滅危惧Ⅱ類（VU）,維管束植物,ムニンシャシャンボ,Vaccinium boninense
絶滅危惧Ⅱ類（VU）,維管束植物,ヒメツルコケモモ,Vaccinium microcarpum
絶滅危惧Ⅱ類（VU）,維管束植物,アクシバモドキ,Vaccinium yakushimense
絶滅危惧Ⅱ類（VU）,維管束植物,エゾキヌタソウ,Galium boreale var. kamtschaticum
絶滅危惧Ⅱ類（VU）,維管束植物,エゾムグラ,Galium manshuricum
絶滅危惧Ⅱ類（VU）,維管束植物,ヤブムグラ,Galium niewerthii
絶滅危惧Ⅱ類（VU）,維管束植物,ヤクシマヤマムグラ,Galium pogonanthum var. yakumontanum
絶滅危惧Ⅱ類（VU）,維管束植物,ハナムグラ,Galium tokyoense
絶滅危惧Ⅱ類（VU）,維管束植物,オガサワラクチナシ,Gardenia boninensis
絶滅危惧Ⅱ類（VU）,維管束植物,ハハジマハナガサノキ,Gynochthodes boninensis
絶滅危惧Ⅱ類（VU）,維管束植物,マルバシマザクラ,Leptopetalum mexicanum
絶滅危惧Ⅱ類（VU）,維管束植物,ヤエヤマアオキ,Morinda citrifolia
絶滅危惧Ⅱ類（VU）,維管束植物,オガサワラボチョウジ,Psychotria homalosperma
絶滅危惧Ⅱ類（VU）,維管束植物,ヒロハケニオイグサ,Scleromitrion verticillatum
絶滅危惧Ⅱ類（VU）,維管束植物,ハクチョウゲ,Serissa japonica
絶滅危惧Ⅱ類（VU）,維管束植物,シマギョクシンカ,Tarenna subsessilis
絶滅危惧Ⅱ類（VU）,維管束植物,リシリリンドウ,Gentiana jamesii
絶滅危惧Ⅱ類（VU）,維管束植物,イイデリンドウ,Gentiana nipponica var. robusta
絶滅危惧Ⅱ類（VU）,維管束植物,リュウキュウコケリンドウ,Gentiana satsunanensis
絶滅危惧Ⅱ類（VU）,維管束植物,ミヤココケリンドウ,Gentiana takushii
絶滅危惧Ⅱ類（VU）,維管束植物,ホソバツルリンドウ,Pterygocalyx volubilis
絶滅危惧Ⅱ類（VU）,維管束植物,シマアケボノソウ,Swertia makinoana
絶滅危惧Ⅱ類（VU）,維管束植物,ソナレセンブリ,Swertia noguchiana
絶滅危惧Ⅱ類（VU）,維管束植物,シノノメソウ,Swertia swertopsis
絶滅危惧Ⅱ類（VU）,維管束植物,チトセカズラ,Gardneria multiflora
絶滅危惧Ⅱ類（VU）,維管束植物,オガサワラモクレイシ,Geniostoma glabrum
絶滅危惧Ⅱ類（VU）,維管束植物,ヒメナエ,Mitrasacme indica
絶滅危惧Ⅱ類（VU）,維管束植物,バシクルモン,Apocynum venetum var. basikurumon
絶滅危惧Ⅱ類（VU）,維管束植物,ロクオンソウ,Vincetoxicum amplexicaule
絶滅危惧Ⅱ類（VU）,維管束植物,イシダテクサタチバナ,Vincetoxicum calcareum
絶滅危惧Ⅱ類（VU）,維管束植物,ホウヨカモメヅル,Vincetoxicum hoyoense
絶滅危惧Ⅱ類（VU）,維管束植物,クサナギオゴケ,Vincetoxicum katoi
絶滅危惧Ⅱ類（VU）,維管束植物,ヤマワキオゴケ,Vincetoxicum yamanakae
絶滅危惧Ⅱ類（VU）,維管束植物,ケルリソウ,Trigonotis radicans var. radicans
絶滅危惧Ⅱ類（VU）,維管束植物,ムニンホオズキ,Lycianthes boninensis
絶滅危惧Ⅱ類（VU）,維管束植物,ヤマホオズキ,Physaliastrum chamaesarachoides
絶滅危惧Ⅱ類（VU）,維管束植物,アオホオズキ,Physaliastrum japonicum
絶滅危惧Ⅱ類（VU）,維管束植物,ヒトツバタゴ,Chionanthus retusus
絶滅危惧Ⅱ類（VU）,維管束植物,シシンラン,Lysionotus pauciflorus
絶滅危惧Ⅱ類（VU）,維管束植物,イワギリソウ,Opithandra primuloides
絶滅危惧Ⅱ類（VU）,維管束植物,マツムラソウ,Titanotrichum oldhamii
絶滅危惧Ⅱ類（VU）,維管束植物,チシマミズハコベ,Callitriche hermaphroditica
絶滅危惧Ⅱ類（VU）,維管束植物,カミガモソウ,Gratiola fluviatilis
絶滅危惧Ⅱ類（VU）,維管束植物,オオアブノメ,Gratiola japonica
絶滅危惧Ⅱ類（VU）,維管束植物,ヒロハスギナモ,Hippuris tetraphylla
絶滅危惧Ⅱ類（VU）,維管束植物,コキクモ,Limnophila trichophylla
絶滅危惧Ⅱ類（VU）,維管束植物,キタミソウ,Limosella aquatica
絶滅危惧Ⅱ類（VU）,維管束植物,サンイントラノオ,Veronica ogurae
絶滅危惧Ⅱ類（VU）,維管束植物,グンバイヅル,Veronica onoei
絶滅危惧Ⅱ類（VU）,維管束植物,トウテイラン,Veronica ornata
絶滅危惧Ⅱ類（VU）,維管束植物,キタダケトラノオ,Veronica ovata subsp. kiusiana var. kitadakemontana
絶滅危惧Ⅱ類（VU）,維管束植物,ツクシトラノオ,Veronica ovata subsp. kiusiana var. kiusiana
絶滅危惧Ⅱ類（VU）,維管束植物,エゾミヤマクワガタ,Veronica schmidtiana subsp. senanensis var. yezoalpina
絶滅危惧Ⅱ類（VU）,維管束植物,ハマトラノオ,Veronica sieboldiana
絶滅危惧Ⅱ類（VU）,維管束植物,エゾヒメクワガタ,Veronica stelleri var. longistyla
絶滅危惧Ⅱ類（VU）,維管束植物,ルリトラノオ,Veronica subsessilis
絶滅危惧Ⅱ類（VU）,維管束植物,ナンゴククガイソウ,Veronicastrum japonicum var. australe
絶滅危惧Ⅱ類（VU）,維管束植物,ツクシクガイソウ,Veronicastrum sibiricum var. zuccarinii
絶滅危惧Ⅱ類（VU）,維管束植物,キノクニスズカケ,Veronicastrum tagawae
絶滅危惧Ⅱ類（VU）,維管束植物,ハマジンチョウ,Bontia bontioides
絶滅危惧Ⅱ類（VU）,維管束植物,カイジンドウ,Ajuga ciliata var. villosior
絶滅危惧Ⅱ類（VU）,維管束植物,ヒイラギソウ,Ajuga incisa
絶滅危惧Ⅱ類（VU）,維管束植物,ツルカコソウ,Ajuga shikotanensis
絶滅危惧Ⅱ類（VU）,維管束植物,ビロードムラサキ,Callicarpa kochiana
絶滅危惧Ⅱ類（VU）,維管束植物,オキナワヤブムラサキ,Callicarpa oshimensis var. okinawensis
絶滅危惧Ⅱ類（VU）,維管束植物,トサムラサキ,Callicarpa shikokiana
絶滅危惧Ⅱ類（VU）,維管束植物,ダンギク,Caryopteris incana
絶滅危惧Ⅱ類（VU）,維管束植物,ムシャリンドウ,Dracocephalum argunense
絶滅危惧Ⅱ類（VU）,維管束植物,キセワタ,Leonurus macranthus
絶滅危惧Ⅱ類（VU）,維管束植物,ヒメキセワタ,Matsumurella tuberifera
絶滅危惧Ⅱ類（VU）,維管束植物,オチフジ,Meehania montis-koyae
絶滅危惧Ⅱ類（VU）,維管束植物,ホソバヤマジソ,Mosla chinensis
絶滅危惧Ⅱ類（VU）,維管束植物,ミズトラノオ,Pogostemon yatabeanus
絶滅危惧Ⅱ類（VU）,維管束植物,シマジタムラソウ,Salvia isensis
絶滅危惧Ⅱ類（VU）,維管束植物,シナノアキギリ,Salvia koyamae
絶滅危惧Ⅱ類（VU）,維管束植物,タジマタムラソウ,Salvia omerocalyx var. omerocalyx
絶滅危惧Ⅱ類（VU）,維管束植物,コナミキ,Scutellaria guilielmii
絶滅危惧Ⅱ類（VU）,維管束植物,ヤクシマシソバタツナミ,Scutellaria kuromidakensis
絶滅危惧Ⅱ類（VU）,維管束植物,エゾナミキ,Scutellaria yezoensis
絶滅危惧Ⅱ類（VU）,維管束植物,ヤエヤマスズコウジュ,Suzukia luchuensis
絶滅危惧Ⅱ類（VU）,維管束植物,ハチジョウコゴメグサ,Euphrasia hachijoensis
絶滅危惧Ⅱ類（VU）,維管束植物,イブキコゴメグサ,Euphrasia insignis subsp. iinumae
絶滅危惧Ⅱ類（VU）,維管束植物,マルバコゴメグサ,Euphrasia insignis subsp. insignis var. nummularia
絶滅危惧Ⅱ類（VU）,維管束植物,コケコゴメグサ,Euphrasia kisoalpina
絶滅危惧Ⅱ類（VU）,維管束植物,タカネママコナ,Melampyrum laxum var. arcuatum
絶滅危惧Ⅱ類（VU）,維管束植物,ホソバママコナ,Melampyrum setaceum
絶滅危惧Ⅱ類（VU）,維管束植物,ハマウツボ,Orobanche coerulescens
絶滅危惧Ⅱ類（VU）,維管束植物,ヤクシマシオガマ,Pedicularis ochiaiana
絶滅危惧Ⅱ類（VU）,維管束植物,ミカワシオガマ,Pedicularis resupinata subsp. oppositifolia var. microphylla
絶滅危惧Ⅱ類（VU）,維管束植物,ネムロシオガマ,Pedicularis schistostegia
絶滅危惧Ⅱ類（VU）,維管束植物,コウシンソウ,Pinguicula ramosa
絶滅危惧Ⅱ類（VU）,維管束植物,ノタヌキモ,Utricularia aurea
絶滅危惧Ⅱ類（VU）,維管束植物,フサタヌキモ,Utricularia dimorphantha
絶滅危惧Ⅱ類（VU）,維管束植物,ヤチコタヌキモ,Utricularia ochroleuca
絶滅危惧Ⅱ類（VU）,維管束植物,ヒルギダマシ,Avicennia marina
絶滅危惧Ⅱ類（VU）,維管束植物,ヒナシャジン,Adenophora maximowicziana
絶滅危惧Ⅱ類（VU）,維管束植物,シライワシャジン,Adenophora nikoensis var. teramotoi
絶滅危惧Ⅱ類（VU）,維管束植物,シラトリシャジン,Adenophora uryuensis
絶滅危惧Ⅱ類（VU）,維管束植物,ツルギキョウ,Codonopsis javanica subsp. japonica
絶滅危惧Ⅱ類（VU）,維管束植物,バアソブ,Codonopsis ussuriensis
絶滅危惧Ⅱ類（VU）,維管束植物,オオハマギキョウ,Lobelia boninensis
絶滅危惧Ⅱ類（VU）,維管束植物,ヒメシロアサザ,Nymphoides coreana
絶滅危惧Ⅱ類（VU）,維管束植物,キタノコギリソウ,Achillea alpina subsp. japonica
絶滅危惧Ⅱ類（VU）,維管束植物,マルバテイショウソウ,Ainsliaea fragrans
絶滅危惧Ⅱ類（VU）,維管束植物,ナガバハグマ,Ainsliaea oblonga
絶滅危惧Ⅱ類（VU）,維管束植物,トダイハハコ,Anaphalis sinica var. pernivea
絶滅危惧Ⅱ類（VU）,維管束植物,クリヤマハハコ,Anaphalis sinica var. viscosissima
絶滅危惧Ⅱ類（VU）,維管束植物,オニオトコヨモギ,Artemisia congesta
絶滅危惧Ⅱ類（VU）,維管束植物,ハハコヨモギ,Artemisia glomerata
絶滅危惧Ⅱ類（VU）,維管束植物,イワヨモギ,Artemisia gmelinii
絶滅危惧Ⅱ類（VU）,維管束植物,ヤブヨモギ,Artemisia rubripes
絶滅危惧Ⅱ類（VU）,維管束植物,シコタンヨモギ,Artemisia tanacetifolia
絶滅危惧Ⅱ類（VU）,維管束植物,ヤナギノギク,Aster hispidus var. leptocladus
絶滅危惧Ⅱ類（VU）,維管束植物,コシキギク,Aster koshikiensis
絶滅危惧Ⅱ類（VU）,維管束植物,ヒゴシオン,Aster maackii
絶滅危惧Ⅱ類（VU）,維管束植物,オキナワギク,Aster miyagii
絶滅危惧Ⅱ類（VU）,維管束植物,ホソバノギク,Aster sohayakiensis
絶滅危惧Ⅱ類（VU）,維管束植物,シオン,Aster tataricus
絶滅危惧Ⅱ類（VU）,維管束植物,ヤナギタウコギ,Bidens cernua
絶滅危惧Ⅱ類（VU）,維管束植物,コバナガンクビソウ,Carpesium faberi
絶滅危惧Ⅱ類（VU）,維管束植物,チシマコハマギク,Chrysanthemum arcticum subsp. yezoense
絶滅危惧Ⅱ類（VU）,維管束植物,オオイワインチン,Chrysanthemum pallasianum
絶滅危惧Ⅱ類（VU）,維管束植物,ピレオギク,Chrysanthemum weyrichii
絶滅危惧Ⅱ類（VU）,維管束植物,イワギク,Chrysanthemum zawadskii subsp. naktongense var. dissectum
絶滅危惧Ⅱ類（VU）,維管束植物,アキヨシアザミ,Cirsium dipsacolepis var. calcicola
絶滅危惧Ⅱ類（VU）,維管束植物,オゼヌマアザミ,Cirsium homolepis
絶滅危惧Ⅱ類（VU）,維管束植物,オガアザミ,Cirsium horiianum
絶滅危惧Ⅱ類（VU）,維管束植物,サドアザミ,Cirsium nipponicum var. sadoense
絶滅危惧Ⅱ類（VU）,維管束植物,ヒダアザミ,Cirsium tashiroi var. hidaense
絶滅危惧Ⅱ類（VU）,維管束植物,クサノオウバノギク,Crepidiastrum chelidoniifolium
絶滅危惧Ⅱ類（VU）,維管束植物,イワヤクシソウ,Crepidiastrum yoshinoi
絶滅危惧Ⅱ類（VU）,維管束植物,エゾタカネニガナ,Crepis gymnopus
絶滅危惧Ⅱ類（VU）,維管束植物,ヒゴタイ,Echinops setifer
絶滅危惧Ⅱ類（VU）,維管束植物,ホソバムカシヨモギ,Erigeron acris var. linearifolius
絶滅危惧Ⅱ類（VU）,維管束植物,ハマサワヒヨドリ,Eupatorium lindleyanum var. yasushii
絶滅危惧Ⅱ類（VU）,維管束植物,ヤクシマヒヨドリ,Eupatorium yakushimense
絶滅危惧Ⅱ類（VU）,維管束植物,セリバノセンダングサ,Glossocardia bidens
絶滅危惧Ⅱ類（VU）,維管束植物,ホソバオグルマ,Inula linariifolia
絶滅危惧Ⅱ類（VU）,維管束植物,ヤナギニガナ,Ixeridium laevigatum
絶滅危惧Ⅱ類（VU）,維管束植物,タカサゴソウ,Ixeris chinensis subsp. strigosa
絶滅危惧Ⅱ類（VU）,維管束植物,ツルワダン,Ixeris longirostra
絶滅危惧Ⅱ類（VU）,維管束植物,ホソバヒナウスユキソウ,Leontopodium fauriei var. angustifolium
絶滅危惧Ⅱ類（VU）,維管束植物,カワラウスユキソウ,Leontopodium japonicum var. perniveum
絶滅危惧Ⅱ類（VU）,維管束植物,オオヒラウスユキソウ,Leontopodium miyabeanum
絶滅危惧Ⅱ類（VU）,維管束植物,アソタカラコウ,Ligularia sibirica
絶滅危惧Ⅱ類（VU）,維管束植物,オガコウモリ,Parasenecio ogamontanus
絶滅危惧Ⅱ類（VU）,維管束植物,カラフトアザミ,Saussurea acuminata var. sachalinensis
絶滅危惧Ⅱ類（VU）,維管束植物,ユキバヒゴタイ,Saussurea chionophylla
絶滅危惧Ⅱ類（VU）,維管束植物,フォーリーアザミ,Saussurea fauriei
絶滅危惧Ⅱ類（VU）,維管束植物,ミヤマキタアザミ,Saussurea franchetii
絶滅危惧Ⅱ類（VU）,維管束植物,イナトウヒレン,Saussurea inaensis
絶滅危惧Ⅱ類（VU）,維管束植物,ヒナヒゴタイ,Saussurea japonica
絶滅危惧Ⅱ類（VU）,維管束植物,ヒダカトウヒレン,Saussurea kudoana
絶滅危惧Ⅱ類（VU）,維管束植物,トサトウヒレン,Saussurea nipponica subsp. nipponica var. yoshinagae
絶滅危惧Ⅱ類（VU）,維管束植物,ヒメヒゴタイ,Saussurea pulchella
絶滅危惧Ⅱ類（VU）,維管束植物,コケタンポポ,Solenogyne mikadoi
絶滅危惧Ⅱ類（VU）,維管束植物,ヒュウガヤブレガサ,Syneilesis akagii
絶滅危惧Ⅱ類（VU）,維管束植物,エゾヨモギギク,Tanacetum vulgare var. boreale
絶滅危惧Ⅱ類（VU）,維管束植物,ツクシタンポポ,Taraxacum kiushianum
絶滅危惧Ⅱ類（VU）,維管束植物,コウリンカ,Tephroseris flammea subsp. glabrifolia
絶滅危惧Ⅱ類（VU）,維管束植物,オナモミ,Xanthium strumarium subsp. sibiricum
絶滅危惧Ⅱ類（VU）,維管束植物,シマガマズミ,Viburnum brachyandrum
絶滅危惧Ⅱ類（VU）,維管束植物,トキワガマズミ,Viburnum japonicum var. boninsimense
絶滅危惧Ⅱ類（VU）,維管束植物,オオシマガマズミ,Viburnum tashiroi
絶滅危惧Ⅱ類（VU）,維管束植物,エゾヒョウタンボク,Lonicera alpigena subsp. glehnii
絶滅危惧Ⅱ類（VU）,維管束植物,ウスバヒョウタンボク,Lonicera cerasina
絶滅危惧Ⅱ類（VU）,維管束植物,チシマヒョウタンボク,Lonicera chamissoi
絶滅危惧Ⅱ類（VU）,維管束植物,ネムロブシダマ,Lonicera chrysantha var. crassipes
絶滅危惧Ⅱ類（VU）,維管束植物,キタカミヒョウタンボク,Lonicera demissa var. borealis
絶滅危惧Ⅱ類（VU）,維管束植物,ハナヒョウタンボク,Lonicera maackii
絶滅危惧Ⅱ類（VU）,維管束植物,ベニバナヒョウタンボク,Lonicera maximowiczii var. sachalinensis
絶滅危惧Ⅱ類（VU）,維管束植物,オニヒョウタンボク,Lonicera vidalii
絶滅危惧Ⅱ類（VU）,維管束植物,ソナレマツムシソウ,Scabiosa japonica var. lasiophylla
絶滅危惧Ⅱ類（VU）,維管束植物,ツキヌキソウ,Triosteum sinuatum
絶滅危惧Ⅱ類（VU）,維管束植物,イワツクバネウツギ,Zabelia integrifolia
絶滅危惧Ⅱ類（VU）,維管束植物,ハハジマトベラ,Pittosporum beecheyi
絶滅危惧Ⅱ類（VU）,維管束植物,ムニンヤツデ,Fatsia oligocarpella
絶滅危惧Ⅱ類（VU）,維管束植物,ヒュウガトウキ,Angelica furcijuga
絶滅危惧Ⅱ類（VU）,維管束植物,ムニンハマウド,Angelica japonica var. boninensis
絶滅危惧Ⅱ類（VU）,維管束植物,イヌトウキ,Angelica shikokiana
絶滅危惧Ⅱ類（VU）,維管束植物,ホソバトウキ,Angelica stenoloba
絶滅危惧Ⅱ類（VU）,維管束植物,カワゼンゴ,Angelica tenuisecta
絶滅危惧Ⅱ類（VU）,維管束植物,オオウバタケニンジン,Angelica ubatakensis var. ubatakensis
絶滅危惧Ⅱ類（VU）,維管束植物,ヤクシマノダケ,Angelica yakusimensis
絶滅危惧Ⅱ類（VU）,維管束植物,ミシマサイコ,Bupleurum stenophyllum var. stenophyllum
絶滅危惧Ⅱ類（VU）,維管束植物,シムラニンジン,Pterygopleurum neurophyllum
準絶滅危惧（NT）,維管束植物,ヒメミズニラ,Isoetes asiatica
準絶滅危惧（NT）,維管束植物,ミズニラ,Isoetes japonica
準絶滅危惧（NT）,維管束植物,コウヅシマクラマゴケ,Selaginella doederleinii var. opaca
準絶滅危惧（NT）,維管束植物,ツルカタヒバ,Selaginella flagellifera
準絶滅危惧（NT）,維管束植物,マツバラン,Psilotum nudum
準絶滅危惧（NT）,維管束植物,ホウライハナワラビ,Botrychium formosanum
準絶滅危惧（NT）,維管束植物,トネハナヤスリ,Ophioglossum namegatae
準絶滅危惧（NT）,維管束植物,リュウビンタイモドキ,Ptisana boninensis
準絶滅危惧（NT）,維管束植物,コケホラゴケ,Crepidomanes makinoi
準絶滅危惧（NT）,維管束植物,サンショウモ,Salvinia natans
準絶滅危惧（NT）,維管束植物,デンジソウ,Marsilea quadrifolia
準絶滅危惧（NT）,維管束植物,エダウチクジャク,Lindsaea heterophylla
準絶滅危惧（NT）,維管束植物,マルバホングウシダ,Lindsaea orbiculata var. orbiculata
準絶滅危惧（NT）,維管束植物,ムニンエダウチホングウシダ,Lindsaea repanda
準絶滅危惧（NT）,維管束植物,スキヤクジャク,Adiantum diaphanum
準絶滅危惧（NT）,維管束植物,ヒメウラジロ,Cheilanthes argentea
準絶滅危惧（NT）,維管束植物,リシリシノブ,Cryptogramma crispa
準絶滅危惧（NT）,維管束植物,ヤツガタケシノブ,Cryptogramma stelleri
準絶滅危惧（NT）,維管束植物,クマガワイノモトソウ,Pteris deltodon
準絶滅危惧（NT）,維管束植物,ヤンバルフモトシダ,Microlepia hookeriana
準絶滅危惧（NT）,維管束植物,ウスバイシカグマ,Microlepia substrigosa
準絶滅危惧（NT）,維管束植物,オオタニワタリ,Asplenium antiquum
準絶滅危惧（NT）,維管束植物,イチョウシダ,Asplenium ruta-muraria
準絶滅危惧（NT）,維管束植物,イノウエトラノオ,Asplenium varians
準絶滅危惧（NT）,維管束植物,タイワンホウビシダ,Hymenasplenium apogamum
準絶滅危惧（NT）,維管束植物,ミヤマイワデンダ,Woodsia ilvensis
準絶滅危惧（NT）,維管束植物,イヌイワデンダ,Woodsia intermedia
準絶滅危惧（NT）,維管束植物,ホソバオオカグマ,Woodwardia kempii
準絶滅危惧（NT）,維管束植物,オオシケシダ,Deparia bonincola
準絶滅危惧（NT）,維管束植物,イブダケキノボリシダ,Diplazium crassiusculum
準絶滅危惧（NT）,維管束植物,オキナワコクモウクジャク,Diplazium okinawaense
準絶滅危惧（NT）,維管束植物,ハンコクシダ,Diplazium pullingeri
準絶滅危惧（NT）,維管束植物,ヒメノコギリシダ,Diplazium wichurae var. amabile
準絶滅危惧（NT）,維管束植物,オオホシダ,Thelypteris boninensis
準絶滅危惧（NT）,維管束植物,ヒメミゾシダ,Thelypteris gymnocarpa subsp. amabilis
準絶滅危惧（NT）,維管束植物,キンモウワラビ,Hypodematium fauriei
準絶滅危惧（NT）,維管束植物,ハチジョウカナワラビ,Arachniodes davalliiformis
準絶滅危惧（NT）,維管束植物,サツマシダ,Ctenitis sinii
準絶滅危惧（NT）,維管束植物,タカサゴシダ,Dryopteris formosana
準絶滅危惧（NT）,維管束植物,ニセヨゴレイタチシダ,Dryopteris hadanoi
準絶滅危惧（NT）,維管束植物,シロウマイタチシダ,Dryopteris shiroumensis
準絶滅危惧（NT）,維管束植物,コスギイタチシダ,Dryopteris yakusilvicola
準絶滅危惧（NT）,維管束植物,イナデンダ,Polystichum capillipes
準絶滅危惧（NT）,維管束植物,ナンピイノデ,Polystichum otomasui
準絶滅危惧（NT）,維管束植物,ホソバクリハラン,Lepisorus boninensis
準絶滅危惧（NT）,維管束植物,トサノアオイ,Asarum costatum
準絶滅危惧（NT）,維管束植物,クロフネサイシン,Asarum dimidiatum
準絶滅危惧（NT）,維管束植物,オモロカンアオイ,Asarum dissitum
準絶滅危惧（NT）,維管束植物,キンチャクアオイ,Asarum hexalobum var. perfectum
準絶滅危惧（NT）,維管束植物,オオバカンアオイ,Asarum lutchuense
準絶滅危惧（NT）,維管束植物,コシノカンアオイ,Asarum megacalyx
準絶滅危惧（NT）,維管束植物,ズソウカンアオイ,Asarum savatieri subsp. pseudosavatieri var. pseudosavatieri
準絶滅危惧（NT）,維管束植物,オトメアオイ,Asarum savatieri subsp. savatieri
準絶滅危惧（NT）,維管束植物,トカラカンアオイ,Asarum tokarense
準絶滅危惧（NT）,維管束植物,シデコブシ,Magnolia stellata
準絶滅危惧（NT）,維管束植物,アカハダクスノキ,Beilschmiedia erythrophloia
準絶滅危惧（NT）,維管束植物,ケスナヅル,Cassytha filiformis var. duripraticola
準絶滅危惧（NT）,維管束植物,マルバニッケイ,Cinnamomum daphnoides
準絶滅危惧（NT）,維管束植物,ニッケイ,Cinnamomum sieboldii
準絶滅危惧（NT）,維管束植物,マイヅルテンナンショウ,Arisaema heterophyllum
準絶滅危惧（NT）,維管束植物,オモゴウテンナンショウ,Arisaema iyoanum subsp. iyoanum
準絶滅危惧（NT）,維管束植物,ユキモチソウ,Arisaema sikokianum
準絶滅危惧（NT）,維管束植物,ヒメカイウ,Calla palustris
準絶滅危惧（NT）,維管束植物,アギナシ,Sagittaria aginashi
準絶滅危惧（NT）,維管束植物,ウミヒルモ,Halophila ovalis
準絶滅危惧（NT）,維管束植物,トチカガミ,Hydrocharis dubia
準絶滅危惧（NT）,維管束植物,サガミトリゲモ,Najas chinensis
準絶滅危惧（NT）,維管束植物,イトトリゲモ,Najas gracillima
準絶滅危惧（NT）,維管束植物,ミズオオバコ,Ottelia alismoides
準絶滅危惧（NT）,維管束植物,リュウキュウスガモ,Thalassia hemprichii
準絶滅危惧（NT）,維管束植物,オオシバナ,Triglochin maritima
準絶滅危惧（NT）,維管束植物,シバナ,Triglochin maritima subsp. asiatica
準絶滅危惧（NT）,維管束植物,エビアマモ,Phyllospadix japonicus
準絶滅危惧（NT）,維管束植物,スゲアマモ,Zostera caespitosa
準絶滅危惧（NT）,維管束植物,イトモ,Potamogeton berchtoldii
準絶滅危惧（NT）,維管束植物,リュウノヒゲモ,Potamogeton pectinatus
準絶滅危惧（NT）,維管束植物,カワツルモ,Ruppia maritima
準絶滅危惧（NT）,維管束植物,ベニアマモ,Cymodocea rotundata
準絶滅危惧（NT）,維管束植物,リュウキュウアマモ,Cymodocea serrulata
準絶滅危惧（NT）,維管束植物,マツバウミジグサ,Halodule pinifolia
準絶滅危惧（NT）,維管束植物,ウミジグサ,Halodule uninervis
準絶滅危惧（NT）,維管束植物,シオニラ,Syringodium isoetifolium
準絶滅危惧（NT）,維管束植物,ホンゴウソウ,Sciaphila nana
準絶滅危惧（NT）,維管束植物,ヒメカカラ,Smilax biflora var. biflora
準絶滅危惧（NT）,維管束植物,ホソバナコバイモ,Fritillaria amabilis
準絶滅危惧（NT）,維管束植物,トサコバイモ,Fritillaria shikokiana
準絶滅危惧（NT）,維管束植物,ヤマスカシユリ,Lilium maculatum var. monticola
準絶滅危惧（NT）,維管束植物,ヒメサユリ,Lilium rubellum
準絶滅危惧（NT）,維管束植物,タカクマホトトギス,Tricyrtis ohsumiensis
準絶滅危惧（NT）,維管束植物,シラン,Bletilla striata var. striata
準絶滅危惧（NT）,維管束植物,マメヅタラン,Bulbophyllum drymoglossum
準絶滅危惧（NT）,維管束植物,ムギラン,Bulbophyllum inconspicuum
準絶滅危惧（NT）,維管束植物,ミヤマムギラン,Bulbophyllum japonicum
準絶滅危惧（NT）,維管束植物,エビネ,Calanthe discolor var. discolor
準絶滅危惧（NT）,維管束植物,ユウシュンラン,Cephalanthera erecta var. subaphylla
準絶滅危惧（NT）,維管束植物,キンラン,Cephalanthera falcata
準絶滅危惧（NT）,維管束植物,トクサラン,Cephalantheropsis obcordata
準絶滅危惧（NT）,維管束植物,サガミラン,Cymbidium nipponicum
準絶滅危惧（NT）,維管束植物,コアツモリソウ,Cypripedium debile
準絶滅危惧（NT）,維管束植物,レブンアツモリソウ,Cypripedium macranthos var. rebunense
準絶滅危惧（NT）,維管束植物,ユウレイラン,Didymoplexis pallens
準絶滅危惧（NT）,維管束植物,タシロラン,Epipogium roseum
準絶滅危惧（NT）,維管束植物,カモメラン,Galearis cyclochila
準絶滅危惧（NT）,維管束植物,ミズトンボ,Habenaria sagittifera
準絶滅危惧（NT）,維管束植物,ウチョウラン,Hemipilia graminifolia var. graminifolia
準絶滅危惧（NT）,維管束植物,ニョホウチドリ,Hemipilia joo-iokiana
準絶滅危惧（NT）,維管束植物,ウスギムヨウラン,Lecanorchis kiusiana
準絶滅危惧（NT）,維管束植物,オキナワムヨウラン,Lecanorchis triloba
準絶滅危惧（NT）,維管束植物,シラヒゲムヨウラン,Lecanorchis vietnamica
準絶滅危惧（NT）,維管束植物,ボウラン,Luisia teres
準絶滅危惧（NT）,維管束植物,フウラン,Neofinetia falcata
準絶滅危惧（NT）,維管束植物,ヤエヤマヒトツボクロ,Nervilia aragoana
準絶滅危惧（NT）,維管束植物,ムカゴサイシン,Nervilia nipponica
準絶滅危惧（NT）,維管束植物,ヤクシマヒメアリドオシラン,Odontochilus yakushimensis
準絶滅危惧（NT）,維管束植物,サギソウ,Pecteilis radiata
準絶滅危惧（NT）,維管束植物,トキソウ,Pogonia japonica
準絶滅危惧（NT）,維管束植物,カゲロウラン,Zeuxine agyokuana
準絶滅危惧（NT）,維管束植物,ヤンバルキヌラン,Zeuxine leucochila
準絶滅危惧（NT）,維管束植物,ヒメシャガ,Iris gracilipes
準絶滅危惧（NT）,維管束植物,カキツバタ,Iris laevigata
準絶滅危惧（NT）,維管束植物,シブツアサツキ,Allium schoenoprasum var. shibutuense
準絶滅危惧（NT）,維管束植物,イトラッキョウ,Allium virgunculae var. virgunculae
準絶滅危惧（NT）,維管束植物,オクスダレギボウシ,Hosta polyneuronoides
準絶滅危惧（NT）,維管束植物,コウライワニグチソウ,Polygonatum x desoulavyi
準絶滅危惧（NT）,維管束植物,ヤエヤマヤシ,Satakentia liukiuensis
準絶滅危惧（NT）,維管束植物,ミズアオイ,Monochoria korsakowii
準絶滅危惧（NT）,維管束植物,ミクリ,Sparganium erectum var. erectum
準絶滅危惧（NT）,維管束植物,ヤマトミクリ,Sparganium fallax
準絶滅危惧（NT）,維管束植物,タマミクリ,Sparganium glomeratum var. glomeratum
準絶滅危惧（NT）,維管束植物,ナガエミクリ,Sparganium japonicum
準絶滅危惧（NT）,維管束植物,クロイヌノヒゲ,Eriocaulon atrum
準絶滅危惧（NT）,維管束植物,クロホシクサ,Eriocaulon parvum
準絶滅危惧（NT）,維管束植物,ミヤマイ,Juncus beringensis
準絶滅危惧（NT）,維管束植物,タカネイ,Juncus triglumis
準絶滅危惧（NT）,維管束植物,クモマスズメノヒエ,Luzula arcuata subsp. unalaschkensis
準絶滅危惧（NT）,維管束植物,コゴメヌカボシ,Luzula piperi
準絶滅危惧（NT）,維管束植物,イトテンツキ,Bulbostylis densa var. capitata
準絶滅危惧（NT）,維管束植物,クリイロスゲ,Carex diandra
準絶滅危惧（NT）,維管束植物,ネムロスゲ,Carex gmelinii
準絶滅危惧（NT）,維管束植物,ヤマクボスゲ,Carex hymenodon
準絶滅危惧（NT）,維管束植物,クジュウツリスゲ,Carex kujuzana
準絶滅危惧（NT）,維管束植物,タカネヤガミスゲ,Carex lachenalii
準絶滅危惧（NT）,維管束植物,アサマスゲ,Carex lithophila
準絶滅危惧（NT）,維管束植物,キノクニスゲ,Carex matsumurae
準絶滅危惧（NT）,維管束植物,ヤクシマカンスゲ,Carex morrowii var. laxa
準絶滅危惧（NT）,維管束植物,ヒゲハリスゲ,Carex myosuroides
準絶滅危惧（NT）,維管束植物,ホソバオゼヌマスゲ,Carex nemurensis
準絶滅危惧（NT）,維管束植物,シマタヌキラン,Carex okuboi
準絶滅危惧（NT）,維管束植物,タカネハリスゲ,Carex pauciflora
準絶滅危惧（NT）,維管束植物,オオクグ,Carex rugulosa
準絶滅危惧（NT）,維管束植物,ジングウスゲ,Carex sacrosancta
準絶滅危惧（NT）,維管束植物,サコスゲ,Carex sakonis
準絶滅危惧（NT）,維管束植物,アシボソスゲ,Carex scita var. tenuiseta
準絶滅危惧（NT）,維管束植物,ヒメウシオスゲ,Carex subspathacea
準絶滅危惧（NT）,維管束植物,オキナワヒメナキリ,Carex tamakii
準絶滅危惧（NT）,維管束植物,ヒロハオゼヌマスゲ,Carex traiziscana
準絶滅危惧（NT）,維管束植物,エゾサワスゲ,Carex viridula
準絶滅危惧（NT）,維管束植物,コケハリガネスゲ,Carex yakushimensis
準絶滅危惧（NT）,維管束植物,ヤリテンツキ,Fimbristylis ovata
準絶滅危惧（NT）,維管束植物,ヒメワタスゲ,Trichophorum alpinum
準絶滅危惧（NT）,維管束植物,ヒメコヌカグサ,Agrostis valvata
準絶滅危惧（NT）,維管束植物,ミギワトダシバ,Arundinella riparia
準絶滅危惧（NT）,維管束植物,ヒナザサ,Coelachne japonica
準絶滅危惧（NT）,維管束植物,ウンヌケモドキ,Eulalia quadrinervis
準絶滅危惧（NT）,維管束植物,イブキトボシガラ,Festuca parvigluma var. breviaristata
準絶滅危惧（NT）,維管束植物,タイワンアシカキ,Leersia hexandra
準絶滅危惧（NT）,維管束植物,コゴメビエ,Setaria distans
準絶滅危惧（NT）,維管束植物,ネズミシバ,Tripogon chinensis
準絶滅危惧（NT）,維管束植物,ナガミノツルキケマン,Corydalis raddeana
準絶滅危惧（NT）,維管束植物,ヤチマタイカリソウ,Epimedium grandiflorum var. grandiflorum
準絶滅危惧（NT）,維管束植物,シオミイカリソウ,Epimedium trifoliatobinatum subsp. maritimum
準絶滅危惧（NT）,維管束植物,トガクシソウ,Ranzania japonica
準絶滅危惧（NT）,維管束植物,イブキレイジンソウ,Aconitum chrysopilum
準絶滅危惧（NT）,維管束植物,ミチノクフクジュソウ,Adonis multiflora
準絶滅危惧（NT）,維管束植物,フタマタイチゲ,Anemone dichotoma
準絶滅危惧（NT）,維管束植物,カザグルマ,Clematis patens
準絶滅危惧（NT）,維管束植物,ハコネシロカネソウ,Dichocarpum hakonense
準絶滅危惧（NT）,維管束植物,セツブンソウ,Eranthis pinnatifida
準絶滅危惧（NT）,維管束植物,ミスミソウ,Hepatica nobilis var. japonica
準絶滅危惧（NT）,維管束植物,オキナグサ,Pulsatilla cernua
準絶滅危惧（NT）,維管束植物,シコタンキンポウゲ,Ranunculus grandis var. austrokurilensis
準絶滅危惧（NT）,維管束植物,イトキンポウゲ,Ranunculus reptans
準絶滅危惧（NT）,維管束植物,ヒメキツネノボタン,Ranunculus silerifolius var. yaegatakensis
準絶滅危惧（NT）,維管束植物,マンセンカラマツ,Thalictrum aquilegiifolium var. sibiricum
準絶滅危惧（NT）,維管束植物,タイシャクカラマツ,Thalictrum kubotae
準絶滅危惧（NT）,維管束植物,ヒメミヤマカラマツ,Thalictrum nakamurae
準絶滅危惧（NT）,維管束植物,チョウセンヒメツゲ,Buxus microphylla var. insularis
準絶滅危惧（NT）,維管束植物,ヤマシャクヤク,Paeonia japonica
準絶滅危惧（NT）,維管束植物,キリシマミズキ,Corylopsis glabrescens
準絶滅危惧（NT）,維管束植物,トサミズキ,Corylopsis spicata
準絶滅危惧（NT）,維管束植物,アテツマンサク,Hamamelis japonica var. bitchuensis
準絶滅危惧（NT）,維管束植物,ヤシャビシャク,Ribes ambiguum var. ambiguum
準絶滅危惧（NT）,維管束植物,モミジチャルメルソウ,Asimitellaria acerina
準絶滅危惧（NT）,維管束植物,ツクシチャルメルソウ,Asimitellaria kiusiana
準絶滅危惧（NT）,維管束植物,タキミチャルメルソウ,Asimitellaria stylosa
準絶滅危惧（NT）,維管束植物,ミカワショウマ,Astilbe odontophylla var. okuyamae
準絶滅危惧（NT）,維管束植物,ツクシアカショウマ,Astilbe thunbergii var. longipedicellata
準絶滅危惧（NT）,維管束植物,キバナハナネコノメ,Chrysosplenium album var. flavum
準絶滅危惧（NT）,維管束植物,ムカゴネコノメ,Chrysosplenium maximowiczii
準絶滅危惧（NT）,維管束植物,アズマツメクサ,Crassula aquatica
準絶滅危惧（NT）,維管束植物,ツメレンゲ,Orostachys japonica
準絶滅危惧（NT）,維管束植物,ハママンネングサ,Sedum formosanum
準絶滅危惧（NT）,維管束植物,マツノハマンネングサ,Sedum hakonense
準絶滅危惧（NT）,維管束植物,オオメノマンネングサ,Sedum rupifragum
準絶滅危惧（NT）,維管束植物,サツママンネングサ,Sedum satumense
準絶滅危惧（NT）,維管束植物,タコノアシ,Penthorum chinense
準絶滅危惧（NT）,維管束植物,タチモ,Myriophyllum ussuriense
準絶滅危惧（NT）,維管束植物,コウシュンモダマ,Entada phaseoloides
準絶滅危惧（NT）,維管束植物,サツマハギ,Lespedeza thunbergii subsp. satsumensis
準絶滅危惧（NT）,維管束植物,イヌハギ,Lespedeza tomentosa
準絶滅危惧（NT）,維管束植物,ワニグチモダマ,Mucuna gigantea
準絶滅危惧（NT）,維管束植物,ヒナノキンチャク,Polygala tatarinowii
準絶滅危惧（NT）,維管束植物,ハゴロモグサ,Alchemilla japonica
準絶滅危惧（NT）,維管束植物,テンノウメ,Osteomeles anthyllidifolia var. subrotunda
準絶滅危惧（NT）,維管束植物,シマカナメモチ,Photinia wrightiana
準絶滅危惧（NT）,維管束植物,サンショウバラ,Rosa hirtula
準絶滅危惧（NT）,維管束植物,ハスノハイチゴ,Rubus peltatus
準絶滅危惧（NT）,維管束植物,ミヤマモミジイチゴ,Rubus pseudoacer
準絶滅危惧（NT）,維管束植物,サナギイチゴ,Rubus pungens var. oldhamii
準絶滅危惧（NT）,維管束植物,リシリトウウチソウ,Sanguisorba canadensis subsp. latifolia var. riishirensis
準絶滅危惧（NT）,維管束植物,キイシモツケ,Spiraea nipponica var. ogawae
準絶滅危惧（NT）,維管束植物,ハコネグミ,Elaeagnus matsunoana
準絶滅危惧（NT）,維管束植物,ハマナツメ,Paliurus ramosissimus
準絶滅危惧（NT）,維管束植物,ヤエヤマネコノチチ,Rhamnella franguloides var. inaequilatera
準絶滅危惧（NT）,維管束植物,キビノクロウメモドキ,Rhamnus yoshinoi
準絶滅危惧（NT）,維管束植物,オオトキワイヌビワ,Ficus nishimurae
準絶滅危惧（NT）,維管束植物,タイワントリアシ,Boehmeria formosana
準絶滅危惧（NT）,維管束植物,ヤエヤマラセイタソウ,Boehmeria yaeyamensis
準絶滅危惧（NT）,維管束植物,トキホコリ,Elatostema densiflorum
準絶滅危惧（NT）,維管束植物,クニガミサンショウヅル,Elatostema suzukii
準絶滅危惧（NT）,維管束植物,サクラバハンノキ,Alnus trabeculosa
準絶滅危惧（NT）,維管束植物,ヤエガワカンバ,Betula davurica var. davurica
準絶滅危惧（NT）,維管束植物,マルヤマシュウカイドウ,Begonia formosana
準絶滅危惧（NT）,維管束植物,ヒメマサキ,Euonymus boninensis
準絶滅危惧（NT）,維管束植物,ハリツルマサキ,Gymnosporia diversifolia
準絶滅危惧（NT）,維管束植物,コバノクロヅル,Tripterygium doianum
準絶滅危惧（NT）,維管束植物,ノウルシ,Euphorbia adenochlora
準絶滅危惧（NT）,維管束植物,マルミノウルシ,Euphorbia ebracteolata
準絶滅危惧（NT）,維管束植物,センダイタイゲキ,Euphorbia sendaica
準絶滅危惧（NT）,維管束植物,コウシュンカズラ,Tristellateia australasiae
準絶滅危惧（NT）,維管束植物,ミヤマヤチヤナギ,Salix fuscescens
準絶滅危惧（NT）,維管束植物,ユビソヤナギ,Salix hukaoana
準絶滅危惧（NT）,維管束植物,タライカヤナギ,Salix taraikensis
準絶滅危惧（NT）,維管束植物,アワガタケスミレ,Viola awagatakensis
準絶滅危惧（NT）,維管束植物,タカネスミレ,Viola crassa subsp. crassa
準絶滅危惧（NT）,維管束植物,チシマウスバスミレ,Viola hultenii
準絶滅危惧（NT）,維管束植物,オオバタチツボスミレ,Viola langsdorfii subsp. sachalinensis
準絶滅危惧（NT）,維管束植物,ハコネオトギリ,Hypericum hakonense
準絶滅危惧（NT）,維管束植物,イヨフウロ,Geranium shikokianum var. shikokianum
準絶滅危惧（NT）,維管束植物,アサマフウロ,Geranium soboliferum var. hakusanense
準絶滅危惧（NT）,維管束植物,ヤクシマサルスベリ,Lagerstroemia subcostata var. fauriei
準絶滅危惧（NT）,維管束植物,シマサルスベリ,Lagerstroemia subcostata var. subcostata
準絶滅危惧（NT）,維管束植物,ミズマツバ,Rotala mexicana
準絶滅危惧（NT）,維管束植物,ミズキカシグサ,Rotala rosea
準絶滅危惧（NT）,維管束植物,マヤプシギ,Sonneratia alba
準絶滅危惧（NT）,維管束植物,ウスゲチョウジタデ,Ludwigia epilobioides subsp. greatrexii
準絶滅危惧（NT）,維管束植物,ミヤマハシカンボク,Blastus cochinchinensis
準絶滅危惧（NT）,維管束植物,ヒメノボタン,Osbeckia chinensis
準絶滅危惧（NT）,維管束植物,タチバナ,Citrus tachibana
準絶滅危惧（NT）,維管束植物,シマイヌザンショウ,Zanthoxylum schinifolium var. okinawense
準絶滅危惧（NT）,維管束植物,ムニンアオガンピ,Wikstroemia pseudoretusa
準絶滅危惧（NT）,維管束植物,コカイタネツケバナ,Cardamine kokaiensis
準絶滅危惧（NT）,維管束植物,コイヌガラシ,Rorippa cantoniensis
準絶滅危惧（NT）,維管束植物,ヤクシマツチトリモチ,Balanophora yakushimensis
準絶滅危惧（NT）,維管束植物,ニンドウバノヤドリギ,Taxillus nigrans
準絶滅危惧（NT）,維管束植物,ハマサジ,Limonium tetragonum
準絶滅危惧（NT）,維管束植物,サイコクヌカボ,Persicaria foliosa var. nikaii
準絶滅危惧（NT）,維管束植物,ヤナギヌカボ,Persicaria foliosa var. paludicola
準絶滅危惧（NT）,維管束植物,ナガバノウナギツカミ,Persicaria hastatosagittata
準絶滅危惧（NT）,維管束植物,ホソバイヌタデ,Persicaria trigonocarpa
準絶滅危惧（NT）,維管束植物,コギシギシ,Rumex dentatus subsp. klotzschianus
準絶滅危惧（NT）,維管束植物,イシモチソウ,Drosera peltata var. nipponica
準絶滅危惧（NT）,維管束植物,ゲンカイミミナグサ,Cerastium fischerianum var. molle
準絶滅危惧（NT）,維管束植物,オオビランジ,Silene keiskei var. keiskei
準絶滅危惧（NT）,維管束植物,エゾゴゼンタチバナ,Cornus suecica
準絶滅危惧（NT）,維管束植物,リュウキュウコンテリギ,Hydrangea liukiuensis
準絶滅危惧（NT）,維管束植物,ヤクシマガクウツギ,Hydrangea luteovenosa var. yakusimensis
準絶滅危惧（NT）,維管束植物,ヤエヤマコクタン,Diospyros egbertwalkeri
準絶滅危惧（NT）,維管束植物,シマギンレイカ,Lysimachia decurrens
準絶滅危惧（NT）,維管束植物,ツルマンリョウ,Myrsine stolonifera
準絶滅危惧（NT）,維管束植物,サクラソウ,Primula sieboldii
準絶滅危惧（NT）,維管束植物,シナノコザクラ,Primula tosaensis var. brachycarpa
準絶滅危惧（NT）,維管束植物,イワザクラ,Primula tosaensis var. tosaensis
準絶滅危惧（NT）,維管束植物,ハイハマボッス,Samolus parviflorus
準絶滅危惧（NT）,維管束植物,シマイワウチワ,Shortia rotundifolia
準絶滅危惧（NT）,維管束植物,オオウメガサソウ,Chimaphila umbellata
準絶滅危惧（NT）,維管束植物,ゲンカイツツジ,Rhododendron mucronulatum var. ciliatum
準絶滅危惧（NT）,維管束植物,ツクシアケボノツツジ,Rhododendron pentaphyllum var. pentaphyllum
準絶滅危惧（NT）,維管束植物,ニコゲルリミノキ,Lasianthus hispidulus
準絶滅危惧（NT）,維管束植物,シチョウゲ,Leptodermis pulchella
準絶滅危惧（NT）,維管束植物,シマソナレムグラ,Leptopetalum biflorum
準絶滅危惧（NT）,維管束植物,シマザクラ,Leptopetalum grayi
準絶滅危惧（NT）,維管束植物,ヨコヤマリンドウ,Gentiana glauca
準絶滅危惧（NT）,維管束植物,チシマリンドウ,Gentianella auriculata
準絶滅危惧（NT）,維管束植物,シロウマリンドウ,Gentianopsis yabei var. yabei
準絶滅危惧（NT）,維管束植物,ムラサキセンブリ,Swertia pseudochinensis
準絶滅危惧（NT）,維管束植物,イヌセンブリ,Swertia tosaensis
準絶滅危惧（NT）,維管束植物,テングノコヅチ,Tripterospermum japonicum var. involubile
準絶滅危惧（NT）,維管束植物,チョウジソウ,Amsonia elliptica
準絶滅危惧（NT）,維管束植物,クサタチバナ,Vincetoxicum acuminatum
準絶滅危惧（NT）,維管束植物,フナバラソウ,Vincetoxicum atratum
準絶滅危惧（NT）,維管束植物,スズサイコ,Vincetoxicum pycnostelma
準絶滅危惧（NT）,維管束植物,ケナシツルモウリンカ,Vincetoxicum tanakae var. glabrescens
準絶滅危惧（NT）,維管束植物,ヤマトレンギョウ,Forsythia japonica
準絶滅危惧（NT）,維管束植物,オキナワソケイ,Jasminum superfluum
準絶滅危惧（NT）,維管束植物,ウスギモクセイ,Osmanthus fragrans var. aurantiacus f. thunbergii
準絶滅危惧（NT）,維管束植物,マルバノサワトウガラシ,Deinostema adenocaulum
準絶滅危惧（NT）,維管束植物,キクガラクサ,Ellisiophyllum pinnatum var. reptans
準絶滅危惧（NT）,維管束植物,ウルップソウ,Lagotis glauca
準絶滅危惧（NT）,維管束植物,ハマクワガタ,Veronica javanica
準絶滅危惧（NT）,維管束植物,イヌノフグリ,Veronica polita subsp. lilacina
準絶滅危惧（NT）,維管束植物,カワヂシャ,Veronica undulata
準絶滅危惧（NT）,維管束植物,ゴマノハグサ,Scrophularia buergeriana
準絶滅危惧（NT）,維管束植物,ハマヒナノウスツボ,Scrophularia grayanoides
準絶滅危惧（NT）,維管束植物,タチキランソウ,Ajuga makinoi
準絶滅危惧（NT）,維管束植物,タニジャコウソウ,Chelonopsis longipes
準絶滅危惧（NT）,維管束植物,コケトウバナ,Clinopodium multicaule var. yakusimense
準絶滅危惧（NT）,維管束植物,キタダケオドリコソウ,Lamium album var. kitadakense
準絶滅危惧（NT）,維管束植物,マネキグサ,Loxocalyx ambiguus
準絶滅危惧（NT）,維管束植物,ヒメハッカ,Mentha japonica
準絶滅危惧（NT）,維管束植物,オオヤマジソ,Mosla japonica var. hadae
準絶滅危惧（NT）,維管束植物,ヤマジソ,Mosla japonica var. japonica
準絶滅危惧（NT）,維管束植物,ミズネコノオ,Pogostemon stellatus
準絶滅危惧（NT）,維管束植物,ミゾコウジュ,Salvia plebeia
準絶滅危惧（NT）,維管束植物,アツバタツナミソウ,Scutellaria tsusimensis
準絶滅危惧（NT）,維管束植物,テイネニガクサ,Teucrium teinense
準絶滅危惧（NT）,維管束植物,ゴマクサ,Centranthera cochinchinensis subsp. lutea
準絶滅危惧（NT）,維管束植物,スズメハコベ,Microcarpaea minima
準絶滅危惧（NT）,維管束植物,オオヒキヨモギ,Siphonostegia laeta
準絶滅危惧（NT）,維管束植物,イヌタヌキモ,Utricularia australis
準絶滅危惧（NT）,維管束植物,オオタヌキモ,Utricularia macrorhiza
準絶滅危惧（NT）,維管束植物,ヒメタヌキモ,Utricularia minor
準絶滅危惧（NT）,維管束植物,ムラサキミミカキグサ,Utricularia uliginosa
準絶滅危惧（NT）,維管束植物,タヌキモ,Utricularia ｘ japonica
準絶滅危惧（NT）,維管束植物,タイワンサギゴケ,Staurogyne concinnula
準絶滅危惧（NT）,維管束植物,リュウキュウハナイカダ,Helwingia japonica subsp. liukiuensis
準絶滅危惧（NT）,維管束植物,ムニンイヌツゲ,Ilex matanoana
準絶滅危惧（NT）,維管束植物,シマモチ,Ilex mertensii var. mertensii
準絶滅危惧（NT）,維管束植物,キキョウ,Platycodon grandiflorus
準絶滅危惧（NT）,維管束植物,ガガブタ,Nymphoides indica
準絶滅危惧（NT）,維管束植物,アサザ,Nymphoides peltata
準絶滅危惧（NT）,維管束植物,アソノコギリソウ,Achillea alpina subsp. subcartilaginea
準絶滅危惧（NT）,維管束植物,フクド,Artemisia fukudo
準絶滅危惧（NT）,維管束植物,ヒロハヤマヨモギ,Artemisia stolonifera
準絶滅危惧（NT）,維管束植物,タテヤマギク,Aster dimorphophyllus
準絶滅危惧（NT）,維管束植物,ブゼンノギク,Aster hispidus var. koidzumianus
準絶滅危惧（NT）,維管束植物,オオシマノジギク,Chrysanthemum crassum
準絶滅危惧（NT）,維管束植物,トカラノギク,Chrysanthemum ornatum var. tokarense
準絶滅危惧（NT）,維管束植物,キクタニギク,Chrysanthemum seticuspe f. boreale
準絶滅危惧（NT）,維管束植物,ワカサハマギク,Chrysanthemum wakasaense
準絶滅危惧（NT）,維管束植物,ナカガワノギク,Chrysanthemum yoshinaganthum
準絶滅危惧（NT）,維管束植物,サツママアザミ,Cirsium austrokiushianum
準絶滅危惧（NT）,維管束植物,オガサワラアザミ,Cirsium boninense
準絶滅危惧（NT）,維管束植物,チョウカイアザミ,Cirsium chokaiense
準絶滅危惧（NT）,維管束植物,ミヤマコアザミ,Cirsium japonicum var. ibukiense
準絶滅危惧（NT）,維管束植物,テリハアザミ,Cirsium lucens
準絶滅危惧（NT）,維管束植物,ヤクシマアザミ,Cirsium yakusimense
準絶滅危惧（NT）,維管束植物,モクビャクコウ,Crossostephium chinense
準絶滅危惧（NT）,維管束植物,イズハハコ,Eschenbachia japonica
準絶滅危惧（NT）,維管束植物,フジバカマ,Eupatorium japonicum
準絶滅危惧（NT）,維管束植物,リュウキュウツワブキ,Farfugium japonicum var. luchuense
準絶滅危惧（NT）,維管束植物,マンシュウスイラン,Hololeion maximowiczii
準絶滅危惧（NT）,維管束植物,ドロニガナ,Ixeridium dentatum subsp. kitayamense
準絶滅危惧（NT）,維管束植物,コスギニガナ,Ixeridium yakuinsulare
準絶滅危惧（NT）,維管束植物,カワラニガナ,Ixeris tamagawaensis
準絶滅危惧（NT）,維管束植物,モミジコウモリ,Japonicalia kiusiana
準絶滅危惧（NT）,維管束植物,ヒメウスユキソウ,Leontopodium shinanense
準絶滅危惧（NT）,維管束植物,コモチミミコウモリ,Parasenecio auriculata var. bulbifera
準絶滅危惧（NT）,維管束植物,ヤクシマコウモリ,Parasenecio yakusimensis
準絶滅危惧（NT）,維管束植物,タイキンギク,Senecio scandens
準絶滅危惧（NT）,維管束植物,ヤマザトタンポポ,Taraxacum arakii
準絶滅危惧（NT）,維管束植物,タカネコウリンカ,Tephroseris takedana
準絶滅危惧（NT）,維管束植物,ウラギク,Tripolium pannonicum
準絶滅危惧（NT）,維管束植物,チョウジガマズミ,Viburnum carlesii var. bitchiuense
準絶滅危惧（NT）,維管束植物,コヤスノキ,Pittosporum illicioides
準絶滅危惧（NT）,維管束植物,エキサイゼリ,Apodicarpum ikenoi
準絶滅危惧（NT）,維管束植物,ヌマゼリ,Sium suave var. nipponicum
情報不足（DD）,維管束植物,マツバコケシダ,Crepidomanes latemarginale
情報不足（DD）,維管束植物,オトメイタチシダ,Dryopteris melanocarpa var. elegans
情報不足（DD）,維管束植物,コマチイワヒトデ,Leptochilus elegans
情報不足（DD）,維管束植物,イズモサイシン,Asarum maruyamae
情報不足（DD）,維管束植物,ヒゴコバイモ,Fritillaria kiusiana
情報不足（DD）,維管束植物,オクシリエビネ,Calanthe puberula var. okushirensis
情報不足（DD）,維管束植物,カラフトアツモリソウ,Cypripedium calceolus
情報不足（DD）,維管束植物,マルバオウセイ,Polygonatum falcatum var. trichosanthum
情報不足（DD）,維管束植物,シマクマタケラン,Alpinia boninsimensis
情報不足（DD）,維管束植物,オクトネホシクサ,Paepalanthus kanaii
情報不足（DD）,維管束植物,オキナワイ,Juncus decipiens f. filiformis
情報不足（DD）,維管束植物,チシマスズメノヒエ,Luzula kjellmanniana
情報不足（DD）,維管束植物,オオミネヒナノガリヤス,Calamagrostis nana subsp. ohminensis
情報不足（DD）,維管束植物,オニコメススキ,Deschampsia cespitosa var. macrothyrsa
情報不足（DD）,維管束植物,コツブチゴザサ,Isachne globosa var. brevispicula
情報不足（DD）,維管束植物,アイヌムギ,Leymus komarovii
情報不足（DD）,維管束植物,タニイチゴツナギ,Poa yatsugatakensis
情報不足（DD）,維管束植物,タイワンヤマモガシ,Helicia formosana
情報不足（DD）,維管束植物,アポイミセバヤ,Hylotelephium cauticola f. montana
情報不足（DD）,維管束植物,タネガシマアリノトウグサ,Haloragis walkeri
情報不足（DD）,維管束植物,シバネム,Smithia ciliata
情報不足（DD）,維管束植物,エゾサンザシ,Crataegus jozana
情報不足（DD）,維管束植物,オオバサンザシ,Crataegus maximowiczii
情報不足（DD）,維管束植物,オトギリマオ,Gonostegia pentandra var. hypericifolia
情報不足（DD）,維管束植物,ツシマカンコノキ,Glochidion puberum
情報不足（DD）,維管束植物,シオカゼオトギリ,Hypericum iwatelittorale
情報不足（DD）,維管束植物,キタミオトギリ,Hypericum kitamense
情報不足（DD）,維管束植物,フウセンアカメガシワ,Kleinhovia hospita
情報不足（DD）,維管束植物,エチゴボダイジュ,Tilia mandshurica var. toriiana
情報不足（DD）,維管束植物,ヒメタデ,Persicaria erectominor
情報不足（DD）,維管束植物,エゾセンノウ,Silene fulgens
情報不足（DD）,維管束植物,エゾヤママンテマ,Silene harae
情報不足（DD）,維管束植物,ハリザクロ,Catunaregam spinosa
情報不足（DD）,維管束植物,ホウライアオカズラ,Gymnema sylvestre
情報不足（DD）,維管束植物,タイワンキジョラン,Marsdenia formosana
情報不足（DD）,維管束植物,サツマビャクゼン,Vincetoxicum doianum
情報不足（DD）,維管束植物,ハイルリソウ,Nihon proliferum
情報不足（DD）,維管束植物,ヒメクチバシグサ,Bonnaya tenuifolia
情報不足（DD）,維管束植物,トウシャジン,Adenophora stricta var. stricta
情報不足（DD）,維管束植物,オオナガバハグマ,Ainsliaea oblonga var. latifolia
情報不足（DD）,維管束植物,マシュウヨモギ,Artemisia tsuneoi
情報不足（DD）,維管束植物,ウサギソウ,Ixeris chinensis subsp. chinensis
情報不足（DD）,維管束植物,タンバヤブレガサ,Syneilesis aconitifolia var. longilepis
情報不足（DD）,維管束植物,ホソバノダケ,Angelica decursiva var. angustiloba
