1,2,3,4,5,6,7,8,9,10,11,12,13,14,15,16,17,18,19,20,21,22,23,24,25,26,27,28,29,30,31,32,33,34,35,36,37,38,39,40,41,42,43,44,45,46,47,48,49,50,51,52,53,54,55,56,57,58,59,60,61,62,63,64,65,66,67,68,69,70,71,72,73,74,75,76,77,78,79,80,81,82,83,84,85,86,87,88,89,90,91,92,93,94,95,96,97,98,99,100,101,102,103,104,105,106,107,108,109,110,111,112,113,114,115,116,117,118,119,120,121,122,123,124,125,126,127,128,129,130,131,132,133,134,135,136,137,138,139,140,141,142,143,144,145,146,147,148,149,150,151,152,153,154,155,156,157,158,159,160,161,162,163,164,165,166,167,168,169,170,171,172,173,174,175,176,177,178
5thRL,5thRL,5thRL,5thRL,5thRL,5thRL,5thRL,5thRL,5thRL,RL2020,RL2020,RL2020,RL2019,RL2019,RL2019,RL2018,RL2018,RL2018,RL2017,RL2017,RL2017,RL2015,RL2015,RL2015,4thRL,4thRL,4thRL,3rdRL,3rdRL,3rdRL,2ndRL,2ndRL,2ndRL,1stRL,1stRL,1stRL,生息・生育環境区分（陸域（山地・丘陵）中区分）,生息・生育環境区分（陸域（山地・丘陵）中区分）,生息・生育環境区分（陸域（山地・丘陵）中区分）,生息・生育環境区分（陸域（山地・丘陵）中区分）,生息・生育環境区分（陸域（山地・丘陵）中区分）,生息・生育環境区分（陸域（山地・丘陵）細区分）,生息・生育環境区分（陸域（山地・丘陵）細区分）,生息・生育環境区分（陸域（山地・丘陵）細区分）,生息・生育環境区分（陸域（山地・丘陵）細区分）,生息・生育環境区分（陸域（山地・丘陵）細区分）,生息・生育環境区分（陸域（山地・丘陵）細区分）,生息・生育環境区分（陸域（山地・丘陵）細区分）,生息・生育環境区分（陸域（山地・丘陵）細区分）,生息・生育環境区分（陸域（山地・丘陵）細区分）,生息・生育環境区分（陸域（山地・丘陵）細区分）,生息・生育環境区分（陸域（山地・丘陵）細区分）,生息・生育環境区分（陸域（山地・丘陵）細区分）,生息・生育環境区分（陸域（山地・丘陵）細区分）,生息・生育環境区分（陸域（山地・丘陵）細区分）,生息・生育環境区分（陸域（山地・丘陵）細区分）,生息・生育環境区分（陸域（山地・丘陵）細区分）,生息・生育環境区分（陸域（山地・丘陵）細区分）,生息・生育環境区分（陸域（平野・海岸等）中区分）,生息・生育環境区分（陸域（平野・海岸等）中区分）,生息・生育環境区分（陸域（平野・海岸等）中区分）,生息・生育環境区分（陸域（平野・海岸等）中区分）,生息・生育環境区分（陸域（平野・海岸等）細区分）,生息・生育環境区分（陸域（平野・海岸等）細区分）,生息・生育環境区分（陸域（平野・海岸等）細区分）,生息・生育環境区分（陸域（平野・海岸等）細区分）,生息・生育環境区分（陸域（平野・海岸等）細区分）,生息・生育環境区分（陸域（平野・海岸等）細区分）,生息・生育環境区分（陸域（平野・海岸等）細区分）,生息・生育環境区分（陸域（平野・海岸等）細区分）,生息・生育環境区分（陸域（平野・海岸等）細区分）,生息・生育環境区分（陸域（平野・海岸等）細区分）,生息・生育環境区分（陸域（平野・海岸等）細区分）,生息・生育環境区分（陸域（平野・海岸等）細区分）,生息・生育環境区分（陸域（平野・海岸等）細区分）,生息・生育環境区分（陸域（平野・海岸等）細区分）,生息・生育環境区分（陸域（平野・海岸等）細区分）,生息・生育環境区分（陸域（平野・海岸等）細区分）,生息・生育環境区分（陸域（平野・海岸等）細区分）,生息・生育環境区分（陸域（平野・海岸等）細区分）,生息・生育環境区分（陸域（平野・海岸等）細区分）,生息・生育環境区分（陸域（平野・海岸等）細区分）,生息・生育環境区分（陸域（平野・海岸等）細区分）,生息・生育環境区分（陸域（平野・海岸等）細区分）,生息・生育環境区分（陸域（平野・海岸等）細区分）,生息・生育環境区分（陸域（平野・海岸等）細区分）,生息・生育環境区分（陸域（平野・海岸等）細区分）,生息・生育環境区分（陸域（平野・海岸等）細区分）,生息・生育環境区分（陸域（平野・海岸等）細区分）,生息・生育環境区分（陸域（平野・海岸等）細区分）,生息・生育環境区分（陸域（平野・海岸等）細区分）,生息・生育環境区分（海域（沿岸）中区分）,生息・生育環境区分（海域（沿岸）中区分）,生息・生育環境区分（海域（沿岸）中区分）,生息・生育環境区分（海域（沿岸）中区分）,生息・生育環境区分（海域（沿岸）中区分）,生息・生育環境区分（海域（沿岸）細区分）,生息・生育環境区分（海域（沿岸）細区分）,生息・生育環境区分（海域（沿岸）細区分）,生息・生育環境区分（海域（沿岸）細区分）,生息・生育環境区分（海域（沿岸）細区分）,生息・生育環境区分（海域（沿岸）細区分）,生息・生育環境区分（海域（沿岸）細区分）,生息・生育環境区分（海域（沿岸）細区分）,生息・生育環境区分（海域（沿岸）細区分）,生息・生育環境区分（海域（沿岸）細区分）,生息・生育環境区分（海域（沿岸）細区分）,生息・生育環境区分（海域（沿岸）細区分）,生息・生育環境区分（海域（外洋）中区分）,生息・生育環境区分（海域（外洋）中区分）,生息・生育環境区分（海域（外洋）中区分）,生息・生育環境区分（海域（外洋）中区分）,生息・生育環境区分（海域（外洋）細区分）,生息・生育環境区分（海域（外洋）細区分）,生息・生育環境区分（海域（外洋）細区分）,生息・生育環境区分（海域（外洋）細区分）,生息・生育環境区分（海域（外洋）細区分）,生息・生育環境区分（海域（外洋）細区分）,生息・生育環境区分（海域（外洋）細区分）,生息・生育環境区分（海域（外洋）細区分）,生息・生育環境区分（海域（外洋）細区分）,生息・生育環境区分（海域（外洋）細区分）,国土地域区分,国土地域区分,国土地域区分,国土地域区分,国土地域区分,国土地域区分,国土地域区分,国土地域区分,存続を脅かす要因（現在）,存続を脅かす要因（現在）,存続を脅かす要因（現在）,存続を脅かす要因（現在）,存続を脅かす要因（現在）,存続を脅かす要因（現在）,存続を脅かす要因（現在）,存続を脅かす要因（現在）,存続を脅かす要因（現在）,存続を脅かす要因（現在）,存続を脅かす要因（現在）,存続を脅かす要因（現在）,存続を脅かす要因（現在）,存続を脅かす要因（現在）,存続を脅かす要因（現在）,存続を脅かす要因（現在）,存続を脅かす要因（現在）,存続を脅かす要因（現在）,存続を脅かす要因（現在）,存続を脅かす要因（現在）,存続を脅かす要因（現在）,存続を脅かす要因（現在）,存続を脅かす要因（現在）,存続を脅かす要因（現在）,存続を脅かす要因（現在）,存続を脅かす要因（現在）,存続を脅かす要因（現在）,存続を脅かす要因（現在）,存続を脅かす要因（現在）,存続を脅かす要因（現在）,存続を脅かす要因（現在）,存続を脅かす要因（現在）,存続を脅かす要因（現在）,存続を脅かす要因（現在）,存続を脅かす要因（現在）,存続を脅かす要因（現在）,存続を脅かす要因（現在）,存続を脅かす要因（現在）,存続を脅かす要因（現在）,存続を脅かす要因（現在）,存続を脅かす要因（現在）,存続を脅かす要因（現在）,存続を脅かす要因（現在）,存続を脅かす要因（現在）,存続を脅かす要因（現在）,存続を脅かす要因（現在）,存続を脅かす要因（現在）,
掲載No.,分科会名,カテゴリーJPN,カテゴリーENG,目名,科名,和名,学名,判定基準,和名,学名,カテゴリー,和名,学名,カテゴリー,和名,学名,カテゴリー,和名,学名,カテゴリー,和名,学名,カテゴリー,和名,学名,カテゴリー,和名,学名,カテゴリー,和名,学名,カテゴリー,和名,学名,カテゴリー,高標高地,中標高地,低標高地,その他,その他自由記述,裸地,森林,草地,田地・畑地,耕作放棄地,農業用水路,湿地・湿原・細流,砂地・風衝地,岩壁・ガレ場（石灰岩地等）,洞窟・地下浅層・地下水域,河川源流域,河川上流域,河川中流域,ため池・池沼,湖・ダム湖,その他,その他自由記述,平地部,海岸部,その他,その他自由記述,裸地,森林,草地,田地・畑地,耕作放棄地,湿地・湿原,住宅地,商業・工業施設,市街緑地,砂地・礫地,河川中流域,河川下流域,河口域,ワンド,農業用水路,小河川,ため池・池沼,潟・湖・ダム湖,地下水域,井戸,洞窟・地下浅層,砂浜・礫浜,海崖・岩浜・岩礁（磯）,汽水域,塩沼地・塩性湿地・河口干潟(マングローブ湿地を含む),潟・汽水湖,陸封潮溜まり（アンキアライン池・洞窟）,その他,その他自由記述,潮間帯,表層,中深層以深,その他,その他自由記述,海面,漂泳界(水柱環境),岩礁（磯）,藻場,アマモ場,サンゴ礁,干潟,砂底・礫底,泥底,洞窟,その他,その他自由記述,表層,中深層以深,その他,その他自由記述,海面,漂泳界(水柱環境),岩底,砂底・礫底,泥底,洞窟,熱水噴出孔,冷水湧出帯,その他,その他自由記述,奥山自然地域,里地里山・田園地域,都市地域,河川・湿地地域,沿岸域,海洋域,島嶼地域,不明,森林伐採,湖沼開発,河川開発,海岸開発,海砂採取,湿地開発,圃場整備,草地開発,石灰採掘,洞窟の消失や環境悪化,ゴルフ場,スキー場,土地造成,交通インフラ建設,ダム・河川工作物建設,発電施設建設,水質汚濁,水温変化,農薬汚染/化学物質汚染,感染症/病原菌,大気汚染,捕獲・狩猟/園芸採取,食用・薬用採取,違法採集,混獲・錯誤捕獲,シカ食害,その他動物食害,捕食（外来種による）,捕食（在来種による）,競争/競合（外来種による）,競争/競合（在来種による）,交雑（外来種による）,交雑（在来種による),宿主の減少,人の踏みつけ,交通事故,人工構造物への衝突,光害,管理放棄,遷移進行・植生変化/自然遷移,基質・基物の減少及び消失,自然災害,気候変動,局所分布,近親交配,その他,その他自由記述,不明
BI0001,鳥類,絶滅,EX,カモ目,カモ科,カンムリツクシガモ,Tadorna cristata,③,カンムリツクシガモ,Tadorna cristata,EX,カンムリツクシガモ,Tadorna cristata,EX,カンムリツクシガモ,Tadorna cristata,EX,カンムリツクシガモ,Tadorna cristata,EX,カンムリツクシガモ,Tadorna cristata,EX,カンムリツクシガモ,Tadorna cristata,EX,カンムリツクシガモ,Tadorna cristata,EX,カンムリツクシガモ,Tadorna cristata,EX,カンムリツクシガモ,Tadorna cristata,Ex,0,0,0,0,―,0,0,0,0,0,0,0,0,0,0,0,0,0,0,0,0,―,0,0,1,不明,0,0,0,0,0,0,0,0,0,0,0,0,0,0,0,0,0,0,0,0,0,0,0,0,0,0,0,1,不明,0,0,0,1,不明,0,0,0,0,0,0,0,0,0,0,1,不明,0,0,1,不明,0,0,0,0,0,0,0,0,1,不明,0,0,0,0,0,1,0,1,0,0,0,0,0,0,0,0,0,0,0,0,0,0,0,0,0,0,0,0,0,0,0,0,0,0,0,0,0,0,0,0,0,0,0,0,0,0,0,0,0,0,0,0,0,0,―,0
BI0002,鳥類,絶滅,EX,ハト目,ハト科,オガサワラカラスバト,Columba versicolor,①②③,オガサワラカラスバト,Columba versicolor,EX,オガサワラカラスバト,Columba versicolor,EX,オガサワラカラスバト,Columba versicolor,EX,オガサワラカラスバト,Columba versicolor,EX,オガサワラカラスバト,Columba versicolor,EX,オガサワラカラスバト,Columba versicolor,EX,オガサワラカラスバト,Columba versicolor,EX,オガサワラカラスバト,Columba versicolor,EX,オガサワラカラスバト,Columba versicolor,Ex,0,0,0,0,―,0,0,0,0,0,0,0,0,0,0,0,0,0,0,0,0,―,0,0,1,不明,0,0,0,0,0,0,0,0,0,0,0,0,0,0,0,0,0,0,0,0,0,0,0,0,0,0,0,1,不明,0,0,0,0,―,0,0,0,0,0,0,0,0,0,0,0,―,0,0,0,―,0,0,0,0,0,0,0,0,0,―,0,0,0,0,0,0,1,1,0,0,0,0,0,0,0,0,0,0,0,0,0,0,0,0,0,0,0,0,0,0,0,0,0,0,0,0,0,0,0,0,0,0,0,0,0,0,0,0,0,0,0,0,0,0,―,0
BI0003,鳥類,絶滅,EX,ハト目,ハト科,リュウキュウカラスバト,Columba jouyi,①③,リュウキュウカラスバト,Columba jouyi,EX,リュウキュウカラスバト,Columba jouyi,EX,リュウキュウカラスバト,Columba jouyi,EX,リュウキュウカラスバト,Columba jouyi,EX,リュウキュウカラスバト,Columba jouyi,EX,リュウキュウカラスバト,Columba jouyi,EX,リュウキュウカラスバト,Columba jouyi,EX,リュウキュウカラスバト,Columba jouyi,EX,リュウキュウカラスバト,Columba jouyi,Ex,0,0,1,0,―,0,1,0,0,0,0,0,0,0,0,0,0,0,0,0,0,―,1,0,0,―,0,1,0,0,0,0,0,0,0,0,0,0,0,0,0,0,0,0,0,0,0,0,0,0,0,0,0,0,―,0,0,0,0,―,0,0,0,0,0,0,0,0,0,0,0,―,0,0,0,―,0,0,0,0,0,0,0,0,0,―,0,0,0,0,0,0,1,1,0,0,0,0,0,0,0,0,0,0,0,0,0,0,0,0,0,0,0,0,0,0,0,0,0,0,0,0,0,0,0,0,0,0,0,0,0,0,0,0,0,0,0,0,0,0,―,0
BI0004,鳥類,絶滅,EX,ツル目,クイナ科,マミジロクイナ,Poliolimnas cinereus brevipes,③,マミジロクイナ,Porzana cinerea brevipes,EX,マミジロクイナ,Porzana cinerea brevipes,EX,マミジロクイナ,Porzana cinerea brevipes,EX,マミジロクイナ,Porzana cinerea brevipes,EX,マミジロクイナ,Poliolimnas cinereus brevipes,EX,マミジロクイナ,Poliolimnas cinereus brevipes,EX,マミジロクイナ,Poliolimnas cinereus brevipes,EX,マミジロクイナ,Poliolimnas cinereus brevipes,EX,マミジロクイナ,Poliolimnas cinereus brevipes,Ex,0,0,0,0,―,0,0,0,0,0,0,0,0,0,0,0,0,0,0,0,0,―,1,0,0,―,0,1,0,1,0,0,0,0,0,0,0,0,0,0,0,0,0,0,0,0,0,0,0,0,0,0,0,0,―,0,0,0,0,―,0,0,0,0,0,0,0,0,0,0,0,―,0,0,0,―,0,0,0,0,0,0,0,0,0,―,0,0,0,0,0,0,1,1,0,0,0,0,0,0,0,0,0,0,0,0,0,0,0,0,0,0,0,0,0,0,0,0,0,0,0,0,0,0,0,0,0,0,0,0,0,0,0,0,0,0,0,0,0,0,―,0
BI0005,鳥類,絶滅,EX,ペリカン目,サギ科,ハシブトゴイ,Nycticorax caledonicus crassirostris,③,ハシブトゴイ,Nycticorax caledonicus crassirostris,EX,ハシブトゴイ,Nycticorax caledonicus crassirostris,EX,ハシブトゴイ,Nycticorax caledonicus crassirostris,EX,ハシブトゴイ,Nycticorax caledonicus crassirostris,EX,ハシブトゴイ,Nycticorax caledonicus crassirostris,EX,ハシブトゴイ,Nycticorax caledonicus crassirostris,EX,ハシブトゴイ,Nycticorax caledonicus crassirostris,EX,ハシブトゴイ,Nycticorax caledonicus crassirostris,EX,ハシブトゴイ,Nycticorax caledonicus crassirostris,Ex,0,0,0,0,―,0,0,0,0,0,0,0,0,0,0,0,0,0,0,0,0,―,0,1,0,―,0,0,1,0,0,0,0,0,0,0,0,0,0,0,0,0,0,0,0,0,0,0,1,0,0,0,0,0,―,0,0,0,0,―,0,0,0,0,0,0,0,0,0,0,0,―,0,0,0,―,0,0,0,0,0,0,0,0,0,―,0,0,0,0,0,0,1,1,0,0,0,0,0,0,0,0,0,0,0,0,0,0,0,0,0,0,0,0,0,0,0,0,0,0,0,0,0,0,0,0,0,0,0,0,0,0,0,0,0,0,0,0,0,0,―,0
BI0006,鳥類,絶滅,EX,タカ目,タカ科,ダイトウノスリ,Buteo japonicus oshiroi,①,ダイトウノスリ,Buteo buteo oshiroi,EX,ダイトウノスリ,Buteo buteo oshiroi,EX,ダイトウノスリ,Buteo buteo oshiroi,EX,ダイトウノスリ,Buteo buteo oshiroi,EX,ダイトウノスリ,Buteo buteo oshiroi,EX,ダイトウノスリ,Buteo buteo oshiroi,EX,ダイトウノスリ,Buteo buteo oshiroi,CR,ダイトウノスリ,Buteo buteo oshiroi,CR,ダイトウノスリ,Buteo buteo oshiroi,E,0,0,0,0,―,0,0,0,0,0,0,0,0,0,0,0,0,0,0,0,0,―,1,0,0,―,1,1,1,1,1,1,0,0,0,0,0,0,0,0,0,0,0,0,0,0,0,0,0,0,0,0,0,0,―,0,0,0,0,―,0,0,0,0,0,0,0,0,0,0,0,―,0,0,0,―,0,0,0,0,0,0,0,0,0,―,0,0,0,0,0,0,1,0,1,0,0,0,0,0,1,0,0,0,0,0,1,0,0,0,0,0,1,0,0,0,0,0,0,0,0,0,0,0,0,0,0,0,0,0,0,0,0,0,0,0,0,1,1,0,―,0
BI0007,鳥類,絶滅,EX,ブッポウソウ目,カワセミ科,ミヤコショウビン,Todiramphus miyakoensis,③,ミヤコショウビン,Todiramphus miyakoensis,EX,ミヤコショウビン,Todiramphus miyakoensis,EX,ミヤコショウビン,Todiramphus miyakoensis,EX,ミヤコショウビン,Todiramphus miyakoensis,EX,ミヤコショウビン,Halcyon miyakoensis,EX,ミヤコショウビン,Halcyon miyakoensis,EX,ミヤコショウビン,Halcyon miyakoensis,EX,ミヤコショウビン,Halcyon miyakoensis,EX,ミヤコショウビン,Halcyon miyakoensis,Ex,0,0,0,0,―,0,0,0,0,0,0,0,0,0,0,0,0,0,0,0,0,―,0,0,1,不明,0,0,0,0,0,0,0,0,0,0,0,0,0,0,0,0,0,0,0,0,0,0,0,0,0,0,0,1,不明,0,0,0,0,―,0,0,0,0,0,0,0,0,0,0,0,―,0,0,0,―,0,0,0,0,0,0,0,0,0,―,0,0,0,0,0,0,1,1,0,0,0,0,0,0,0,0,0,0,0,0,0,0,0,0,0,0,0,0,0,0,0,0,0,0,0,0,0,0,0,0,0,0,0,0,0,0,0,0,0,0,0,0,0,0,―,0
BI0008,鳥類,絶滅,EX,キツツキ目,キツツキ科,キタタキ,Dryocopus javensis richardsi,①②③,キタタキ,Dryocopus javensis richardsi,EX,キタタキ,Dryocopus javensis richardsi,EX,キタタキ,Dryocopus javensis richardsi,EX,キタタキ,Dryocopus javensis richardsi,EX,キタタキ,Dryocopus javensis richardsi,EX,キタタキ,Dryocopus javensis richardsi,EX,キタタキ,Dryocopus javensis richardsi,EX,キタタキ,Dryocopus javensis richardsi,EX,キタタキ,Dryocopus javensis richardsi,Ex,0,1,1,0,―,0,1,0,0,0,0,0,0,0,0,0,0,0,0,0,0,―,0,0,0,―,0,0,0,0,0,0,0,0,0,0,0,0,0,0,0,0,0,0,0,0,0,0,0,0,0,0,0,0,―,0,0,0,0,―,0,0,0,0,0,0,0,0,0,0,0,―,0,0,0,―,0,0,0,0,0,0,0,0,0,―,1,0,0,0,0,0,1,1,0,0,0,0,0,0,0,0,0,0,0,0,0,0,0,0,0,0,0,0,0,0,0,0,0,0,0,0,0,0,0,0,0,0,0,0,0,0,0,0,0,0,0,0,0,0,―,0
BI0009,鳥類,絶滅,EX,ハヤブサ目,ハヤブサ科,シマハヤブサ,Falco peregrinus furuitii,②③,シマハヤブサ,Falco peregrinus furuitii,EX,シマハヤブサ,Falco peregrinus furuitii,EX,シマハヤブサ,Falco peregrinus furuitii,EX,シマハヤブサ,Falco peregrinus furuitii,DD,シマハヤブサ,Falco peregrinus furuitii,DD,シマハヤブサ,Falco peregrinus furuitii,DD,シマハヤブサ,Falco peregrinus furuitii,CR,シマハヤブサ,Falco peregrinus furuitii,EN,シマハヤブサ,Falco peregrinus fruitii,V,0,1,1,0,―,0,1,0,0,0,0,0,0,1,0,0,0,0,0,0,0,―,1,1,0,―,0,1,0,0,0,0,0,0,0,0,0,0,0,0,0,0,0,0,0,0,0,0,1,0,0,0,0,0,―,0,0,0,0,―,0,0,0,0,0,0,0,0,0,0,0,―,0,0,0,―,0,0,0,0,0,0,0,0,0,―,0,0,0,0,0,0,1,0,0,0,0,0,0,0,0,0,0,0,0,0,0,0,0,0,0,0,0,0,0,0,0,0,0,0,0,0,0,0,0,0,0,0,0,0,0,0,0,0,0,0,0,0,0,1,2000年代には絶滅していたと考えられる。,0
BI0010,鳥類,絶滅,EX,スズメ目,シジュウカラ科,ダイトウヤマガラ,Sittiparus varius orii,③,ダイトウヤマガラ,Poecile varius orii,EX,ダイトウヤマガラ,Poecile varius orii,EX,ダイトウヤマガラ,Poecile varius orii,EX,ダイトウヤマガラ,Poecile varius orii,EX,ダイトウヤマガラ,Parus varius orii,EX,ダイトウヤマガラ,Parus varius orii,EX,ダイトウヤマガラ,Parus varius orii,EX,ダイトウヤマガラ,Parus varius orii,EX,ダイトウヤマガラ,Parus varius orii,Ex,0,0,0,0,―,0,0,0,0,0,0,0,0,0,0,0,0,0,0,0,0,―,0,0,1,不明,0,0,0,0,0,0,0,0,0,0,0,0,0,0,0,0,0,0,0,0,0,0,0,0,0,0,0,1,不明,0,0,0,0,―,0,0,0,0,0,0,0,0,0,0,0,―,0,0,0,―,0,0,0,0,0,0,0,0,0,―,0,0,0,0,0,0,1,1,0,0,0,0,0,0,0,0,0,0,0,0,0,0,0,0,0,0,0,0,0,0,0,0,0,0,0,0,0,0,0,0,0,0,0,0,0,0,0,0,0,0,0,0,0,0,―,0
BI0011,鳥類,絶滅,EX,スズメ目,メジロ科,ムコジマメグロ,Apalopteron familiare familiare,③,メグロ,Apalopteron familiare familiare,EX,メグロ,Apalopteron familiare familiare,EX,メグロ,Apalopteron familiare familiare,EX,メグロ,Apalopteron familiare familiare,EX,ムコジマメグロ,Apalopteron familiare familiare,EX,ムコジマメグロ,Apalopteron familiare familiare,EX,ムコジマメグロ,Apalopteron familiare familiare,EX,ムコジマメグロ,Apalopteron familiare familiare,EX,ムコジマメグロ,Apalopteron familiare familiare,Ex,0,0,0,0,―,0,0,0,0,0,0,0,0,0,0,0,0,0,0,0,0,―,1,1,0,―,0,1,0,0,0,0,0,0,0,0,0,0,0,0,0,0,0,0,0,0,0,0,0,0,0,0,0,0,―,0,0,0,0,―,0,0,0,0,0,0,0,0,0,0,0,―,0,0,0,―,0,0,0,0,0,0,0,0,0,―,1,0,0,0,0,0,1,0,0,0,0,0,0,0,0,0,0,0,0,0,0,0,0,0,0,0,0,0,0,0,0,0,0,0,0,0,0,0,0,0,0,0,0,0,0,0,0,0,0,0,0,0,0,0,―,0
BI0012,鳥類,絶滅,EX,スズメ目,ミソサザイ科,ダイトウミソサザイ,Troglodytes troglodytes orii,③,ダイトウミソサザイ,Troglodytes troglodytes orii,EX,ダイトウミソサザイ,Troglodytes troglodytes orii,EX,ダイトウミソサザイ,Troglodytes troglodytes orii,EX,ダイトウミソサザイ,Troglodytes troglodytes orii,EX,ダイトウミソサザイ,Troglodytes troglodytes orii,EX,ダイトウミソサザイ,Troglodytes troglodytes orii,EX,ダイトウミソサザイ,Troglodytes troglodytes orii,EX,ダイトウミソサザイ,Troglodytes troglodytes orii,EX,ダイトウミソサザイ,Troglodytes troglodytes orii,Ex,0,0,0,0,―,0,0,0,0,0,0,0,0,0,0,0,0,0,0,0,0,―,0,0,1,不明,0,0,0,0,0,0,0,0,0,0,0,0,0,0,0,0,0,0,0,0,0,0,0,0,0,0,0,1,不明,0,0,0,0,―,0,0,0,0,0,0,0,0,0,0,0,―,0,0,0,―,0,0,0,0,0,0,0,0,0,―,0,0,0,0,0,0,1,1,0,0,0,0,0,0,0,0,0,0,0,0,0,0,0,0,0,0,0,0,0,0,0,0,0,0,0,0,0,0,0,0,0,0,0,0,0,0,0,0,0,0,0,0,0,0,―,0
BI0013,鳥類,絶滅,EX,スズメ目,ツグミ科,オガサワラガビチョウ,Cichlopasser terrestris,①②③,オガサワラガビチョウ,Cichlopasser terrestris,EX,オガサワラガビチョウ,Cichlopasser terrestris,EX,オガサワラガビチョウ,Cichlopasser terrestris,EX,オガサワラガビチョウ,Cichlopasser terrestris,EX,オガサワラガビチョウ,Cichlopasser terrestris,EX,オガサワラガビチョウ,Cichlopasser terrestris,EX,オガサワラガビチョウ,Cichlopasser terrestris,EX,オガサワラガビチョウ,Cichlopasser terrestris,EX,オガサワラガビチョウ,Turdus terrestris,Ex,0,0,0,0,―,0,0,0,0,0,0,0,0,0,0,0,0,0,0,0,0,―,0,1,0,―,0,1,0,0,0,0,0,0,0,0,0,0,0,0,0,0,0,0,0,0,0,0,0,0,0,0,0,0,―,0,0,0,0,―,0,0,0,0,0,0,0,0,0,0,0,―,0,0,0,―,0,0,0,0,0,0,0,0,0,―,0,0,0,0,0,0,1,1,0,0,0,0,0,0,0,0,0,0,0,0,0,0,0,0,0,0,0,0,0,0,0,0,0,0,0,0,0,0,0,0,0,0,0,0,0,0,0,0,0,0,0,0,0,0,―,0
BI0014,鳥類,絶滅,EX,スズメ目,アトリ科,オガサワラマシコ,Carpodacus ferreorostris,①②③,オガサワラマシコ,Chaunoproctus ferreorostris,EX,オガサワラマシコ,Chaunoproctus ferreorostris,EX,オガサワラマシコ,Chaunoproctus ferreorostris,EX,オガサワラマシコ,Chaunoproctus ferreorostris,EX,オガサワラマシコ,Chaunoproctus ferreorostris,EX,オガサワラマシコ,Chaunoproctus ferreorostris,EX,オガサワラマシコ,Chaunoproctus ferreorostris,EX,オガサワラマシコ,Chaunoproctus ferreorostris,EX,オガサワラマシコ,Chaunoproctus ferreorostris,Ex,0,0,0,0,―,0,0,0,0,0,0,0,0,0,0,0,0,0,0,0,0,―,0,1,0,―,0,1,1,0,0,0,0,0,0,0,0,0,0,0,0,0,0,0,0,0,0,0,0,0,0,0,0,0,―,0,0,0,0,―,0,0,0,0,0,0,0,0,0,0,0,―,0,0,0,―,0,0,0,0,0,0,0,0,0,―,0,0,0,0,0,0,1,1,0,0,0,0,0,0,0,0,0,0,0,0,0,0,0,0,0,0,0,0,0,0,0,0,0,0,0,0,0,0,0,0,0,0,0,0,0,0,0,0,0,0,0,0,0,0,―,0
BI0015,鳥類,絶滅危惧IA類,CR,カモ目,カモ科,サカツラガン,Anser cygnoid,D,サカツラガン,Anser cygnoides,DD,サカツラガン,Anser cygnoides,DD,サカツラガン,Anser cygnoides,DD,サカツラガン,Anser cygnoides,DD,サカツラガン,Anser cygnoides,DD,サカツラガン,Anser cygnoides,DD,サカツラガン,Anser cygnoides,DD,サカツラガン,Anser cygnoides,DD,サカツラガン,Anser cygnoides,V,0,0,0,0,―,0,0,0,0,0,0,0,0,0,0,0,0,0,0,0,0,―,1,0,0,―,0,0,0,1,0,1,0,0,0,0,1,0,0,0,0,0,1,1,0,0,0,0,0,0,0,0,0,0,―,0,0,0,0,―,0,0,0,0,0,0,0,0,0,0,0,―,0,0,0,―,0,0,0,0,0,0,0,0,0,―,0,0,0,1,0,0,0,1,0,0,0,0,0,0,0,0,0,0,0,0,0,0,0,0,0,0,0,0,0,0,0,0,0,0,0,0,0,0,0,0,0,0,0,0,0,0,0,0,0,0,0,0,0,0,―,1
BI0016,鳥類,絶滅危惧IA類,CR,カモ目,カモ科,アカハジロ,Aythya baeri,D,アカハジロ,Aythya baeri,DD,アカハジロ,Aythya baeri,DD,アカハジロ,Aythya baeri,DD,アカハジロ,Aythya baeri,DD,アカハジロ,Aythya baeri,DD,アカハジロ,Aythya baeri,DD,アカハジロ,Aythya baeri,DD,アカハジロ,Aythya baeri,DD,アカハジロ,Aythya baeri,R,0,0,0,0,―,0,0,0,0,0,0,0,0,0,0,0,0,0,0,0,0,―,1,0,0,―,0,0,0,0,0,0,0,0,0,0,0,0,0,0,0,0,1,1,0,0,0,0,0,0,0,0,0,0,―,0,0,0,0,―,0,0,0,0,0,0,0,0,0,0,0,―,0,0,0,―,0,0,0,0,0,0,0,0,0,―,0,0,0,1,1,0,0,1,0,0,0,0,0,0,0,0,0,0,0,0,0,0,0,0,0,0,0,0,0,0,0,0,0,0,0,0,0,0,0,0,1,0,0,0,0,0,0,0,0,0,0,0,0,0,―,1
BI0017,鳥類,絶滅危惧IA類,CR,ハト目,ハト科,アカガシラカラスバト,Columba janthina nitens,B1ab,アカガシラカラスバト,Columba janthina nitens,CR,アカガシラカラスバト,Columba janthina nitens,CR,アカガシラカラスバト,Columba janthina nitens,CR,アカガシラカラスバト,Columba janthina nitens,CR,アカガシラカラスバト,Columba janthina nitens,CR,アカガシラカラスバト,Columba janthina nitens,CR,アカガシラカラスバト,Columba janthina nitens,CR,アカガシラカラスバト,Columba janthina nitens,EN,アカガシラカラスバト,Columba janthina nitens,E,0,0,1,0,―,0,1,1,1,0,0,0,0,0,0,0,0,0,0,0,0,―,1,0,0,―,0,1,1,1,0,0,0,0,0,0,0,0,0,0,1,1,0,0,0,0,0,0,0,0,0,0,0,0,―,0,0,0,0,―,0,0,0,0,0,0,0,0,0,0,0,―,0,0,0,―,0,0,0,0,0,0,0,0,0,―,1,0,0,0,0,0,1,0,0,0,0,0,0,0,0,0,0,0,0,0,0,0,0,0,0,0,0,0,0,0,0,0,0,0,0,1,0,1,0,0,0,0,0,1,1,0,0,0,0,0,1,1,0,0,―,0
BI0018,鳥類,絶滅危惧IA類,CR,ツル目,クイナ科,ヤンバルクイナ,Hypotaenidia okinawae,C2a(ii),ヤンバルクイナ,Gallirallus okinawae,CR,ヤンバルクイナ,Gallirallus okinawae,CR,ヤンバルクイナ,Gallirallus okinawae,CR,ヤンバルクイナ,Gallirallus okinawae,CR,ヤンバルクイナ,Gallirallus okinawae,CR,ヤンバルクイナ,Gallirallus okinawae,CR,ヤンバルクイナ,Gallirallus okinawae,CR,ヤンバルクイナ,Gallirallus okinawae,EN,ヤンバルクイナ,Rallus okinawae,E,0,0,1,0,―,0,1,0,0,0,0,0,0,0,0,0,0,0,0,0,0,―,1,0,0,―,0,1,0,0,0,0,0,0,0,0,0,0,0,0,0,0,0,0,0,0,0,0,0,0,0,0,0,0,―,0,0,0,0,―,0,0,0,0,0,0,0,0,0,0,0,―,0,0,0,―,0,0,0,0,0,0,0,0,0,―,1,0,0,0,0,0,1,0,0,0,0,0,0,0,0,0,0,0,0,0,0,0,1,0,0,0,0,0,0,0,0,0,0,0,0,1,1,0,0,0,0,0,0,1,0,0,0,0,0,0,0,0,0,0,―,0
BI0019,鳥類,絶滅危惧IA類,CR,チドリ目,シギ科,ヘラシギ,Calidris pygmaea,D,ヘラシギ,Eurynorhynchus pygmeus,CR,ヘラシギ,Eurynorhynchus pygmeus,CR,ヘラシギ,Eurynorhynchus pygmeus,CR,ヘラシギ,Eurynorhynchus pygmeus,CR,ヘラシギ,Eurynorhynchus pygmeus,CR,ヘラシギ,Eurynorhynchus pygmeus,CR,ヘラシギ,Eurynorhynchus pygmeus,CR,ヘラシギ,Eurynorhynchus pygmeus,EN,ヘラシギ,Eurynorhynchus pygmeus,V,0,0,0,0,―,0,0,0,0,0,0,0,0,0,0,0,0,0,0,0,0,―,0,1,0,―,0,0,0,1,0,1,0,0,0,0,0,1,1,0,0,0,0,0,0,0,0,1,0,0,1,1,0,0,―,0,1,0,0,―,0,0,0,0,0,0,1,0,0,0,0,―,0,0,0,―,0,0,0,0,0,0,0,0,0,―,0,0,0,1,1,0,0,0,0,0,1,1,0,1,0,0,0,0,0,0,0,0,0,0,0,0,0,0,0,1,0,0,0,0,0,0,0,0,0,0,0,0,0,0,0,0,0,0,0,0,0,0,0,0,―,0
BI0020,鳥類,絶滅危惧IA類,CR,チドリ目,シギ科,アカアシシギ,Tringa totanus ussuriensis,B2ab,アカアシシギ,Tringa totanus ussuriensis,VU,アカアシシギ,Tringa totanus ussuriensis,VU,アカアシシギ,Tringa totanus ussuriensis,VU,アカアシシギ,Tringa totanus ussuriensis,VU,アカアシシギ,Tringa totanus ussuriensis,VU,アカアシシギ,Tringa totanus ussuriensis,VU,アカアシシギ,Tringa totanus ussuriensis,VU,アカアシシギ,Tringa totanus ussuriensis,VU,アカアシシギ,Tringa totanus eurhinus,R,0,0,0,0,―,0,0,0,0,0,0,0,0,0,0,0,0,0,0,0,0,―,1,1,0,―,0,0,0,1,1,1,0,0,0,0,0,0,1,0,0,0,0,0,0,0,0,1,0,1,0,0,0,0,―,1,1,0,0,―,0,0,0,0,0,0,1,1,1,0,0,―,0,0,0,―,0,0,0,0,0,0,0,0,0,―,0,1,0,1,1,0,1,0,0,0,0,1,0,1,0,0,0,0,0,0,0,0,0,0,0,0,1,0,0,0,0,0,0,0,0,0,0,0,0,0,0,0,0,0,0,0,0,0,0,0,0,0,0,0,―,0
BI0021,鳥類,絶滅危惧IA類,CR,チドリ目,シギ科,カラフトアオアシシギ,Tringa guttifer,D,カラフトアオアシシギ,Tringa guttifer,CR,カラフトアオアシシギ,Tringa guttifer,CR,カラフトアオアシシギ,Tringa guttifer,CR,カラフトアオアシシギ,Tringa guttifer,CR,カラフトアオアシシギ,Tringa guttifer,CR,カラフトアオアシシギ,Tringa guttifer,CR,カラフトアオアシシギ,Tringa guttifer,CR,カラフトアオアシシギ,Tringa guttifer,CR,カラフトアオアシシギ,Tringa guttifer,V,0,0,0,0,―,0,0,0,0,0,0,0,0,0,0,0,0,0,0,0,0,―,0,1,0,―,0,0,0,0,0,0,0,0,0,0,0,0,1,0,0,0,0,0,0,0,0,1,0,0,1,0,0,0,―,0,1,0,0,―,1,0,0,0,0,0,1,0,0,0,0,―,0,0,0,―,0,0,0,0,0,0,0,0,0,―,0,0,0,1,1,0,0,0,0,0,1,1,0,1,0,0,0,0,0,0,0,0,0,0,0,0,0,0,0,1,0,0,0,0,0,0,0,0,0,0,0,0,0,0,0,0,0,0,0,0,0,0,0,0,―,0
BI0022,鳥類,絶滅危惧IA類,CR,チドリ目,ウミスズメ科,ウミガラス,Uria aalge inornata,D,ウミガラス,Uria aalge inornata,CR,ウミガラス,Uria aalge inornata,CR,ウミガラス,Uria aalge inornata,CR,ウミガラス,Uria aalge inornata,CR,ウミガラス,Uria aalge inornata,CR,ウミガラス,Uria aalge inornata,CR,ウミガラス,Uria aalge inornata,CR,ウミガラス,Uria aalge inornata,CR,ウミガラス,Uria aalge inornata,E,0,0,0,0,―,0,0,0,0,0,0,0,0,0,0,0,0,0,0,0,0,―,0,1,0,―,0,0,0,0,0,0,0,0,0,0,0,0,0,0,0,0,0,0,0,0,0,0,1,0,0,0,0,0,―,0,1,0,0,―,1,0,0,0,0,0,0,0,0,0,0,―,1,0,0,―,1,0,0,0,0,0,0,0,0,―,0,0,0,0,1,1,1,0,0,0,0,0,0,0,0,0,0,0,0,0,0,0,0,0,0,0,0,0,0,0,0,0,0,0,0,0,1,0,0,0,0,0,0,0,0,0,0,0,0,0,0,0,0,0,―,0
BI0023,鳥類,絶滅危惧IA類,CR,チドリ目,ウミスズメ科,ウミスズメ,Synthliboramphus antiquus antiquus,B2ab,ウミスズメ,Synthliboramphus antiquus,CR,ウミスズメ,Synthliboramphus antiquus,CR,ウミスズメ,Synthliboramphus antiquus,CR,ウミスズメ,Synthliboramphus antiquus,CR,ウミスズメ,Synthliboramphus antiquus,CR,ウミスズメ,Synthliboramphus antiquus,CR,ウミスズメ,Synthliboramphus antiquus,CR,ウミスズメ,Synthliboramphus antiquus,CR,ウミスズメ,Synthliboramphus antiquus,R,0,0,0,0,―,0,0,0,0,0,0,0,0,0,0,0,0,0,0,0,0,―,0,1,0,―,0,0,0,0,0,0,0,0,0,0,0,0,0,0,0,0,0,0,0,0,0,0,1,0,0,0,0,0,―,0,1,0,0,―,1,0,0,0,0,0,0,0,0,0,0,―,1,0,0,―,1,0,0,0,0,0,0,0,0,―,0,0,0,0,1,1,1,0,0,0,0,0,0,0,0,0,0,0,0,0,0,0,0,0,0,0,0,0,0,0,0,0,0,0,0,1,1,0,0,0,0,0,0,0,0,0,0,0,0,0,0,0,0,1,油汚染,0
BI0024,鳥類,絶滅危惧IA類,CR,チドリ目,ウミスズメ科,エトピリカ,Fratercula cirrhata,D,エトピリカ,Fratercula cirrhata,CR,エトピリカ,Fratercula cirrhata,CR,エトピリカ,Fratercula cirrhata,CR,エトピリカ,Fratercula cirrhata,CR,エトピリカ,Lunda cirrhata,CR,エトピリカ,Lunda cirrhata,CR,エトピリカ,Lunda cirrhata,CR,エトピリカ,Lunda cirrhata,CR,エトピリカ,Lunda cirrhata,E,0,0,0,0,―,0,0,0,0,0,0,0,0,0,0,0,0,0,0,0,0,―,0,1,0,―,0,0,0,0,0,0,0,0,0,0,0,0,0,0,0,0,0,0,0,0,0,0,1,0,0,0,0,0,―,0,1,0,0,―,1,0,0,0,0,0,0,0,0,0,0,―,1,0,0,―,1,0,0,0,0,0,0,0,0,―,0,0,0,0,1,1,1,0,0,0,0,0,0,0,0,0,0,0,0,0,0,0,0,0,0,0,0,0,0,0,0,0,0,0,0,0,1,0,0,0,0,0,0,0,0,0,0,0,0,0,0,0,0,1,船舶等の接近,0
BI0025,鳥類,絶滅危惧IA類,CR,ミズナギドリ目,ウミツバメ科,クロコシジロウミツバメ,Hydrobates castro,B2ab,クロコシジロウミツバメ,Oceanodroma castro,CR,クロコシジロウミツバメ,Oceanodroma castro,CR,クロコシジロウミツバメ,Oceanodroma castro,CR,クロコシジロウミツバメ,Oceanodroma castro,CR,クロコシジロウミツバメ,Oceanodroma castro,CR,クロコシジロウミツバメ,Oceanodroma castro,CR,クロコシジロウミツバメ,Oceanodroma castro,CR,クロコシジロウミツバメ,Oceanodroma castro,VU,クロコシジロウミツバメ,Oceanodroma castro,R,0,0,1,0,―,1,1,1,0,0,0,0,0,0,0,0,0,0,0,0,0,―,1,0,0,―,1,1,1,0,0,0,0,0,0,0,0,0,0,0,0,0,0,0,0,0,0,0,0,0,0,0,0,0,―,0,1,0,0,―,1,0,0,0,0,0,0,0,0,0,0,―,1,0,0,―,1,0,0,0,0,0,0,0,0,―,0,0,0,0,0,1,1,0,0,0,0,0,0,0,0,0,0,0,0,0,0,0,0,0,0,0,0,0,0,0,0,0,0,0,0,0,0,0,1,0,0,0,0,0,0,0,0,0,0,1,0,0,0,0,―,0
BI0026,鳥類,絶滅危惧IA類,CR,ミズナギドリ目,ミズナギドリ科,オガサワラヒメミズナギドリ,Puffinus bryani,B2ab,オガサワラヒメミズナギドリ,Puffinus bryani,CR,オガサワラヒメミズナギドリ,Puffinus bryani,CR,オガサワラヒメミズナギドリ,Puffinus bryani,CR,オガサワラヒメミズナギドリ,Puffinus bryani,CR,オガサワラヒメミズナギドリ,Puffinus bryani,CR,オガサワラヒメミズナギドリ,Puffinus bryani,CR,－,－,－,－,－,－,－,－,－,0,0,1,0,―,1,1,1,0,0,0,0,0,0,0,0,0,0,0,0,0,―,0,0,0,―,0,0,0,0,0,0,0,0,0,0,0,0,0,0,0,0,0,0,0,0,0,0,0,0,0,0,0,0,―,0,1,0,0,―,1,0,0,0,0,0,0,0,0,0,0,―,1,0,0,―,1,0,0,0,0,0,0,0,0,―,0,0,0,0,0,1,1,0,0,0,0,0,0,0,0,0,0,0,0,0,0,0,0,0,0,0,0,0,0,0,0,0,0,0,0,1,0,0,1,0,0,0,0,1,1,1,0,1,0,0,0,1,0,0,―,0
BI0027,鳥類,絶滅危惧IA類,CR,ミズナギドリ目,ミズナギドリ科,オガサワラミズナギドリ,Puffinus bannermani,B2ab,セグロミズナギドリ,Puffinus lherminieri bannermani,EN,セグロミズナギドリ,Puffinus lherminieri bannermani,EN,セグロミズナギドリ,Puffinus lherminieri bannermani,EN,セグロミズナギドリ,Puffinus lherminieri bannermani,EN,セグロミズナギドリ,Puffinus lherminieri bannermani,EN,セグロミズナギドリ,Puffinus lherminieri bannermani,EN,セグロミズナギドリ,Puffinus lherminieri bannermani,DD,セグロミズナギドリ,Puffinus lherminieri bannermani,DD,セグロミズナギドリ,Puffinus lherminieri bannermani,R,0,1,1,0,―,0,1,1,0,0,0,0,0,1,0,0,0,0,0,0,0,―,0,0,0,―,0,0,0,0,0,0,0,0,0,0,0,0,0,0,0,0,0,0,0,0,0,0,0,0,0,0,0,0,―,0,1,0,0,―,1,0,0,0,0,0,0,0,0,0,0,―,1,0,0,―,1,0,0,0,0,0,0,0,0,―,0,0,0,0,0,1,1,0,0,0,0,0,0,0,0,0,0,0,0,0,0,0,0,0,0,0,0,0,0,0,0,0,0,0,0,1,0,0,1,0,0,0,0,1,1,1,0,1,0,0,0,1,0,0,―,0
BI0028,鳥類,絶滅危惧IA類,CR,カツオドリ目,ウ科,チシマウガラス,Urile urile,D,チシマウガラス,Phalacrocorax urile,CR,チシマウガラス,Phalacrocorax urile,CR,チシマウガラス,Phalacrocorax urile,CR,チシマウガラス,Phalacrocorax urile,CR,チシマウガラス,Phalacrocorax urile,CR,チシマウガラス,Phalacrocorax urile,CR,チシマウガラス,Phalacrocorax urile,CR,チシマウガラス,Phalacrocorax urile,CR,チシマウガラス,Phalacrocorax urile,E,0,0,0,0,―,0,0,0,0,0,0,0,0,0,0,0,0,0,0,0,0,―,0,1,0,―,0,0,0,0,0,0,0,0,0,0,0,0,0,0,0,0,0,0,0,0,0,0,1,0,0,0,0,0,―,0,1,0,0,―,1,0,1,0,0,0,0,0,0,0,0,―,1,0,0,―,1,0,0,0,0,0,0,0,0,―,0,0,0,0,1,1,1,0,0,0,0,0,0,0,0,0,0,0,0,0,0,0,0,0,0,0,0,0,0,0,0,0,0,0,0,0,0,0,0,0,0,0,0,0,0,0,0,0,0,0,0,0,0,1,カメラマン等人間の接近,0
BI0029,鳥類,絶滅危惧IA類,CR,ペリカン目,サギ科,サンカノゴイ,Botaurus stellaris stellaris,D,サンカノゴイ,Botaurus stellaris stellaris,EN,サンカノゴイ,Botaurus stellaris stellaris,EN,サンカノゴイ,Botaurus stellaris stellaris,EN,サンカノゴイ,Botaurus stellaris stellaris,EN,サンカノゴイ,Botaurus stellaris stellaris,EN,サンカノゴイ,Botaurus stellaris stellaris,EN,サンカノゴイ,Botaurus stellaris stellaris,EN,サンカノゴイ,Botaurus stellaris stellaris,EN,サンカノゴイ,Botaurus stellaris stellaris,R,0,0,0,0,―,0,0,0,0,0,0,0,0,0,0,0,0,0,0,0,0,―,1,0,0,―,0,0,0,0,0,1,0,0,0,0,1,1,0,0,0,0,1,1,0,0,0,0,0,0,0,0,0,0,―,1,0,0,0,―,0,0,0,0,0,0,1,0,0,0,0,―,0,0,0,―,0,0,0,0,0,0,0,0,0,―,0,1,0,1,1,0,0,1,0,1,1,0,0,1,0,1,0,0,0,0,0,1,0,0,0,0,1,0,0,0,0,0,0,0,0,0,0,0,0,0,0,0,0,1,0,0,0,0,0,0,0,0,0,0,―,1
BI0030,鳥類,絶滅危惧IA類,CR,ペリカン目,サギ科,オオヨシゴイ,Ixobrychus eurhythmus,C2a(i) D,オオヨシゴイ,Ixobrychus eurhythmus,CR,オオヨシゴイ,Ixobrychus eurhythmus,CR,オオヨシゴイ,Ixobrychus eurhythmus,CR,オオヨシゴイ,Ixobrychus eurhythmus,CR,オオヨシゴイ,Ixobrychus eurhythmus,CR,オオヨシゴイ,Ixobrychus eurhythmus,CR,オオヨシゴイ,Ixobrychus eurhythmus,EN,オオヨシゴイ,Ixobrychus eurhythmus,EN,オオヨシゴイ,Ixobrychus eurhythmus,R,0,0,0,0,―,0,0,0,0,0,0,0,0,0,0,0,0,0,0,0,0,―,1,0,0,―,0,0,1,0,1,1,0,0,0,0,1,1,0,0,0,0,1,1,0,0,0,0,0,0,0,0,0,0,―,0,0,0,0,―,0,0,0,0,0,0,0,0,0,0,0,―,0,0,0,―,0,0,0,0,0,0,0,0,0,―,0,1,0,1,0,0,0,0,0,1,1,0,0,1,0,0,0,0,0,0,0,0,0,0,1,0,1,0,0,1,0,0,0,0,0,0,0,0,0,0,0,0,0,0,0,0,0,0,0,0,0,0,0,0,―,0
BI0031,鳥類,絶滅危惧IA類,CR,タカ目,タカ科,カンムリワシ,Spilornis cheela perplexus,C2a(ii),カンムリワシ,Spilornis cheela perplexus,CR,カンムリワシ,Spilornis cheela perplexus,CR,カンムリワシ,Spilornis cheela perplexus,CR,カンムリワシ,Spilornis cheela perplexus,CR,カンムリワシ,Spilornis cheela perplexus,CR,カンムリワシ,Spilornis cheela perplexus,CR,カンムリワシ,Spilornis cheela perplexus,CR,カンムリワシ,Spilornis cheela perplexus,CR,カンムリワシ,Spilornis cheela perplexus,E,0,0,1,0,―,0,1,1,1,0,0,1,0,0,0,0,0,0,1,0,0,―,1,1,0,―,0,1,1,1,1,1,0,0,0,0,0,1,1,0,1,1,0,0,0,0,0,0,0,1,1,0,0,0,―,0,0,0,0,―,0,0,0,0,0,0,0,0,0,0,0,―,0,0,0,―,0,0,0,0,0,0,0,0,0,―,0,1,0,1,0,0,1,0,1,0,0,0,0,1,1,1,0,0,1,0,0,0,0,0,0,0,0,0,0,0,0,0,0,0,0,0,0,0,0,0,0,0,0,1,0,0,1,0,0,0,0,0,0,0,―,0
BI0032,鳥類,絶滅危惧IA類,CR,フクロウ目,フクロウ科,ダイトウコノハズク,Otus elegans interpositus,B1ab+2ab,ダイトウコノハズク,Otus elegans interpositus,VU,ダイトウコノハズク,Otus elegans interpositus,VU,ダイトウコノハズク,Otus elegans interpositus,VU,ダイトウコノハズク,Otus elegans interpositus,VU,ダイトウコノハズク,Otus elegans interpositus,VU,ダイトウコノハズク,Otus elegans interpositus,VU,－,－,－,－,－,－,－,－,－,0,0,0,0,―,0,0,0,0,0,0,0,0,0,0,0,0,0,0,0,0,―,1,0,0,―,1,1,1,1,1,0,0,0,0,0,0,0,0,0,0,0,0,0,0,0,0,0,0,0,0,0,0,0,―,0,0,0,0,―,0,0,0,0,0,0,0,0,0,0,0,―,0,0,0,―,0,0,0,0,0,0,0,0,0,―,1,1,0,0,0,0,1,0,1,0,0,0,0,0,1,0,0,0,0,0,0,0,0,0,0,0,1,0,0,0,0,0,0,0,0,1,0,0,0,0,0,0,0,1,1,0,0,0,0,0,1,1,0,0,―,0
BI0033,鳥類,絶滅危惧IA類,CR,フクロウ目,フクロウ科,ワシミミズク,Bubo bubo borissowi,A2 D,ワシミミズク,Bubo bubo,CR,ワシミミズク,Bubo bubo,CR,ワシミミズク,Bubo bubo,CR,ワシミミズク,Bubo bubo,CR,ワシミミズク,Bubo bubo,CR,ワシミミズク,Bubo bubo,CR,ワシミミズク,Bubo bubo,CR,ワシミミズク,Bubo bubo,CR,－,－,－,0,1,0,0,―,0,1,0,0,0,0,0,0,0,0,0,0,0,0,0,0,―,0,0,0,―,0,0,0,0,0,0,0,0,0,0,0,0,0,0,0,0,0,0,0,0,0,0,0,0,0,0,0,0,―,0,0,0,0,―,0,0,0,0,0,0,0,0,0,0,0,―,0,0,0,―,0,0,0,0,0,0,0,0,0,―,1,1,0,0,1,0,0,0,0,0,0,0,0,0,0,0,0,0,0,0,0,0,0,0,0,0,0,1,0,0,0,0,0,0,0,1,1,0,0,0,0,0,0,0,0,0,0,1,0,0,0,1,0,1,北方からの分散移入の減少、餌資源の減少,0
BI0034,鳥類,絶滅危惧IA類,CR,スズメ目,モズ科,アカモズ,Lanius cristatus superciliosus,A2 C1,アカモズ,Lanius cristatus superciliosus,EN,アカモズ,Lanius cristatus superciliosus,EN,アカモズ,Lanius cristatus superciliosus,EN,アカモズ,Lanius cristatus superciliosus,EN,アカモズ,Lanius cristatus superciliosus,EN,アカモズ,Lanius cristatus superciliosus,EN,アカモズ,Lanius cristatus superciliosus,EN,アカモズ,Lanius cristatus superciliosus,NT,－,－,－,0,1,1,0,―,0,1,1,1,0,0,0,0,0,0,0,0,1,0,0,0,―,1,1,0,―,0,1,1,1,1,1,0,0,0,0,1,1,1,0,0,0,0,0,0,0,0,0,0,0,0,0,0,0,―,0,0,0,0,―,0,0,0,0,0,0,0,0,0,0,0,―,0,0,0,―,0,0,0,0,0,0,0,0,0,―,0,1,1,0,0,0,0,0,0,0,1,1,1,1,1,1,0,0,0,0,1,0,0,1,0,0,0,0,0,0,0,0,0,0,0,1,1,0,0,0,0,0,0,0,0,0,0,1,0,0,0,1,0,0,―,0
BI0035,鳥類,絶滅危惧IA類,CR,スズメ目,ツグミ科,コトラツグミ,Zoothera dauma iriomotensis,D,コトラツグミ,Zoothera dauma iriomotensis,DD,コトラツグミ,Zoothera dauma iriomotensis,DD,コトラツグミ,Zoothera dauma iriomotensis,DD,コトラツグミ,Zoothera dauma iriomotensis,DD,コトラツグミ,Zoothera dauma horsfieldi,DD,コトラツグミ,Zoothera dauma horsfieldi,DD,コトラツグミ,Zoothera dauma horsfieldi,DD,－,－,－,－,－,－,0,0,1,0,―,0,1,0,0,0,0,0,0,0,0,0,0,0,0,0,0,―,1,0,0,―,0,1,0,0,0,0,0,0,0,0,0,0,0,0,0,0,0,0,0,0,0,0,0,0,0,0,0,0,―,0,0,0,0,―,0,0,0,0,0,0,0,0,0,0,0,―,0,0,0,―,0,0,0,0,0,0,0,0,0,―,1,0,0,0,0,0,1,1,0,0,0,0,0,0,0,0,0,0,0,0,0,0,0,0,0,0,0,0,0,0,0,0,0,0,0,0,0,0,0,0,0,0,0,0,0,0,0,0,0,0,0,0,0,0,―,1
BI0036,鳥類,絶滅危惧IA類,CR,スズメ目,アトリ科,オガサワラカワラヒワ,Chloris kittlitzi,B2ab,オガサワラカワラヒワ,Chloris sinica kittlitzi,CR,オガサワラカワラヒワ,Chloris sinica kittlitzi,CR,オガサワラカワラヒワ,Chloris sinica kittlitzi,CR,オガサワラカワラヒワ,Chloris sinica kittlitzi,CR,オガサワラカワラヒワ,Carduelis sinica kittlitzi,CR,オガサワラカワラヒワ,Carduelis sinica kittlitzi,CR,オガサワラカワラヒワ,Carduelis sinica kittlitzi,EN,オガサワラカワラヒワ,Carduelis sinica kittlitzi,EN,オガサワラカワラヒワ,Carduelis sinica kittlitzi,E,0,0,1,0,―,1,1,1,1,0,0,0,0,0,0,0,0,0,0,0,0,―,1,1,0,―,1,1,1,1,1,0,0,0,1,0,0,0,0,0,0,1,0,0,0,0,0,0,0,0,0,0,0,0,―,0,0,0,0,―,0,0,0,0,0,0,0,0,0,0,0,―,0,0,0,―,0,0,0,0,0,0,0,0,0,―,1,1,0,0,0,0,1,0,0,0,0,0,0,0,0,0,0,0,0,0,0,0,0,0,0,0,0,0,0,0,0,0,0,0,0,1,0,1,0,0,0,0,0,0,0,0,0,0,0,0,1,1,0,0,―,0
BI0037,鳥類,絶滅危惧IA類,CR,スズメ目,ホオジロ科,シマアオジ,Emberiza aureola ornata,A2 B2ab C1+2a(i) D,シマアオジ,Emberiza aureola ornata,CR,シマアオジ,Emberiza aureola ornata,CR,シマアオジ,Emberiza aureola ornata,CR,シマアオジ,Emberiza aureola ornata,CR,シマアオジ,Emberiza aureola ornata,CR,シマアオジ,Emberiza aureola ornata,CR,シマアオジ,Emberiza aureola ornata,CR,シマアオジ,Emberiza aureola ornata,NT,－,－,－,0,0,0,0,―,0,0,0,0,0,0,0,0,0,0,0,0,0,0,0,0,―,1,0,0,―,0,0,1,1,1,1,0,0,0,0,1,1,0,0,0,0,0,0,0,0,0,0,0,0,0,0,0,0,―,0,0,0,0,―,0,0,0,0,0,0,0,0,0,0,0,―,0,0,0,―,0,0,0,0,0,0,0,0,0,―,0,0,0,1,0,0,0,0,0,0,0,0,0,0,0,0,0,0,0,0,0,0,0,0,0,0,0,0,0,1,0,0,0,1,0,0,0,0,0,0,0,0,0,0,0,0,0,0,0,0,0,0,1,0,―,0
BI0038,鳥類,絶滅危惧IB類,EN,カモ目,カモ科,カリガネ,Anser erythropus,D,カリガネ,Anser erythropus,EN,カリガネ,Anser erythropus,EN,カリガネ,Anser erythropus,EN,カリガネ,Anser erythropus,EN,カリガネ,Anser erythropus,EN,カリガネ,Anser erythropus,EN,カリガネ,Anser erythropus,NT,－,－,－,－,－,－,0,0,0,0,―,0,0,0,0,0,0,0,0,0,0,0,0,0,0,0,0,―,1,0,0,―,0,0,1,1,0,1,0,0,0,0,0,1,0,1,0,0,1,1,0,0,0,0,0,0,0,0,0,0,―,0,0,0,0,―,0,0,0,0,0,0,0,0,0,0,0,―,0,0,0,―,0,0,0,0,0,0,0,0,0,―,0,1,0,1,0,0,0,0,0,0,0,0,0,0,0,1,0,0,0,0,0,0,0,0,0,0,0,0,0,0,0,0,0,0,0,0,0,0,0,0,0,0,0,0,0,0,0,0,0,0,0,0,0,1,人為的攪乱、農法の変化,0
BI0039,鳥類,絶滅危惧IB類,EN,キジ目,キジ科,ライチョウ,Lagopus muta japonica,B2ab,ライチョウ,Lagopus muta japonica,EN,ライチョウ,Lagopus muta japonica,EN,ライチョウ,Lagopus muta japonica,EN,ライチョウ,Lagopus muta japonica,EN,ライチョウ,Lagopus mutus japonicus,EN,ライチョウ,Lagopus mutus japonicus,EN,ライチョウ,Lagopus mutus japonicus,VU,ライチョウ,Lagopus mutus japonicus,VU,ライチョウ,Lagopus mutus japonicus,E,1,1,0,0,―,0,1,0,0,0,0,0,1,0,0,0,0,0,0,0,1,ハイマツ帯、雪田植生,0,0,0,―,0,0,0,0,0,0,0,0,0,0,0,0,0,0,0,0,0,0,0,0,0,0,0,0,0,0,0,0,―,0,0,0,0,―,0,0,0,0,0,0,0,0,0,0,0,―,0,0,0,―,0,0,0,0,0,0,0,0,0,―,1,0,0,0,0,0,0,0,0,0,0,0,0,0,0,0,0,0,0,0,0,0,0,0,0,0,0,0,0,0,0,0,0,0,0,0,1,0,0,0,0,0,0,0,0,0,0,1,0,0,0,0,0,1,大型草食動物の高山帯への侵入による高山植生の破壊,0
BI0040,鳥類,絶滅危惧IB類,EN,ハト目,ハト科,ヨナグニカラスバト,Columba janthina stejnegeri,D,ヨナグニカラスバト,Columba janthina stejnegeri,EN,ヨナグニカラスバト,Columba janthina stejnegeri,EN,ヨナグニカラスバト,Columba janthina stejnegeri,EN,ヨナグニカラスバト,Columba janthina stejnegeri,EN,ヨナクニカラスバト,Columba janthina stejnegeri,EN,ヨナクニカラスバト,Columba janthina stejnegeri,EN,ヨナクニカラスバト,Columba janthina stejnegeri,EN,ヨナクニカラスバト,Columba janthina stejnegeri,EN,ヨナクニカラスバト,Columba janthina stejnegeri,E,0,0,0,0,―,0,0,0,0,0,0,0,0,0,0,0,0,0,0,0,0,―,1,1,0,―,0,1,0,0,0,0,0,0,0,0,0,0,0,0,1,1,0,0,0,0,0,0,1,0,0,0,0,0,―,0,0,0,0,―,0,0,0,0,0,0,0,0,0,0,0,―,0,0,0,―,0,0,0,0,0,0,0,0,0,―,1,0,0,0,0,0,1,0,1,0,0,0,0,0,1,0,0,0,0,0,0,0,0,0,0,0,0,0,0,0,0,0,0,0,0,0,0,0,0,0,0,0,0,0,0,0,0,0,0,0,0,0,0,0,―,0
BI0041,鳥類,絶滅危惧IB類,EN,ツル目,クイナ科,シマクイナ,Coturnicops exquisitus,D,シマクイナ,Coturnicops exquisitus,EN,シマクイナ,Coturnicops exquisitus,EN,シマクイナ,Coturnicops exquisitus,EN,シマクイナ,Coturnicops exquisitus,EN,シマクイナ,Coturnicops noveboracensis exquisitus,EN,シマクイナ,Coturnicops noveboracensis exquisitus,EN,シマクイナ,Coturnicops noveboracensis exquisitus,EN,シマクイナ,Coturnicops noveboracensis exquisitus,VU,シマクイナ,Porzana exquisita,R,0,0,0,0,―,0,0,0,0,0,0,0,0,0,0,0,0,0,0,0,0,―,1,0,0,―,0,0,0,0,0,1,0,0,0,0,0,0,0,1,0,0,1,0,0,0,0,0,0,0,0,0,0,0,―,0,0,0,0,―,0,0,0,0,0,0,0,0,0,0,0,―,0,0,0,―,0,0,0,0,0,0,0,0,0,―,0,1,0,1,0,0,0,0,0,0,1,0,0,1,1,0,0,0,0,0,0,0,0,0,0,0,1,0,0,0,0,0,0,0,0,0,0,0,0,0,0,0,0,0,0,0,0,0,0,0,0,0,0,0,―,0
BI0042,鳥類,絶滅危惧IB類,EN,ツル目,クイナ科,オオクイナ,Rallina eurizonoides sepiaria,B1ab,オオクイナ,Rallina eurizonoides sepiaria,EN,オオクイナ,Rallina eurizonoides sepiaria,EN,オオクイナ,Rallina eurizonoides sepiaria,EN,オオクイナ,Rallina eurizonoides sepiaria,EN,オオクイナ,Rallina eurizonoides sepiaria,EN,オオクイナ,Rallina eurizonoides sepiaria,EN,オオクイナ,Rallina eurizonoides sepiaria,EN,オオクイナ,Rallina eurizonoides sepiaria,VU,オオクイナ,Rallina eurizonoides sepiaria,V,0,0,1,0,―,0,1,0,0,0,0,0,0,0,0,0,0,0,0,0,0,―,1,0,0,―,0,1,0,0,0,0,0,0,0,0,0,0,0,0,0,0,0,0,0,0,0,0,0,0,0,0,0,0,―,0,0,0,0,―,0,0,0,0,0,0,0,0,0,0,0,―,0,0,0,―,0,0,0,0,0,0,0,0,0,―,1,0,0,0,0,0,1,0,1,0,0,0,0,0,0,0,0,0,0,0,0,0,0,0,0,0,0,0,0,0,0,0,0,0,0,1,1,0,1,0,0,0,0,1,0,0,0,0,0,0,0,0,0,0,―,0
BI0043,鳥類,絶滅危惧IB類,EN,チドリ目,シギ科,コシャクシギ,Numenius minutus,A2,コシャクシギ,Numenius minutus,EN,コシャクシギ,Numenius minutus,EN,コシャクシギ,Numenius minutus,EN,コシャクシギ,Numenius minutus,EN,コシャクシギ,Numenius minutus,EN,コシャクシギ,Numenius minutus,EN,コシャクシギ,Numenius minutus,EN,コシャクシギ,Numenius minutus,CR,コシャクシギ,Numenius minutus,V,0,0,0,0,―,0,0,0,0,0,0,0,0,0,0,0,0,0,0,0,0,―,1,1,0,―,0,0,1,1,0,1,0,0,0,0,0,0,0,0,0,0,0,0,0,0,0,0,0,0,0,0,0,0,―,0,0,0,0,―,0,0,0,0,0,0,0,0,0,0,0,―,0,0,0,―,0,0,0,0,0,0,0,0,0,―,0,1,0,1,1,0,0,0,0,0,1,0,0,1,1,1,0,0,0,0,0,0,0,0,0,0,0,0,0,0,0,0,0,0,0,0,0,0,0,0,0,0,0,0,0,0,0,0,0,0,0,0,0,0,―,0
BI0044,鳥類,絶滅危惧IB類,EN,チドリ目,シギ科,ツルシギ,Tringa erythropus,A2,ツルシギ,Tringa erythropus,VU,ツルシギ,Tringa erythropus,VU,ツルシギ,Tringa erythropus,VU,ツルシギ,Tringa erythropus,VU,ツルシギ,Tringa erythropus,VU,ツルシギ,Tringa erythropus,VU,－,－,－,－,－,－,－,－,－,0,0,0,0,―,0,0,0,0,0,0,0,0,0,0,0,0,0,0,0,0,―,1,0,0,―,0,0,0,1,0,1,0,0,0,0,1,0,0,0,0,0,1,1,0,0,0,0,0,1,0,1,0,0,―,0,0,0,0,―,0,0,0,0,0,0,0,0,0,0,0,―,0,0,0,―,0,0,0,0,0,0,0,0,0,―,0,1,0,1,0,0,0,0,0,1,1,0,0,1,1,0,0,0,0,0,0,0,0,0,0,0,0,0,0,0,0,0,0,0,0,0,0,0,0,0,0,0,0,0,0,0,0,0,0,0,0,0,0,0,―,0
BI0045,鳥類,絶滅危惧IB類,EN,チドリ目,カモメ科,オオセグロカモメ,Larus schistisagus,A2,オオセグロカモメ,Larus schistisagus,NT,－,－,－,－,－,－,－,－,－,－,－,－,－,－,－,－,－,－,－,－,－,－,－,－,0,0,0,0,―,0,0,0,0,0,0,0,0,0,0,0,0,0,0,0,0,―,0,1,0,―,0,0,0,1,0,1,0,0,0,0,0,1,1,0,0,0,1,0,0,0,0,1,1,1,1,1,1,0,―,1,1,0,0,―,1,0,0,0,0,0,1,0,0,0,0,―,1,0,0,―,1,0,0,0,0,0,0,0,0,―,0,0,0,1,1,1,1,1,0,0,0,0,0,0,0,0,0,0,0,0,0,0,0,0,0,0,0,0,0,0,0,1,0,0,0,1,1,0,0,0,0,0,0,0,0,0,0,0,0,0,0,0,0,1,人間による巣や卵の撤去、営巣の妨害,1
BI0046,鳥類,絶滅危惧IB類,EN,チドリ目,カモメ科,オオアジサシ,Thalasseus bergii cristatus,B2ab,オオアジサシ,Sterna bergii cristata,VU,オオアジサシ,Sterna bergii cristata,VU,オオアジサシ,Sterna bergii cristata,VU,オオアジサシ,Sterna bergii cristata,VU,オオアジサシ,Thalasseus bergii cristatus,VU,オオアジサシ,Thalasseus bergii cristatus,VU,オオアジサシ,Thalasseus bergii cristatus,VU,オオアジサシ,Thalasseus bergii cristatus,VU,オオアジサシ,Sterna bergii cristata,R,0,0,1,0,―,1,0,1,0,0,0,0,0,0,0,0,0,0,0,0,0,―,1,1,0,―,0,0,1,0,0,0,0,0,0,0,0,0,0,0,0,0,0,0,0,0,0,1,0,0,0,0,0,0,―,0,1,0,0,―,1,0,0,0,0,0,0,0,0,0,0,―,0,0,0,―,0,0,0,0,0,0,0,0,0,―,0,0,0,0,0,1,1,0,0,0,0,0,0,0,0,0,0,0,0,0,0,0,0,0,0,0,0,0,0,0,0,0,0,0,0,0,0,0,0,0,0,0,0,0,0,0,0,0,0,1,0,1,0,0,―,0
BI0047,鳥類,絶滅危惧IB類,EN,チドリ目,カモメ科,コアジサシ,Sternula albifrons sinensis,A2,コアジサシ,Sterna albifrons sinensis,VU,コアジサシ,Sterna albifrons sinensis,VU,コアジサシ,Sterna albifrons sinensis,VU,コアジサシ,Sterna albifrons sinensis,VU,コアジサシ,Sterna albifrons sinensis,VU,コアジサシ,Sterna albifrons sinensis,VU,コアジサシ,Sterna albifrons sinensis,VU,コアジサシ,Sterna albifrons sinensis,VU,コアジサシ,Sterna albifrons sinensis,R,0,0,0,0,―,0,0,0,0,0,0,0,0,0,0,0,0,0,0,0,0,―,1,1,0,―,1,0,0,0,0,0,0,0,0,1,1,1,1,1,1,1,1,1,0,0,0,1,0,1,1,1,0,0,―,1,1,0,0,―,1,0,0,1,1,1,1,0,0,0,0,―,0,0,0,―,0,0,0,0,0,0,0,0,0,―,0,0,1,1,1,0,1,0,0,1,1,1,0,0,0,0,0,0,0,0,1,0,0,0,0,0,0,0,0,0,0,1,0,0,0,1,1,0,0,0,0,0,0,0,0,0,0,1,1,1,0,0,0,1,レジャー等の人間活動,0
BI0048,鳥類,絶滅危惧IB類,EN,チドリ目,ウミスズメ科,ケイマフリ,Cepphus carbo,C2b,ケイマフリ,Cepphus carbo,VU,ケイマフリ,Cepphus carbo,VU,ケイマフリ,Cepphus carbo,VU,ケイマフリ,Cepphus carbo,VU,ケイマフリ,Cepphus carbo,VU,ケイマフリ,Cepphus carbo,VU,ケイマフリ,Cepphus carbo,VU,ケイマフリ,Cepphus carbo,VU,－,－,－,0,0,1,0,―,0,0,1,0,0,0,0,0,0,0,0,0,0,0,0,0,―,0,1,0,―,0,0,0,0,0,0,0,0,0,0,0,0,0,0,0,0,0,0,0,0,0,0,1,0,0,0,0,0,―,0,1,0,0,―,1,0,0,0,0,0,0,0,0,0,0,―,0,0,0,―,0,0,0,0,0,0,0,0,0,―,0,0,0,0,0,1,1,0,0,0,0,0,0,0,0,0,0,0,0,0,0,0,0,0,0,0,0,0,0,0,0,0,1,0,0,0,1,0,0,0,0,0,0,0,0,0,0,0,0,0,0,0,0,1,レジャー活動による攪乱,0
BI0049,鳥類,絶滅危惧IB類,EN,ミズナギドリ目,アホウドリ科,コアホウドリ,Phoebastria immutabilis,D,コアホウドリ,Phoebastria immutabilis,EN,コアホウドリ,Phoebastria immutabilis,EN,コアホウドリ,Phoebastria immutabilis,EN,コアホウドリ,Phoebastria immutabilis,EN,コアホウドリ,Diomedea immutabilis,EN,コアホウドリ,Diomedea immutabilis,EN,コアホウドリ,Diomedea immutabilis,EN,コアホウドリ,Diomedea immutabilis,EN,コアホウドリ,Diomedea immutabilis,R,0,0,1,0,―,1,0,1,0,0,0,0,0,0,0,0,0,0,0,0,0,―,0,1,0,―,1,0,1,0,0,0,0,0,0,0,0,0,0,0,0,0,0,0,0,0,0,0,0,0,0,0,0,0,―,0,1,0,0,―,1,0,0,0,0,0,0,0,0,0,0,―,1,0,0,―,1,0,0,0,0,0,0,0,0,―,0,0,0,0,0,1,1,0,0,0,0,0,0,0,0,0,0,0,0,0,0,0,0,0,0,0,0,0,0,0,0,0,1,0,0,1,0,0,0,0,0,0,0,0,0,0,0,0,0,1,1,0,0,0,―,0
BI0050,鳥類,絶滅危惧IB類,EN,ミズナギドリ目,ウミツバメ科,コシジロウミツバメ,Hydrobates leucorhous leucorhous,A2,－,－,－,－,－,－,－,－,－,－,－,－,－,－,－,－,－,－,－,－,－,－,－,－,－,－,－,0,0,0,0,―,0,0,0,0,0,0,0,0,0,0,0,0,0,0,0,0,―,0,1,0,―,0,0,0,0,0,0,0,0,0,0,0,0,0,0,0,0,0,0,0,0,0,0,1,0,0,0,0,0,―,0,1,0,0,―,1,0,0,0,0,0,0,0,0,0,0,―,1,0,0,―,1,0,0,0,0,0,0,0,0,―,0,0,0,0,1,1,1,1,0,0,0,0,0,0,0,0,0,0,0,0,0,0,0,0,0,0,0,0,0,0,0,0,0,0,0,1,1,0,0,0,0,0,0,0,0,1,0,0,0,0,0,0,0,0,―,1
BI0051,鳥類,絶滅危惧IB類,EN,ミズナギドリ目,ウミツバメ科,オーストンウミツバメ,Hydrobates tristrami,A2 B2ab,オーストンウミツバメ,Oceanodroma tristrami,NT,オーストンウミツバメ,Oceanodroma tristrami,NT,オーストンウミツバメ,Oceanodroma tristrami,NT,オーストンウミツバメ,Oceanodroma tristrami,NT,オーストンウミツバメ,Oceanodroma tristrami,NT,オーストンウミツバメ,Oceanodroma tristrami,NT,オーストンウミツバメ,Oceanodroma tristrami,VU,オーストンウミツバメ,Oceanodroma tristrami,VU,－,－,－,0,0,0,0,―,0,0,0,0,0,0,0,0,0,0,0,0,0,0,0,0,―,1,0,0,―,1,0,1,0,0,0,0,0,0,0,0,0,0,0,0,0,0,0,0,0,0,0,0,0,0,0,0,0,―,0,1,0,0,―,1,0,0,0,0,0,0,0,0,0,0,―,1,0,0,―,1,0,0,0,0,0,0,0,0,―,0,0,0,0,0,1,1,0,0,0,0,0,0,0,0,0,0,0,0,0,0,0,0,0,0,0,0,0,0,0,0,0,0,0,0,1,0,0,0,0,0,0,0,0,0,0,0,0,0,0,0,0,0,0,―,1
BI0052,鳥類,絶滅危惧IB類,EN,コウノトリ目,コウノトリ科,コウノトリ,Ciconia boyciana,D,コウノトリ,Ciconia boyciana,CR,コウノトリ,Ciconia boyciana,CR,コウノトリ,Ciconia boyciana,CR,コウノトリ,Ciconia boyciana,CR,コウノトリ,Ciconia boyciana,CR,コウノトリ,Ciconia boyciana,CR,コウノトリ,Ciconia boyciana,CR,コウノトリ,Ciconia boyciana,CR,コウノトリ,Ciconia ciconia boyciana,E,0,0,0,0,―,0,0,0,0,0,0,0,0,0,0,0,0,0,0,0,0,―,1,0,0,―,0,1,0,1,0,1,0,0,0,0,0,1,0,0,0,0,0,0,0,0,0,0,0,0,0,0,0,0,―,0,0,0,0,―,0,0,0,0,0,0,0,0,0,0,0,―,0,0,0,―,0,0,0,0,0,0,0,0,0,―,0,1,0,1,0,0,0,0,1,1,1,0,0,1,1,0,0,0,0,0,0,0,0,0,0,0,1,0,0,1,0,0,0,0,0,0,0,0,0,0,0,0,0,0,0,0,0,0,0,0,0,0,1,0,―,0
BI0053,鳥類,絶滅危惧IB類,EN,カツオドリ目,ウ科,ヒメウ,Urile pelagicus pelagicus,D,ヒメウ,Phalacrocorax pelagicus pelagicus,EN,ヒメウ,Phalacrocorax pelagicus pelagicus,EN,ヒメウ,Phalacrocorax pelagicus pelagicus,EN,ヒメウ,Phalacrocorax pelagicus pelagicus,EN,ヒメウ,Phalacrocorax pelagicus pelagicus,EN,ヒメウ,Phalacrocorax pelagicus pelagicus,EN,ヒメウ,Phalacrocorax pelagicus pelagicus,EN,－,－,－,－,－,－,0,0,0,0,―,0,0,0,0,0,0,0,0,0,0,0,0,0,0,0,0,―,0,1,0,―,0,0,0,0,0,0,0,0,0,0,0,0,1,0,0,0,0,0,0,0,0,0,1,1,1,1,0,0,―,0,1,0,0,―,1,0,1,0,0,0,0,0,0,0,0,―,1,0,0,―,1,0,0,0,0,0,0,0,0,―,0,0,0,0,1,1,1,1,0,0,0,0,0,0,0,0,0,0,0,0,0,0,0,0,0,0,0,0,0,0,0,0,0,0,0,0,0,0,0,0,0,0,0,0,0,0,0,0,0,0,0,0,0,0,―,1
BI0054,鳥類,絶滅危惧IB類,EN,ペリカン目,トキ科,トキ,Nipponia nippon,B1ab+2ab C2a(ii),トキ,Nipponia nippon,CR,トキ,Nipponia nippon,CR,トキ,Nipponia nippon,EW,トキ,Nipponia nippon,EW,トキ,Nipponia nippon,EW,トキ,Nipponia nippon,EW,トキ,Nipponia nippon,EW,トキ,Nipponia nippon,EW,トキ,Nipponia nippon,E,0,0,0,0,―,0,0,0,0,0,0,0,0,0,0,0,0,0,0,0,0,―,1,0,0,―,0,1,1,1,0,1,0,0,0,0,0,0,0,0,0,0,0,0,0,0,0,0,0,0,0,0,0,0,―,0,0,0,0,―,0,0,0,0,0,0,0,0,0,0,0,―,0,0,0,―,0,0,0,0,0,0,0,0,0,―,0,1,0,0,0,0,0,0,0,0,0,0,0,1,1,0,0,0,0,0,0,0,0,0,0,0,0,1,0,0,0,0,0,0,0,1,0,0,0,0,0,0,0,0,0,0,1,0,0,0,0,0,1,0,―,0
BI0055,鳥類,絶滅危惧IB類,EN,ペリカン目,トキ科,ヘラサギ,Platalea leucorodia leucorodia,D,ヘラサギ,Platalea leucorodia leucorodia,DD,ヘラサギ,Platalea leucorodia leucorodia,DD,ヘラサギ,Platalea leucorodia leucorodia,DD,ヘラサギ,Platalea leucorodia leucorodia,DD,ヘラサギ,Platalea leucorodia major,DD,ヘラサギ,Platalea leucorodia major,DD,ヘラサギ,Platalea leucorodia major,DD,ヘラサギ,Platalea leucorodia major,DD,ヘラサギ,Platalea leucorodia leucorodia,R,0,0,0,0,―,0,0,0,0,0,0,0,0,0,0,0,0,0,0,0,0,―,1,1,0,―,0,0,0,1,0,1,0,0,0,1,0,1,1,0,1,1,1,1,0,0,0,1,1,1,1,1,0,0,―,1,0,0,0,―,1,0,1,0,0,0,0,1,1,0,0,―,0,0,0,―,0,0,0,0,0,0,0,0,0,―,0,1,0,1,1,0,0,0,0,1,1,1,0,1,0,0,0,0,0,0,0,0,1,0,0,0,1,1,0,0,0,0,0,0,0,0,0,0,0,0,0,0,0,0,0,0,0,0,0,0,0,0,0,0,―,0
BI0056,鳥類,絶滅危惧IB類,EN,ペリカン目,サギ科,アマサギ,Bubulcus ibis coromandus,A2,－,－,－,－,－,－,－,－,－,－,－,－,－,－,－,－,－,－,－,－,－,－,－,－,－,－,－,0,0,0,0,―,0,0,0,0,0,0,0,0,0,0,0,0,0,0,0,0,―,1,0,0,―,0,0,1,1,1,0,0,0,1,0,0,1,0,0,0,0,0,0,0,0,0,0,0,0,0,0,0,0,―,0,0,0,0,―,0,0,0,0,0,0,0,0,0,0,0,―,0,0,0,―,0,0,0,0,0,0,0,0,0,―,0,0,0,1,0,0,0,1,0,0,0,0,0,0,0,0,0,0,0,0,0,0,0,0,0,0,0,0,0,0,0,0,0,0,0,0,0,0,0,0,0,0,0,0,0,0,0,0,0,0,0,0,0,1,人との軋轢（営巣林伐採や追払い）,1
BI0057,鳥類,絶滅危惧IB類,EN,タカ目,タカ科,クマタカ,Nisaetus nipalensis orientalis,C2a(i),クマタカ,Nisaetus nipalensis orientalis,EN,クマタカ,Nisaetus nipalensis orientalis,EN,クマタカ,Nisaetus nipalensis orientalis,EN,クマタカ,Nisaetus nipalensis orientalis,EN,クマタカ,Spizaetus nipalensis orientalis,EN,クマタカ,Spizaetus nipalensis orientalis,EN,クマタカ,Spizaetus nipalensis orientalis,EN,クマタカ,Spizaetus nipalensis orientalis,EN,クマタカ,Spizaetus nipalensis orientalis,E,0,1,1,0,―,0,1,0,0,0,0,0,0,0,0,0,0,0,0,0,0,―,1,0,0,―,0,1,0,0,0,1,0,0,0,0,0,0,0,0,0,0,1,0,0,0,0,0,0,0,0,0,0,0,―,0,0,0,0,―,0,0,0,0,0,0,0,0,0,0,0,―,0,0,0,―,0,0,0,0,0,0,0,0,0,―,1,1,0,0,0,0,0,1,1,0,0,0,0,0,0,0,0,0,0,0,0,0,0,0,0,0,1,1,0,0,0,0,1,0,0,0,0,0,0,0,0,0,0,0,0,0,0,1,0,0,0,0,0,1,餌動物の減少,1
BI0058,鳥類,絶滅危惧IB類,EN,タカ目,タカ科,イヌワシ,Aquila chrysaetos japonica,C2a(i),イヌワシ,Aquila chrysaetos japonica,EN,イヌワシ,Aquila chrysaetos japonica,EN,イヌワシ,Aquila chrysaetos japonica,EN,イヌワシ,Aquila chrysaetos japonica,EN,イヌワシ,Aquila chrysaetos japonica,EN,イヌワシ,Aquila chrysaetos japonica,EN,イヌワシ,Aquila chrysaetos japonica,EN,イヌワシ,Aquila chrysaetos japonica,EN,イヌワシ,Aquila chrysaetos japonica,E,0,1,0,0,―,0,1,1,0,0,0,0,0,1,0,0,0,0,0,0,0,―,0,0,0,―,0,0,0,0,0,0,0,0,0,0,0,0,0,0,0,0,0,0,0,0,0,0,0,0,0,0,0,0,―,0,0,0,0,―,0,0,0,0,0,0,0,0,0,0,0,―,0,0,0,―,0,0,0,0,0,0,0,0,0,―,1,0,0,0,0,0,0,0,1,0,0,0,0,0,0,0,1,0,0,0,0,1,1,1,0,0,0,0,0,0,0,0,0,0,0,0,0,0,0,0,0,0,0,0,0,0,1,1,0,0,0,0,0,0,―,0
BI0059,鳥類,絶滅危惧IB類,EN,タカ目,タカ科,チュウヒ,Circus spilonotus,D,チュウヒ,Circus spilonotus spilonotus,EN,チュウヒ,Circus spilonotus spilonotus,EN,チュウヒ,Circus spilonotus spilonotus,EN,チュウヒ,Circus spilonotus spilonotus,EN,チュウヒ,Circus spilonotus spilonotus,EN,チュウヒ,Circus spilonotus spilonotus,EN,チュウヒ,Circus spilonotus spilonotus,EN,チュウヒ,Circus spilonotus spilonotus,VU,チュウヒ,Circus aeruginosus spilonotus,V,0,0,0,0,―,0,0,0,0,0,0,0,0,0,0,0,0,0,0,0,0,―,1,0,0,―,0,0,1,0,0,1,0,0,0,0,1,1,0,0,0,0,0,1,0,0,0,0,0,0,0,0,0,0,―,0,0,0,0,―,0,0,0,0,0,0,0,0,0,0,0,―,0,0,0,―,0,0,0,0,0,0,0,0,0,―,0,1,0,1,0,0,0,0,0,1,1,0,0,1,1,1,0,0,0,0,0,0,0,1,0,0,1,0,0,0,0,0,0,0,0,0,0,0,0,0,0,0,0,0,0,0,0,1,0,0,0,0,0,0,―,0
BI0060,鳥類,絶滅危惧IB類,EN,タカ目,タカ科,オガサワラノスリ,Buteo japonicus toyoshimai,D,オガサワラノスリ,Buteo buteo toyoshimai,EN,オガサワラノスリ,Buteo buteo toyoshimai,EN,オガサワラノスリ,Buteo buteo toyoshimai,EN,オガサワラノスリ,Buteo buteo toyoshimai,EN,オガサワラノスリ,Buteo buteo toyoshimai,EN,オガサワラノスリ,Buteo buteo toyoshimai,EN,オガサワラノスリ,Buteo buteo toyoshimai,EN,オガサワラノスリ,Buteo buteo toyoshimai,EN,オガサワラノスリ,Buteo buteo toyoshimai,E,0,0,1,0,―,1,1,1,1,0,0,0,0,1,0,0,0,0,0,0,0,―,1,1,0,―,1,1,1,1,0,0,0,0,0,0,0,0,0,0,0,0,0,0,0,0,0,0,1,0,0,0,0,0,―,0,0,0,0,―,0,0,0,0,0,0,0,0,0,0,0,―,0,0,0,―,0,0,0,0,0,0,0,0,0,―,1,1,0,0,0,0,1,0,0,0,0,0,0,0,0,0,0,0,0,0,0,0,0,0,0,0,0,0,0,0,0,0,0,0,0,0,0,0,0,0,0,0,0,0,0,0,0,0,0,0,0,1,0,1,外来ネズミ駆除による食物不足。森林利用による繁殖撹乱,0
BI0061,鳥類,絶滅危惧IB類,EN,フクロウ目,フクロウ科,シマフクロウ,Ketupa blakistoni blakistoni,D,シマフクロウ,Ketupa blakistoni blakistoni,CR,シマフクロウ,Ketupa blakistoni blakistoni,CR,シマフクロウ,Ketupa blakistoni blakistoni,CR,シマフクロウ,Ketupa blakistoni blakistoni,CR,シマフクロウ,Ketupa blakistoni blakistoni,CR,シマフクロウ,Ketupa blakistoni blakistoni,CR,シマフクロウ,Ketupa blakistoni blakistoni,CR,シマフクロウ,Ketupa blakistoni blakistoni,CR,シマフクロウ,Ketupa blakistoni blakistoni,E,0,1,0,0,―,0,1,0,0,0,0,1,0,0,0,1,1,1,0,1,0,―,1,1,0,―,0,1,0,0,0,1,0,0,0,0,1,1,1,1,0,1,1,1,0,0,0,0,1,1,0,1,0,0,―,1,0,0,0,―,0,0,1,0,0,0,1,0,0,0,0,―,0,0,0,―,0,0,0,0,0,0,0,0,0,―,1,0,0,1,1,0,0,0,1,1,1,0,0,1,1,0,0,0,0,1,1,1,1,1,0,0,0,0,0,0,0,0,0,1,0,1,1,0,0,0,0,0,0,1,1,0,0,0,0,0,1,1,1,0,―,0
BI0062,鳥類,絶滅危惧IB類,EN,ブッポウソウ目,ブッポウソウ科,ブッポウソウ,Eurystomus orientalis cyanocollis,B1ab,ブッポウソウ,Eurystomus orientalis calonyx,EN,ブッポウソウ,Eurystomus orientalis calonyx,EN,ブッポウソウ,Eurystomus orientalis calonyx,EN,ブッポウソウ,Eurystomus orientalis calonyx,EN,ブッポウソウ,Eurystomus orientalis calonyx,EN,ブッポウソウ,Eurystomus orientalis calonyx,EN,ブッポウソウ,Eurystomus orientalis calonyx,EN,ブッポウソウ,Eurystomus orientalis calonyx,VU,ブッポウソウ,Eurystomus orientalis calonyx,R,0,1,1,0,―,0,1,0,0,0,0,0,0,0,0,0,0,0,0,0,0,―,1,0,0,―,0,0,0,0,0,0,0,0,1,0,0,0,0,0,0,0,0,0,0,0,0,0,0,0,0,0,0,0,―,0,0,0,0,―,0,0,0,0,0,0,0,0,0,0,0,―,0,0,0,―,0,0,0,0,0,0,0,0,0,―,0,1,0,0,0,0,0,0,1,0,0,0,0,0,0,0,0,1,0,0,0,0,0,0,0,0,0,0,0,0,0,0,0,0,0,0,0,0,0,0,0,0,0,0,0,0,0,0,0,0,0,0,0,0,―,0
BI0063,鳥類,絶滅危惧IB類,EN,キツツキ目,キツツキ科,オリイコゲラ,Yungipicus kizuki orii,B2ab,－,－,－,－,－,－,－,－,－,－,－,－,－,－,－,－,－,－,－,－,－,－,－,－,－,－,－,0,0,1,0,―,0,1,0,0,0,0,0,0,0,0,0,0,0,0,0,0,―,1,0,0,―,0,1,0,0,0,0,0,0,0,0,0,0,0,0,0,0,0,0,0,0,0,0,0,0,0,0,0,0,―,0,0,0,0,―,0,0,0,0,0,0,0,0,0,0,0,―,0,0,0,―,0,0,0,0,0,0,0,0,0,―,1,0,0,0,0,0,1,1,1,0,1,0,0,0,0,0,0,0,0,0,0,0,0,0,0,0,0,0,0,0,0,0,0,0,0,0,0,0,0,0,0,0,0,0,0,0,0,0,0,0,0,0,0,0,―,0
BI0064,鳥類,絶滅危惧IB類,EN,キツツキ目,キツツキ科,ノグチゲラ,Dendrocopos noguchii,B1ab+2ab,ノグチゲラ,Sapheopipo noguchii,CR,ノグチゲラ,Sapheopipo noguchii,CR,ノグチゲラ,Sapheopipo noguchii,CR,ノグチゲラ,Sapheopipo noguchii,CR,ノグチゲラ,Sapheopipo noguchii,CR,ノグチゲラ,Sapheopipo noguchii,CR,ノグチゲラ,Sapheopipo noguchii,CR,ノグチゲラ,Sapheopipo noguchii,CR,ノグチゲラ,Sapheopipo noguchii,E,0,0,1,0,―,0,1,0,0,1,0,0,0,0,0,0,0,0,0,0,0,―,1,0,0,―,0,1,0,0,1,0,0,0,0,0,0,0,0,0,0,0,0,0,0,0,0,0,0,0,0,0,0,0,―,0,0,0,0,―,0,0,0,0,0,0,0,0,0,0,0,―,0,0,0,―,0,0,0,0,0,0,0,0,0,―,1,1,0,0,0,0,1,0,1,0,0,0,0,0,0,0,0,0,0,0,1,1,1,0,0,0,0,0,0,0,0,0,0,0,0,1,1,0,0,0,0,0,0,0,0,0,0,0,0,0,0,0,0,0,―,0
BI0065,鳥類,絶滅危惧IB類,EN,スズメ目,モズ科,チゴモズ,Lanius tigrinus,B2ab C2a(i),チゴモズ,Lanius tigrinus,CR,チゴモズ,Lanius tigrinus,CR,チゴモズ,Lanius tigrinus,CR,チゴモズ,Lanius tigrinus,CR,チゴモズ,Lanius tigrinus,CR,チゴモズ,Lanius tigrinus,CR,チゴモズ,Lanius tigrinus,CR,チゴモズ,Lanius tigrinus,VU,－,－,－,0,0,0,0,―,0,0,0,0,0,0,0,0,0,0,0,0,0,0,0,0,―,1,0,0,―,0,1,0,1,1,0,0,0,1,0,0,0,0,0,0,0,0,0,0,0,0,0,0,0,0,0,0,0,―,0,0,0,0,―,0,0,0,0,0,0,0,0,0,0,0,―,0,0,0,―,0,0,0,0,0,0,0,0,0,―,0,1,0,0,0,0,0,0,1,0,0,0,0,0,0,0,0,0,0,0,1,1,0,0,0,0,0,0,0,0,0,0,0,0,0,0,0,0,0,0,0,0,0,0,0,0,1,1,1,0,0,0,0,1,砂利採取、マツ材線虫病防除（大型送風噴霧器機による風圧被害）,0
BI0066,鳥類,絶滅危惧IB類,EN,スズメ目,シジュウカラ科,ナミエヤマガラ,Sittiparus varius namiyei,B2ab,ナミエヤマガラ,Poecile varius namiyei,EN,ナミエヤマガラ,Poecile varius namiyei,EN,ナミエヤマガラ,Poecile varius namiyei,EN,ナミエヤマガラ,Poecile varius namiyei,EN,ナミエヤマガラ,Parus varius namiyei,EN,ナミエヤマガラ,Parus varius namiyei,EN,ナミエヤマガラ,Parus varius namiyei,EN,ナミエヤマガラ,Parus varius namiyei,VU,ナミエヤマガラ,Parus varius namiyei,R,0,0,1,0,―,0,1,0,0,0,0,0,0,0,0,0,0,0,0,0,0,―,1,0,0,―,0,1,0,0,0,0,0,0,0,0,0,0,0,0,0,0,0,0,0,0,0,0,0,0,0,0,0,0,―,0,0,0,0,―,0,0,0,0,0,0,0,0,0,0,0,―,0,0,0,―,0,0,0,0,0,0,0,0,0,―,1,0,0,0,0,0,1,0,1,0,0,0,0,0,0,0,0,0,0,0,0,1,0,0,0,0,0,0,0,0,0,0,0,0,0,0,0,0,0,0,0,0,0,0,0,0,0,0,0,0,0,1,0,1,スダジイタマバエの侵入による餌不足,0
BI0067,鳥類,絶滅危惧IB類,EN,スズメ目,シジュウカラ科,オーストンヤマガラ,Sittiparus varius owstoni,B2ab,オーストンヤマガラ,Poecile varius owstoni,EN,オーストンヤマガラ,Poecile varius owstoni,EN,オーストンヤマガラ,Poecile varius owstoni,EN,オーストンヤマガラ,Poecile varius owstoni,EN,オーストンヤマガラ,Parus varius owstoni,EN,オーストンヤマガラ,Parus varius owstoni,EN,オーストンヤマガラ,Parus varius owstoni,VU,オーストンヤマガラ,Parus varius owstoni,VU,オーストンヤマガラ,Parus varius owstoni,R,0,1,1,0,―,0,1,0,0,0,0,0,0,0,0,0,0,0,0,0,0,―,1,0,0,―,0,1,0,0,0,0,0,0,0,0,0,0,0,0,0,0,0,0,0,0,0,0,0,0,0,0,0,0,―,0,0,0,0,―,0,0,0,0,0,0,0,0,0,0,0,―,0,0,0,―,0,0,0,0,0,0,0,0,0,―,1,0,0,0,0,0,1,0,1,0,0,0,0,0,0,0,0,0,0,0,0,1,0,0,0,0,0,0,0,0,0,0,0,0,0,0,0,0,0,0,0,0,0,0,0,0,0,0,0,1,0,1,0,1,スダジイタマバエの侵入による餌不足,0
BI0068,鳥類,絶滅危惧IB類,EN,スズメ目,シジュウカラ科,オリイヤマガラ,Sittiparus olivaceus,B2ab,オリイヤマガラ,Poecile varius olivaceus,NT,オリイヤマガラ,Poecile varius olivaceus,NT,オリイヤマガラ,Poecile varius olivaceus,NT,オリイヤマガラ,Poecile varius olivaceus,NT,オリイヤマガラ,Parus varius olivaceus,NT,オリイヤマガラ,Parus varius olivaceus,NT,オリイヤマガラ,Parus varius olivaceus,NT,オリイヤマガラ,Parus varius olivaceus,VU,オリイヤマガラ,Parus varius olivaceus,R,0,0,1,0,―,0,1,0,0,0,0,0,0,0,0,0,0,0,0,0,0,―,1,0,0,―,0,1,0,0,0,0,0,0,0,0,0,0,0,0,0,0,0,0,0,0,0,0,0,0,0,0,0,0,―,0,0,0,0,―,0,0,0,0,0,0,0,0,0,0,0,―,0,0,0,―,0,0,0,0,0,0,0,0,0,―,1,0,0,0,0,0,1,0,1,0,1,0,0,0,0,0,0,0,0,0,0,0,0,0,0,0,0,0,0,0,0,0,0,0,0,0,0,0,0,0,0,0,0,0,0,0,0,0,0,0,0,0,0,0,―,0
BI0069,鳥類,絶滅危惧IB類,EN,スズメ目,ウグイス科,ダイトウウグイス,Horornis diphone restrictus,B2ab,ダイトウウグイス,Cettia diphone restricta,DD,ダイトウウグイス,Cettia diphone restricta,DD,ダイトウウグイス,Cettia diphone restricta,DD,ダイトウウグイス,Cettia diphone restricta,DD,ダイトウウグイス／ウグイスの1亜種,Cettia diphone restricta／Cettia diphone ssp.,EX／DD,ダイトウウグイス,Cettia diphone restricta,EX,ダイトウウグイス,Cettia diphone restricta,EX,ダイトウウグイス,Cettia diphone restricta,EX,ダイトウウグイス,Cettia diphone restrictus,Ex,0,0,1,0,―,0,1,1,0,1,0,0,0,0,0,0,0,0,0,0,0,―,1,1,0,―,0,1,1,0,1,0,0,0,1,0,0,0,0,0,0,0,0,0,0,0,0,0,0,0,0,0,0,0,―,0,0,0,0,―,0,0,0,0,0,0,0,0,0,0,0,―,0,0,0,―,0,0,0,0,0,0,0,0,0,―,1,0,0,0,0,0,1,0,1,0,0,0,0,0,0,1,0,0,0,0,0,0,0,0,0,0,0,0,0,0,0,0,0,0,0,0,0,0,0,0,0,0,0,0,0,0,0,1,0,0,0,0,0,1,同種内別亜種の越冬渡来、繁殖分布域の拡大により、生息数の増大、過去の繁殖域への再度の繁殖分布拡大が阻害されている可能性があるが、確証は得られていない。,0
BI0070,鳥類,絶滅危惧IB類,EN,スズメ目,ムシクイ科,イイジマムシクイ,Phylloscopus ijimae,B2ab,イイジマムシクイ,Phylloscopus ijimae,VU,イイジマムシクイ,Phylloscopus ijimae,VU,イイジマムシクイ,Phylloscopus ijimae,VU,イイジマムシクイ,Phylloscopus ijimae,VU,イイジマムシクイ,Phylloscopus ijimae,VU,イイジマムシクイ,Phylloscopus ijimae,VU,イイジマムシクイ,Phylloscopus ijimae,VU,イイジマムシクイ,Phylloscopus ijimae,VU,イイジマムシクイ,Phylloscopus ijimae,R,0,1,1,0,―,0,1,0,0,0,0,0,0,0,0,0,0,0,0,0,0,―,1,0,0,―,0,1,0,0,0,0,0,0,0,0,0,0,0,0,0,0,0,0,0,0,0,0,0,0,0,0,0,0,―,0,0,0,0,―,0,0,0,0,0,0,0,0,0,0,0,―,0,0,0,―,0,0,0,0,0,0,0,0,0,―,1,0,0,0,0,0,1,0,1,0,0,0,0,0,0,0,0,0,0,0,0,1,0,0,0,0,0,0,0,0,0,0,0,0,1,1,0,0,0,0,0,0,0,0,0,0,0,0,0,1,0,0,0,0,―,0
BI0071,鳥類,絶滅危惧IB類,EN,スズメ目,ムシクイ科,オオムシクイ,Phylloscopus examinandus,D,オオムシクイ,Phylloscopus examinandus,DD,オオムシクイ,Phylloscopus examinandus,DD,オオムシクイ,Phylloscopus examinandus,DD,オオムシクイ,Phylloscopus examinandus,DD,－,－,－,－,－,－,－,－,－,－,－,－,－,－,－,1,1,0,0,―,0,1,0,0,0,0,0,0,1,0,0,0,0,0,0,0,―,0,0,0,―,0,0,0,0,0,0,0,0,0,0,0,0,0,0,0,0,0,0,0,0,0,0,0,0,0,0,0,0,―,0,0,0,0,―,0,0,0,0,0,0,0,0,0,0,0,―,0,0,0,―,0,0,0,0,0,0,0,0,0,―,1,0,0,0,0,0,0,0,0,0,0,0,0,0,0,0,0,0,0,0,0,0,0,0,0,0,0,0,0,0,0,0,0,0,0,0,0,0,0,0,0,0,0,0,0,0,0,1,0,0,1,1,0,0,―,0
BI0072,鳥類,絶滅危惧IB類,EN,スズメ目,センニュウ科,オオセッカ,Locustella pryeri pryeri,B2ab,オオセッカ,Locustella pryeri pryeri,EN,オオセッカ,Locustella pryeri pryeri,EN,オオセッカ,Locustella pryeri pryeri,EN,オオセッカ,Locustella pryeri pryeri,EN,オオセッカ,Locustella pryeri pryeri,EN,オオセッカ,Locustella pryeri pryeri,EN,オオセッカ,Locustella pryeri pryeri,EN,オオセッカ,Locustella pryeri pryeri,EN,オオセッカ,Megalurus pryeri pryeri,V,0,0,0,0,―,0,0,0,0,0,0,0,0,0,0,0,0,0,0,0,0,―,1,0,0,―,0,0,1,0,0,0,0,0,0,0,0,1,0,0,0,0,1,0,0,0,0,0,0,0,0,0,0,0,―,0,0,0,0,―,0,0,0,0,0,0,0,0,0,0,0,―,0,0,0,―,0,0,0,0,0,0,0,0,0,―,0,1,0,1,0,0,0,0,0,0,1,0,0,0,0,0,0,0,0,0,0,0,0,0,0,0,0,0,0,0,0,0,0,0,0,0,0,0,0,0,0,0,0,0,0,0,0,1,0,0,0,0,0,0,―,0
BI0073,鳥類,絶滅危惧IB類,EN,スズメ目,ミソサザイ科,モスケミソサザイ,Troglodytes troglodytes mosukei,B2ab,モスケミソサザイ,Troglodytes troglodytes mosukei,EN,モスケミソサザイ,Troglodytes troglodytes mosukei,EN,モスケミソサザイ,Troglodytes troglodytes mosukei,EN,モスケミソサザイ,Troglodytes troglodytes mosukei,EN,モスケミソサザイ,Troglodytes troglodytes mosukei,EN,モスケミソサザイ,Troglodytes troglodytes mosukei,EN,モスケミソサザイ,Troglodytes troglodytes mosukei,EN,モスケミソサザイ,Troglodytes troglodytes mosukei,EN,モスケミソサザイ,Troglodytes troglodytes mosukei,R,0,1,1,0,―,0,1,0,0,0,0,0,0,0,0,0,0,0,0,0,0,―,1,0,0,―,0,1,0,0,0,0,0,0,0,0,0,0,0,0,0,0,0,0,0,0,0,0,0,0,0,0,0,0,―,0,0,0,0,―,0,0,0,0,0,0,0,0,0,0,0,―,0,0,0,―,0,0,0,0,0,0,0,0,0,―,1,0,0,0,0,0,1,0,1,0,0,0,0,0,0,0,0,0,0,0,0,1,0,0,0,0,0,0,0,0,0,0,0,0,0,1,0,0,0,0,0,0,0,0,0,0,0,0,0,1,0,1,0,0,―,0
BI0074,鳥類,絶滅危惧IB類,EN,スズメ目,ツグミ科,アカコッコ,Turdus celaenops,B1ab,アカコッコ,Turdus celaenops,EN,アカコッコ,Turdus celaenops,EN,アカコッコ,Turdus celaenops,EN,アカコッコ,Turdus celaenops,EN,アカコッコ,Turdus celaenops,EN,アカコッコ,Turdus celaenops,EN,アカコッコ,Turdus celaenops,EN,アカコッコ,Turdus celaenops,VU,アカコッコ,Turdus celaenops,V,0,1,1,0,―,0,1,1,1,0,0,0,0,0,0,0,0,0,0,0,0,―,1,0,0,―,0,1,1,1,0,0,0,0,0,0,0,0,0,0,1,1,0,0,0,0,0,0,0,0,0,0,0,0,―,0,0,0,0,―,0,0,0,0,0,0,0,0,0,0,0,―,0,0,0,―,0,0,0,0,0,0,0,0,0,―,0,1,0,0,0,0,1,0,1,0,0,0,0,0,0,0,0,0,0,0,0,1,0,0,0,0,0,0,0,0,0,0,0,0,0,1,0,0,0,0,0,0,0,0,0,0,1,0,0,1,0,0,0,0,―,0
BI0075,鳥類,絶滅危惧IB類,EN,スズメ目,ホオジロ科,カシラダカ,Emberiza rustica latifascia,A2,－,－,－,－,－,－,－,－,－,－,－,－,－,－,－,－,－,－,－,－,－,－,－,－,－,－,－,0,0,0,0,―,0,0,0,0,0,0,0,0,0,0,0,0,0,0,0,0,―,1,0,0,―,0,1,1,1,1,0,0,0,0,0,0,0,0,0,0,0,0,0,0,0,0,0,0,0,0,0,0,0,―,0,0,0,0,―,0,0,0,0,0,0,0,0,0,0,0,―,0,0,0,―,0,0,0,0,0,0,0,0,0,―,0,1,0,0,0,0,0,1,0,0,0,0,0,0,0,0,0,0,0,0,0,0,0,0,0,0,0,0,0,0,0,0,0,0,0,0,0,0,0,0,0,0,0,0,0,0,0,0,0,0,0,0,0,0,―,1
BI0076,鳥類,絶滅危惧IB類,EN,スズメ目,ホオジロ科,コジュリン,Emberiza yessoensis yessoensis,B1ab,コジュリン,Emberiza yessoensis yessoensis,VU,コジュリン,Emberiza yessoensis yessoensis,VU,コジュリン,Emberiza yessoensis yessoensis,VU,コジュリン,Emberiza yessoensis yessoensis,VU,コジュリン,Emberiza yessoensis yessoensis,VU,コジュリン,Emberiza yessoensis yessoensis,VU,コジュリン,Emberiza yessoensis yessoensis,VU,コジュリン,Emberiza yessoensis yessoensis,VU,コジュリン,Emberiza yessoensis yessoensis,R,0,1,1,0,―,0,0,1,0,0,0,0,0,0,0,0,0,0,0,0,0,―,1,0,0,―,0,0,1,0,0,1,0,0,0,0,1,1,0,0,0,0,0,0,0,0,0,0,0,0,0,0,0,0,―,0,0,0,0,―,0,0,0,0,0,0,0,0,0,0,0,―,0,0,0,―,0,0,0,0,0,0,0,0,0,―,0,1,0,1,1,0,0,0,0,0,0,0,0,0,0,1,0,0,0,0,0,0,0,0,0,0,0,0,0,0,0,0,0,0,0,0,0,0,0,0,0,0,0,0,0,0,1,1,0,0,0,0,0,0,―,0
BI0077,鳥類,絶滅危惧II類,VU,カモ目,カモ科,コクガン,Branta bernicla nigricans,B2ab,コクガン,Branta bernicla orientalis,VU,コクガン,Branta bernicla orientalis,VU,コクガン,Branta bernicla orientalis,VU,コクガン,Branta bernicla orientalis,VU,コクガン,Branta bernicla orientalis,VU,コクガン,Branta bernicla orientalis,VU,コクガン,Branta bernicla orientalis,VU,コクガン,Branta bernicla orientalis,VU,コクガン,Branta bernicla orientalis,R,0,0,0,0,―,0,0,0,0,0,0,0,0,0,0,0,0,0,0,0,0,―,0,1,0,―,0,0,0,0,0,0,0,0,0,0,0,0,1,0,0,0,0,0,0,0,0,0,1,0,0,1,0,0,―,1,0,0,0,―,0,0,1,1,1,0,0,0,0,0,0,―,0,0,0,―,0,0,0,0,0,0,0,0,0,―,0,0,0,0,1,1,1,0,0,0,0,0,0,0,0,0,0,0,0,0,0,0,0,0,0,0,0,0,0,0,0,0,0,0,0,0,0,0,0,0,0,0,0,0,0,0,0,1,0,1,0,0,0,0,―,0
BI0078,鳥類,絶滅危惧II類,VU,カモ目,カモ科,シジュウカラガン,Branta hutchinsii leucopareia,B2ab,シジュウカラガン,Branta hutchinsii leucopareia,CR,シジュウカラガン,Branta hutchinsii leucopareia,CR,シジュウカラガン,Branta hutchinsii leucopareia,CR,シジュウカラガン,Branta hutchinsii leucopareia,CR,シジュウカラガン,Branta canadensis leucopareia,CR,シジュウカラガン,Branta canadensis leucopareia,CR,シジュウカラガン,Branta canadensis leucopareia,CR,シジュウカラガン,Branta canadensis leucopareia,CR,シジュウカラガン,Branta canadensis leucopareia,V,0,0,0,0,―,0,0,0,0,0,0,0,0,0,0,0,0,0,0,0,0,―,1,0,0,―,0,0,0,1,0,1,0,0,0,0,1,0,0,0,0,0,1,1,0,0,0,0,0,0,0,0,0,0,―,0,0,0,0,―,0,0,0,0,0,0,0,0,0,0,0,―,0,0,0,―,0,0,0,0,0,0,0,0,0,―,0,1,0,1,0,0,0,0,0,0,0,0,0,0,0,0,0,0,0,0,0,0,0,0,0,0,0,0,0,1,0,0,0,0,0,1,0,0,0,0,0,0,0,0,0,0,1,0,0,0,0,0,0,1,秋耕による餌資源の減少,0
BI0079,鳥類,絶滅危惧II類,VU,カモ目,カモ科,ハクガン,Anser caerulescens caerulescens,B2ab,ハクガン,Anser caerulescens caerulescens,CR,ハクガン,Anser caerulescens caerulescens,CR,ハクガン,Anser caerulescens caerulescens,CR,ハクガン,Anser caerulescens caerulescens,CR,ハクガン,Anser caerulescens caerulescens,CR,ハクガン,Anser caerulescens caerulescens,CR,ハクガン,Anser caerulescens caerulescens,DD,ハクガン,Anser caerulescens caerulescens,DD,－,－,－,0,0,0,0,―,0,0,0,0,0,0,0,0,0,0,0,0,0,0,0,0,―,1,0,0,―,0,0,0,1,0,1,0,0,0,0,0,0,0,0,0,0,1,1,0,0,0,0,0,0,0,0,0,0,―,0,0,0,0,―,0,0,0,0,0,0,0,0,0,0,0,―,0,0,0,―,0,0,0,0,0,0,0,0,0,―,0,1,0,1,0,0,0,0,0,0,0,0,0,0,0,0,0,0,0,0,0,0,0,0,0,0,0,0,0,1,0,0,0,0,0,0,1,0,0,0,0,0,0,0,0,0,1,0,0,0,0,0,0,1,秋耕による餌資源の減少,0
BI0080,鳥類,絶滅危惧II類,VU,カモ目,カモ科,キンクロハジロ,Aythya fuligula,A2,－,－,－,－,－,－,－,－,－,－,－,－,－,－,－,－,－,－,－,－,－,－,－,－,－,－,－,0,0,0,0,―,0,0,0,0,0,0,0,0,0,0,0,0,0,0,0,0,―,1,1,0,―,0,0,0,0,0,0,0,0,0,0,0,0,0,0,0,0,1,1,0,0,0,0,0,1,0,1,0,0,―,0,1,0,0,―,1,0,0,0,0,0,0,0,0,0,0,―,0,0,0,―,0,0,0,0,0,0,0,0,0,―,0,0,0,1,1,0,0,0,0,1,1,1,0,0,0,0,0,0,0,0,0,0,0,0,1,0,0,0,0,0,0,0,0,0,0,0,0,0,0,0,0,0,0,0,0,0,0,0,0,0,0,0,0,0,―,0
BI0081,鳥類,絶滅危惧II類,VU,キジ目,キジ科,ウズラ,Coturnix japonica,D1,ウズラ,Coturnix japonica,VU,ウズラ,Coturnix japonica,VU,ウズラ,Coturnix japonica,VU,ウズラ,Coturnix japonica,VU,ウズラ,Coturnix japonica,VU,ウズラ,Coturnix japonica,VU,ウズラ,Coturnix japonica,NT,ウズラ,Coturnix japonica,DD,－,－,－,0,0,1,0,―,0,0,1,1,1,0,0,0,0,0,0,0,0,0,0,0,―,1,0,0,―,0,0,1,1,1,0,0,0,0,0,0,0,0,0,0,0,0,0,0,0,0,0,0,0,0,0,0,0,―,0,0,0,0,―,0,0,0,0,0,0,0,0,0,0,0,―,0,0,0,―,0,0,0,0,0,0,0,0,0,―,0,1,0,0,0,0,0,0,0,0,0,0,0,0,0,1,0,0,0,0,0,0,0,0,0,0,0,0,0,0,0,0,0,0,0,0,0,0,0,0,0,0,0,0,0,0,0,1,0,0,0,0,0,0,―,0
BI0082,鳥類,絶滅危惧II類,VU,アマツバメ目,アマツバメ科,ハリオアマツバメ,Hirundapus caudacutus caudacutus,A2,－,－,－,－,－,－,－,－,－,－,－,－,－,－,－,－,－,－,－,－,－,－,－,－,－,－,－,1,1,1,0,―,0,1,0,0,0,0,0,0,1,0,0,0,0,0,0,0,―,1,0,0,―,0,1,0,0,0,0,0,0,0,0,0,0,0,0,0,0,0,0,0,0,0,0,0,0,0,0,0,0,―,0,0,0,0,―,0,0,0,0,0,0,0,0,0,0,0,―,0,0,0,―,0,0,0,0,0,0,0,0,0,―,1,0,0,0,0,0,1,0,1,0,0,0,0,0,0,0,0,0,0,0,0,0,0,1,0,0,0,0,0,0,0,0,0,0,0,1,0,0,0,0,0,0,0,0,1,0,0,0,1,0,0,0,0,1,大型樹洞の消失,0
BI0083,鳥類,絶滅危惧II類,VU,アマツバメ目,アマツバメ科,アマツバメ,Apus pacificus kurodae,A2,－,－,－,－,－,－,－,－,－,－,－,－,－,－,－,－,－,－,－,－,－,－,－,－,－,－,－,1,1,1,0,―,0,0,0,0,0,0,0,0,1,1,0,0,0,0,0,0,―,0,1,0,―,0,0,0,0,0,0,0,0,0,0,0,0,0,0,0,0,0,0,0,0,0,0,1,0,0,0,0,0,―,0,0,0,0,―,0,0,0,0,0,0,0,0,0,0,0,―,0,0,0,―,0,0,0,0,0,0,0,0,0,―,1,0,0,0,1,0,1,1,0,0,0,0,0,0,0,0,0,0,0,0,0,0,0,0,0,0,0,0,0,0,0,0,0,0,0,0,0,0,0,0,0,0,0,0,0,0,0,0,0,0,0,0,0,1,食物となる昆虫の減少,1
BI0084,鳥類,絶滅危惧II類,VU,ツル目,クイナ科,バン,Gallinula chloropus chloropus,A2,－,－,－,－,－,－,－,－,－,－,－,－,－,－,－,－,－,－,－,－,－,－,－,－,－,－,－,0,0,1,0,―,0,0,0,1,1,0,1,0,0,0,0,0,1,1,1,0,―,1,1,0,―,0,0,0,1,1,1,0,0,0,0,1,1,0,1,0,0,1,1,0,0,0,0,0,0,0,0,0,0,―,0,0,0,0,―,0,0,0,0,0,0,0,0,0,0,0,―,0,0,0,―,0,0,0,0,0,0,0,0,0,―,0,1,0,1,0,0,0,0,0,1,1,0,0,1,1,0,0,0,0,0,0,0,0,0,0,0,1,0,0,0,0,0,0,0,0,0,0,0,0,0,0,0,0,0,0,0,0,1,0,0,0,0,0,0,―,0
BI0085,鳥類,絶滅危惧II類,VU,ツル目,ツル科,マナヅル,Antigone vipio,B2ab,マナヅル,Grus vipio,VU,マナヅル,Grus vipio,VU,マナヅル,Grus vipio,VU,マナヅル,Grus vipio,VU,マナヅル,Grus vipio,VU,マナヅル,Grus vipio,VU,マナヅル,Grus vipio,VU,マナヅル,Grus vipio,VU,マナヅル,Grus vipio,V,0,0,0,0,―,0,0,0,0,0,0,0,0,0,0,0,0,0,0,0,0,―,1,0,0,―,0,0,0,1,0,1,0,0,0,0,0,0,1,0,0,0,0,0,0,0,0,0,0,0,0,0,0,0,―,0,0,0,0,―,0,0,0,0,0,0,0,0,0,0,0,―,0,0,0,―,0,0,0,0,0,0,0,0,0,―,0,1,0,1,0,0,0,0,0,0,0,0,0,0,0,0,0,0,0,0,0,0,0,0,0,0,0,1,0,0,0,0,0,0,0,0,0,0,0,0,0,0,0,0,1,0,0,0,0,0,0,0,0,0,―,0
BI0086,鳥類,絶滅危惧II類,VU,ツル目,ツル科,ナベヅル,Grus monacha,B2ab,ナベヅル,Grus monacha,VU,ナベヅル,Grus monacha,VU,ナベヅル,Grus monacha,VU,ナベヅル,Grus monacha,VU,ナベヅル,Grus monacha,VU,ナベヅル,Grus monacha,VU,ナベヅル,Grus monacha,VU,ナベヅル,Grus monacha,VU,ナベヅル,Grus monacha,V,0,0,0,0,―,0,0,0,0,0,0,0,0,0,0,0,0,0,0,0,0,―,1,0,0,―,0,0,0,1,0,1,0,0,0,0,0,0,1,0,0,0,0,0,0,0,0,0,0,0,0,0,0,0,―,0,0,0,0,―,0,0,0,0,0,0,0,0,0,0,0,―,0,0,0,―,0,0,0,0,0,0,0,0,0,―,0,1,0,1,0,0,0,0,0,0,0,0,0,0,0,0,0,0,0,0,0,0,0,0,0,0,0,1,0,0,0,0,0,0,0,0,0,0,0,0,1,0,0,0,1,0,0,0,0,0,0,0,0,0,―,0
BI0087,鳥類,絶滅危惧II類,VU,チドリ目,チドリ科,ムナグロ,Pluvialis fulva,A2,－,－,－,－,－,－,－,－,－,－,－,－,－,－,－,－,－,－,－,－,－,－,－,－,－,－,－,0,0,0,0,―,0,0,0,0,0,0,0,0,0,0,0,0,0,0,0,0,―,1,0,0,―,0,0,1,1,1,0,0,0,0,0,1,0,0,0,0,0,0,0,0,0,0,0,0,0,0,0,0,0,―,0,0,0,0,―,0,0,0,0,0,0,0,0,0,0,0,―,0,0,0,―,0,0,0,0,0,0,0,0,0,―,0,1,0,1,0,0,0,0,0,0,1,0,0,1,1,1,0,0,0,0,0,0,0,0,0,0,0,0,0,0,0,0,0,0,0,0,0,0,0,0,0,0,0,0,0,0,0,0,0,0,0,0,0,0,―,0
BI0088,鳥類,絶滅危惧II類,VU,チドリ目,チドリ科,シロチドリ,Charadrius alexandrinus nihonensis,A2,シロチドリ,Charadrius alexandrinus dealbatus,VU,シロチドリ,Charadrius alexandrinus dealbatus,VU,シロチドリ,Charadrius alexandrinus dealbatus,VU,シロチドリ,Charadrius alexandrinus dealbatus,VU,シロチドリ,Charadrius alexandrinus,VU,シロチドリ,Charadrius alexandrinus,VU,－,－,－,－,－,－,－,－,－,0,0,0,0,―,0,0,0,0,0,0,0,0,0,0,0,0,0,0,0,0,―,1,1,0,―,0,0,0,0,0,0,0,0,0,1,0,0,0,0,0,0,0,1,0,0,0,1,0,1,1,1,0,0,―,1,1,0,0,―,0,0,1,0,0,0,1,1,1,0,0,―,0,0,0,―,0,0,0,0,0,0,0,0,0,―,0,0,0,1,1,0,1,0,0,0,1,1,0,1,0,0,0,0,0,0,0,0,0,0,0,0,0,0,0,0,0,0,0,0,0,1,0,0,0,0,0,0,0,0,0,0,0,0,0,0,0,0,0,1,レジャー等の人間活動,0
BI0089,鳥類,絶滅危惧II類,VU,チドリ目,シギ科,ホウロクシギ,Numenius madagascariensis,A2,ホウロクシギ,Numenius madagascariensis,VU,ホウロクシギ,Numenius madagascariensis,VU,ホウロクシギ,Numenius madagascariensis,VU,ホウロクシギ,Numenius madagascariensis,VU,ホウロクシギ,Numenius madagascariensis,VU,ホウロクシギ,Numenius madagascariensis,VU,ホウロクシギ,Numenius madagascariensis,VU,ホウロクシギ,Numenius madagascariensis,VU,ホウロクシギ,Numenius madagascariensis,R,0,0,0,0,―,0,0,0,0,0,0,0,0,0,0,0,0,0,0,0,0,―,1,1,0,―,0,0,0,1,0,1,0,0,0,0,0,0,1,0,0,0,0,0,0,0,0,1,0,1,1,0,0,0,―,1,0,0,0,―,0,0,0,0,0,0,1,0,0,0,0,―,0,0,0,―,0,0,0,0,0,0,0,0,0,―,0,0,0,1,1,0,0,0,0,0,1,1,0,1,1,0,0,0,0,0,0,0,0,0,0,0,0,0,0,0,0,0,0,0,0,0,0,0,0,0,0,0,0,0,0,0,0,0,0,0,0,0,0,0,―,0
BI0090,鳥類,絶滅危惧II類,VU,チドリ目,シギ科,オオソリハシシギ,Limosa lapponica baueri,A2,オオソリハシシギ,Limosa lapponica baueri,VU,オオソリハシシギ,Limosa lapponica baueri,VU,オオソリハシシギ,Limosa lapponica baueri,VU,オオソリハシシギ,Limosa lapponica baueri,VU,オオソリハシシギ,Limosa lapponica,VU,オオソリハシシギ,Limosa lapponica,VU,－,－,－,－,－,－,－,－,－,0,0,0,0,―,0,0,0,0,0,0,0,0,0,0,0,0,0,0,0,0,―,1,1,0,―,0,0,0,0,0,0,0,0,0,0,0,0,1,0,0,0,0,0,0,0,0,1,0,1,1,1,0,0,―,1,1,0,0,―,0,0,0,0,0,0,1,0,0,0,0,―,0,0,0,―,0,0,0,0,0,0,0,0,0,―,0,0,0,1,1,0,0,0,0,0,0,1,0,1,0,0,0,0,0,0,0,0,0,0,0,0,0,0,0,0,0,0,0,0,0,0,0,0,0,0,0,0,0,0,0,0,0,0,0,0,0,0,0,0,―,0
BI0091,鳥類,絶滅危惧II類,VU,チドリ目,シギ科,ハマシギ,Calidris alpina,A2,ハマシギ,Calidris alpina,NT,ハマシギ,Calidris alpina,NT,ハマシギ,Calidris alpina,NT,ハマシギ,Calidris alpina,NT,ハマシギ,Calidris alpina,NT,ハマシギ,Calidris alpina,NT,－,－,－,－,－,－,－,－,－,0,0,0,0,―,0,0,0,0,0,0,0,0,0,0,0,0,0,0,0,0,―,1,1,0,―,0,0,0,1,0,1,0,0,0,1,1,1,1,0,0,0,1,1,0,0,0,1,0,1,1,1,0,0,―,1,0,0,0,―,0,0,0,0,0,0,1,1,1,0,0,―,0,0,0,―,0,0,0,0,0,0,0,0,0,―,0,1,0,1,1,0,0,0,0,1,1,1,0,1,1,0,0,0,0,0,0,0,0,0,0,0,0,0,0,0,0,0,0,0,0,0,0,0,0,0,0,0,0,0,0,0,0,0,0,0,0,0,0,0,―,0
BI0092,鳥類,絶滅危惧II類,VU,チドリ目,シギ科,タカブシギ,Tringa glareola,A2,タカブシギ,Tringa glareola,VU,タカブシギ,Tringa glareola,VU,タカブシギ,Tringa glareola,VU,タカブシギ,Tringa glareola,VU,タカブシギ,Tringa glareola,VU,タカブシギ,Tringa glareola,VU,－,－,－,－,－,－,－,－,－,0,0,0,0,―,0,0,0,0,0,0,0,0,0,0,0,0,0,0,0,0,―,1,0,0,―,0,0,1,1,0,1,0,0,0,1,1,0,0,0,0,0,1,1,0,0,0,0,0,0,0,0,0,0,―,0,0,0,0,―,0,0,0,0,0,0,0,0,0,0,0,―,0,0,0,―,0,0,0,0,0,0,0,0,0,―,0,1,0,1,0,0,0,0,0,0,0,1,0,1,1,0,0,0,0,0,0,0,0,0,0,0,0,0,0,1,0,0,0,0,0,0,0,0,0,0,0,0,0,0,0,0,0,0,0,0,0,0,0,0,―,0
BI0093,鳥類,絶滅危惧II類,VU,チドリ目,ツバメチドリ科,ツバメチドリ,Glareola maldivarum,A2,ツバメチドリ,Glareola maldivarum,VU,ツバメチドリ,Glareola maldivarum,VU,ツバメチドリ,Glareola maldivarum,VU,ツバメチドリ,Glareola maldivarum,VU,ツバメチドリ,Glareola maldivarum,VU,ツバメチドリ,Glareola maldivarum,VU,ツバメチドリ,Glareola maldivarum,VU,ツバメチドリ,Glareola maldivarum,VU,ツバメチドリ,Glareola maldivarum,R,0,0,0,0,―,0,0,0,0,0,0,0,0,0,0,0,0,0,0,0,0,―,1,0,0,―,1,0,1,1,0,1,0,1,0,0,0,0,0,0,0,0,0,0,0,0,0,1,0,0,0,0,0,0,―,1,1,0,0,―,0,0,0,0,0,0,1,0,0,0,0,―,0,0,0,―,0,0,0,0,0,0,0,0,0,―,0,1,0,1,1,0,0,0,0,0,1,1,0,1,1,1,0,0,0,0,1,0,0,0,0,0,0,0,0,0,0,0,0,0,0,0,0,0,0,0,0,0,1,0,0,0,0,0,0,0,0,0,0,0,―,0
BI0094,鳥類,絶滅危惧II類,VU,チドリ目,カモメ科,ズグロカモメ,Saundersilarus saundersi,B2ab,ズグロカモメ,Larus saundersi,VU,ズグロカモメ,Larus saundersi,VU,ズグロカモメ,Larus saundersi,VU,ズグロカモメ,Larus saundersi,VU,ズグロカモメ,Larus saundersi,VU,ズグロカモメ,Larus saundersi,VU,ズグロカモメ,Larus saundersi,VU,ズグロカモメ,Larus saundersi,VU,－,－,－,0,0,0,0,―,0,0,0,0,0,0,0,0,0,0,0,0,0,0,0,0,―,0,0,0,―,0,0,0,0,0,0,0,0,0,0,0,0,0,0,0,0,0,0,0,0,0,0,0,0,0,0,0,0,―,1,1,0,0,―,1,0,0,0,0,0,1,0,0,0,0,―,0,0,0,―,0,0,0,0,0,0,0,0,0,―,0,0,0,0,1,1,0,0,0,0,0,1,0,1,0,0,0,0,0,0,0,0,0,0,0,0,0,0,0,0,0,0,0,0,0,0,1,0,0,0,0,0,0,0,0,0,0,1,0,0,0,0,0,0,―,0
BI0095,鳥類,絶滅危惧II類,VU,チドリ目,カモメ科,ウミネコ,Larus crassirostris,A2,－,－,－,－,－,－,－,－,－,－,－,－,－,－,－,－,－,－,－,－,－,－,－,－,－,－,－,0,0,0,0,―,0,0,0,0,0,0,0,0,0,0,0,0,0,0,0,0,―,0,1,0,―,0,0,0,1,0,1,0,0,0,0,0,1,1,0,0,0,0,0,0,0,0,1,1,1,0,1,0,0,―,1,1,0,0,―,1,0,1,0,0,0,0,0,0,0,0,―,1,0,0,―,1,0,0,0,0,0,0,0,0,―,0,0,1,1,1,1,1,1,0,0,0,0,0,0,0,0,0,0,0,0,0,0,0,0,0,0,0,0,0,0,0,0,0,0,0,1,1,0,0,0,0,0,0,0,0,0,0,0,0,0,0,0,0,1,人間による巣や卵の撤去、営巣の妨害,0
BI0096,鳥類,絶滅危惧II類,VU,チドリ目,カモメ科,ベニアジサシ,Sterna dougallii bangsi,A2,ベニアジサシ,Sterna dougallii bangsi,VU,ベニアジサシ,Sterna dougallii bangsi,VU,ベニアジサシ,Sterna dougallii bangsi,VU,ベニアジサシ,Sterna dougallii bangsi,VU,ベニアジサシ,Sterna dougallii bangsi,VU,ベニアジサシ,Sterna dougallii bangsi,VU,ベニアジサシ,Sterna dougallii bangsi,VU,ベニアジサシ,Sterna dougallii bangsi,NT,ベニアジサシ,Sterna dougallii bangsi,R,0,0,0,0,―,0,0,0,0,0,0,0,0,0,0,0,0,0,0,0,0,―,0,1,0,―,0,0,0,0,0,0,0,0,0,0,0,0,0,0,0,0,0,0,0,0,0,0,1,0,0,0,0,0,―,1,1,0,0,―,1,0,0,0,0,0,0,0,0,0,0,―,0,0,0,―,0,0,0,0,0,0,0,0,0,―,0,0,0,0,1,1,1,0,0,0,0,0,0,0,0,0,0,0,0,0,0,0,0,0,0,0,0,0,0,0,0,0,0,0,0,0,1,0,0,0,0,0,0,0,0,0,0,0,0,1,0,0,0,0,―,0
BI0097,鳥類,絶滅危惧II類,VU,チドリ目,カモメ科,エリグロアジサシ,Sterna sumatrana sumatrana,A2,エリグロアジサシ,Sterna sumatrana,VU,エリグロアジサシ,Sterna sumatrana,VU,エリグロアジサシ,Sterna sumatrana,VU,エリグロアジサシ,Sterna sumatrana,VU,エリグロアジサシ,Sterna sumatrana,VU,エリグロアジサシ,Sterna sumatrana,VU,エリグロアジサシ,Sterna sumatrana,NT,エリグロアジサシ,Sterna sumatrana,NT,エリグロアジサシ,Sterna sumatrana sumatrana,R,0,0,0,0,―,0,0,0,0,0,0,0,0,0,0,0,0,0,0,0,0,―,0,1,0,―,0,0,0,0,0,0,0,0,0,0,0,0,0,0,0,0,0,0,0,0,0,0,1,0,0,0,0,0,―,1,1,0,0,―,1,0,0,0,0,0,0,0,0,0,0,―,0,0,0,―,0,0,0,0,0,0,0,0,0,―,0,0,0,0,0,1,1,0,0,0,0,0,0,0,0,0,0,0,0,0,0,0,0,0,0,0,0,0,0,0,0,0,0,0,0,0,1,0,0,0,0,0,0,0,0,0,0,0,0,1,0,0,0,1,繁殖期における人為的攪乱,0
BI0098,鳥類,絶滅危惧II類,VU,チドリ目,ウミスズメ科,カンムリウミスズメ,Synthliboramphus wumizusume,C2a(ii),カンムリウミスズメ,Synthliboramphus wumizusume,VU,カンムリウミスズメ,Synthliboramphus wumizusume,VU,カンムリウミスズメ,Synthliboramphus wumizusume,VU,カンムリウミスズメ,Synthliboramphus wumizusume,VU,カンムリウミスズメ,Synthliboramphus wumizusume,VU,カンムリウミスズメ,Synthliboramphus wumizusume,VU,カンムリウミスズメ,Synthliboramphus wumizusume,VU,カンムリウミスズメ,Synthliboramphus wumizusume,VU,カンムリウミスズメ,Synthliboramphus wumizusume,V,0,0,0,0,―,0,0,0,0,0,0,0,0,0,0,0,0,0,0,0,0,―,0,1,0,―,1,0,1,0,0,0,0,0,0,0,0,0,0,0,0,0,0,0,0,0,0,0,1,0,0,0,0,0,―,0,1,0,0,―,1,0,0,0,0,0,0,0,0,0,0,―,1,0,0,―,1,0,0,0,0,0,0,0,0,―,0,0,0,0,0,1,1,0,0,0,0,0,0,0,0,0,0,0,0,0,0,0,0,0,0,0,0,0,0,0,0,0,1,0,0,1,1,0,0,0,0,0,1,0,0,0,0,0,0,0,0,1,0,1,人によるゴミの残置、人為的な繁殖のかく乱,0
BI0099,鳥類,絶滅危惧II類,VU,ネッタイチョウ目,ネッタイチョウ科,アカオネッタイチョウ,Phaethon rubricauda melanorhynchos,D1,アカオネッタイチョウ,Phaethon rubricauda rothschildi,EN,アカオネッタイチョウ,Phaethon rubricauda rothschildi,EN,アカオネッタイチョウ,Phaethon rubricauda rothschildi,EN,アカオネッタイチョウ,Phaethon rubricauda rothschildi,EN,アカオネッタイチョウ,Phaethon rubricauda rothschildi,EN,アカオネッタイチョウ,Phaethon rubricauda rothschildi,EN,アカオネッタイチョウ,Phaethon rubricauda rothschildi,EN,アカオネッタイチョウ,Phaethon rubricauda rothschildi,EN,－,－,－,0,0,1,0,―,0,1,1,0,0,0,0,0,0,0,0,0,0,0,0,0,―,0,1,0,―,0,1,1,0,0,0,0,0,0,0,0,0,0,0,0,0,0,0,0,0,0,0,1,0,0,0,0,0,―,0,1,0,0,―,1,0,0,0,0,0,0,0,0,0,0,―,1,0,0,―,1,0,0,0,0,0,0,0,0,―,0,0,0,0,1,1,1,0,0,0,0,0,0,0,0,0,0,0,0,0,0,0,0,0,0,0,0,0,0,0,0,0,0,0,0,1,0,0,0,0,0,0,0,0,0,0,0,1,0,1,0,0,0,0,―,0
BI0100,鳥類,絶滅危惧II類,VU,ミズナギドリ目,アホウドリ科,アホウドリ,Phoebastria albatrus,D2,アホウドリ,Phoebastria albatrus,VU,アホウドリ,Phoebastria albatrus,VU,アホウドリ,Phoebastria albatrus,VU,アホウドリ,Phoebastria albatrus,VU,アホウドリ,Diomedea albatrus,VU,アホウドリ,Diomedea albatrus,VU,アホウドリ,Diomedea albatrus,VU,アホウドリ,Diomedea albatrus,VU,アホウドリ,Diomedea albatrus,E,0,0,1,0,―,1,0,1,0,0,0,0,0,0,0,0,0,0,0,0,0,―,1,0,0,―,1,0,1,0,0,0,0,0,0,0,0,0,0,0,0,0,0,0,0,0,0,0,0,0,0,0,0,0,―,0,1,0,0,―,1,0,0,0,0,0,0,0,0,0,0,―,1,0,0,―,1,0,0,0,0,0,0,0,0,―,0,0,0,0,0,1,1,0,0,0,0,0,0,0,0,0,0,0,0,0,0,0,0,0,0,0,0,0,0,0,0,0,0,0,0,0,0,0,0,0,0,0,0,0,0,0,0,0,0,1,0,0,0,0,―,0
BI0101,鳥類,絶滅危惧II類,VU,ミズナギドリ目,ウミツバメ科,ヒメクロウミツバメ,Hydrobates monorhis,B2ab D2,ヒメクロウミツバメ,Oceanodroma monorhis,VU,ヒメクロウミツバメ,Oceanodroma monorhis,VU,ヒメクロウミツバメ,Oceanodroma monorhis,VU,ヒメクロウミツバメ,Oceanodroma monorhis,VU,ヒメクロウミツバメ,Oceanodroma monorhis,VU,ヒメクロウミツバメ,Oceanodroma monorhis,VU,ヒメクロウミツバメ,Oceanodroma monorhis,VU,ヒメクロウミツバメ,Oceanodroma monorhis,VU,ヒメクロウミツバメ,Oceanodroma monorhis,R,0,0,0,0,―,0,0,0,0,0,0,0,0,0,0,0,0,0,0,0,0,―,1,0,0,―,1,1,1,0,0,0,0,0,0,0,0,0,0,0,0,0,0,0,0,0,0,0,0,0,0,0,0,0,―,0,1,0,0,―,1,0,0,0,0,0,0,0,0,0,0,―,1,0,0,―,1,0,0,0,0,0,0,0,0,―,0,0,0,0,0,1,1,0,0,0,0,0,0,0,0,0,0,0,0,0,0,0,0,0,0,0,0,0,0,0,0,0,0,0,0,1,0,0,0,0,0,0,0,0,0,0,0,0,0,1,0,0,0,0,―,0
BI0102,鳥類,絶滅危惧II類,VU,ミズナギドリ目,ウミツバメ科,クロウミツバメ,Hydrobates matsudairae,D2,クロウミツバメ,Oceanodroma matsudairae,NT,クロウミツバメ,Oceanodroma matsudairae,NT,クロウミツバメ,Oceanodroma matsudairae,NT,クロウミツバメ,Oceanodroma matsudairae,NT,クロウミツバメ,Oceanodroma matsudairae,NT,クロウミツバメ,Oceanodroma matsudairae,NT,クロウミツバメ,Oceanodroma matsudairae,EN,クロウミツバメ,Oceanodroma matsudairae,VU,クロウミツバメ,Oceanodroma matsudairae,V,0,1,0,0,―,1,1,1,0,0,0,0,0,0,0,0,0,0,0,0,0,―,0,0,0,―,0,0,0,0,0,0,0,0,0,0,0,0,0,0,0,0,0,0,0,0,0,0,0,0,0,0,0,0,―,0,1,0,0,―,1,0,0,0,0,0,0,0,0,0,0,―,1,0,0,―,1,0,0,0,0,0,0,0,0,―,0,0,0,0,0,1,1,0,0,0,0,0,0,0,0,0,0,0,0,0,0,0,0,0,0,0,0,0,0,0,0,0,0,0,0,1,0,0,1,0,0,0,0,0,0,1,0,1,0,1,0,1,0,0,―,0
BI0103,鳥類,絶滅危惧II類,VU,ミズナギドリ目,ミズナギドリ科,シロハラミズナギドリ,Pterodroma hypoleuca,D2,シロハラミズナギドリ,Pterodroma hypoleuca,DD,シロハラミズナギドリ,Pterodroma hypoleuca,DD,シロハラミズナギドリ,Pterodroma hypoleuca,DD,シロハラミズナギドリ,Pterodroma hypoleuca,DD,シロハラミズナギドリ,Pterodroma hypoleuca,DD,シロハラミズナギドリ,Pterodroma hypoleuca,DD,シロハラミズナギドリ,Pterodroma hypoleuca,DD,シロハラミズナギドリ,Pterodroma hypoleuca,DD,－,－,－,0,1,1,0,―,0,1,1,0,0,0,0,0,0,0,0,0,0,0,0,0,―,0,0,0,―,0,0,0,0,0,0,0,0,0,0,0,0,0,0,0,0,0,0,0,0,0,0,0,0,0,0,0,0,―,0,1,0,0,―,1,0,0,0,0,0,0,0,0,0,0,―,1,0,0,―,1,0,0,0,0,0,0,0,0,―,0,0,0,0,0,1,1,0,0,0,0,0,0,0,0,0,0,0,0,0,0,0,0,0,0,0,0,0,0,0,0,0,0,0,0,1,0,0,1,0,0,0,0,1,1,1,0,0,0,1,0,0,0,0,―,0
BI0104,鳥類,絶滅危惧II類,VU,カツオドリ目,カツオドリ科,アオツラカツオドリ,Sula dactylatra personata,D1,－,－,－,－,－,－,－,－,－,－,－,－,－,－,－,－,－,－,－,－,－,－,－,－,－,－,－,0,0,0,0,―,0,0,0,0,0,0,0,0,0,0,0,0,0,0,0,0,―,0,1,0,―,1,0,1,0,0,0,0,0,0,0,0,0,0,0,0,0,0,0,0,0,0,1,1,0,0,0,0,0,―,0,1,0,0,―,1,0,0,0,0,0,0,0,0,0,0,―,1,0,0,―,1,0,0,0,0,0,0,0,0,―,0,0,0,0,0,1,1,0,0,0,0,0,0,0,0,0,0,0,0,0,0,0,0,0,0,0,0,0,0,0,0,0,0,0,0,0,0,0,0,0,0,0,0,0,0,0,0,0,0,1,0,0,0,1,領土問題,0
BI0105,鳥類,絶滅危惧II類,VU,カツオドリ目,カツオドリ科,アカアシカツオドリ,Sula sula rubripes,D1,アカアシカツオドリ,Sula sula rubripes,EN,アカアシカツオドリ,Sula sula rubripes,EN,アカアシカツオドリ,Sula sula rubripes,EN,アカアシカツオドリ,Sula sula rubripes,EN,アカアシカツオドリ,Sula sula rubripes,EN,アカアシカツオドリ,Sula sula rubripes,EN,アカアシカツオドリ,Sula sula rubripes,EN,アカアシカツオドリ,Sula sula rubripes,EN,アカアシカツオドリ,Sula sula rubripes,R,0,0,1,0,―,0,1,0,0,0,0,0,0,0,0,0,0,0,0,0,0,―,0,1,0,―,0,1,0,0,0,0,0,0,0,0,0,0,0,0,0,0,0,0,0,0,0,0,1,0,0,0,0,0,―,0,1,0,0,―,1,0,0,0,0,0,0,0,0,0,0,―,1,0,0,―,1,0,0,0,0,0,0,0,0,―,0,0,0,0,0,1,1,0,0,0,0,0,0,0,0,0,0,0,0,0,0,0,0,0,0,0,0,0,0,0,0,0,0,0,0,0,0,0,0,0,0,0,0,0,0,0,0,0,0,0,0,0,0,1,現状では存続を脅かす要因はない。,0
BI0106,鳥類,絶滅危惧II類,VU,ペリカン目,トキ科,クロツラヘラサギ,Platalea minor,D1,クロツラヘラサギ,Platalea minor,EN,クロツラヘラサギ,Platalea minor,EN,クロツラヘラサギ,Platalea minor,EN,クロツラヘラサギ,Platalea minor,EN,クロツラヘラサギ,Platalea minor,EN,クロツラヘラサギ,Platalea minor,EN,クロツラヘラサギ,Platalea minor,CR,クロツラヘラサギ,Platalea minor,CR,クロツラヘラサギ,Platalea minor,R,0,0,0,0,―,0,0,0,0,0,0,0,0,0,0,0,0,0,0,0,0,―,1,1,0,―,0,0,0,1,0,1,0,0,0,1,0,1,1,0,1,1,1,0,0,0,0,1,1,1,1,0,0,0,―,1,1,0,0,―,1,0,1,0,0,0,0,1,1,0,0,―,0,0,0,―,0,0,0,0,0,0,0,0,0,―,0,1,0,1,1,0,0,0,0,1,1,1,0,1,0,0,0,0,0,0,0,1,1,0,0,0,1,1,0,0,0,0,0,0,0,0,0,0,0,0,0,0,0,0,1,0,0,0,0,0,0,0,0,0,―,0
BI0107,鳥類,絶滅危惧II類,VU,ペリカン目,サギ科,ズグロミゾゴイ,Gorsachius melanolophus melanolophus,B2ab,ズグロミゾゴイ,Gorsachius melanolophus,VU,ズグロミゾゴイ,Gorsachius melanolophus,VU,ズグロミゾゴイ,Gorsachius melanolophus,VU,ズグロミゾゴイ,Gorsachius melanolophus,VU,ズグロミゾゴイ,Gorsachius melanolophus,VU,ズグロミゾゴイ,Gorsachius melanolophus,VU,ズグロミゾゴイ,Gorsachius melanolophus,VU,ズグロミゾゴイ,Gorsachius melanolophus,NT,ズグロミゾゴイ,Gorsachius melanolophus melanolophus,R,0,0,1,0,―,0,1,0,1,0,0,0,0,0,0,0,0,0,0,0,0,―,1,0,0,―,0,1,0,1,0,0,0,0,1,0,0,0,0,0,0,0,0,0,0,0,0,0,0,0,0,0,0,0,―,0,0,0,0,―,0,0,0,0,0,0,0,0,0,0,0,―,0,0,0,―,0,0,0,0,0,0,0,0,0,―,0,1,1,1,0,0,1,0,0,0,0,0,0,0,0,0,0,0,0,0,0,0,0,0,0,0,0,0,0,0,0,0,0,0,0,1,1,1,0,0,0,0,0,1,0,0,0,0,0,0,0,0,0,0,―,0
BI0108,鳥類,絶滅危惧II類,VU,ペリカン目,サギ科,ゴイサギ,Nycticorax nycticorax nycticorax,A2,－,－,－,－,－,－,－,－,－,－,－,－,－,－,－,－,－,－,－,－,－,－,－,－,－,－,－,0,0,0,0,―,0,0,0,0,0,0,0,0,0,0,0,0,0,0,0,0,―,1,1,0,―,0,0,0,1,1,1,0,0,1,0,1,1,1,1,1,1,1,1,0,0,0,0,0,0,1,1,0,0,―,1,0,0,0,―,0,0,0,0,0,0,1,0,0,0,0,―,0,0,0,―,0,0,0,0,0,0,0,0,0,―,0,0,1,1,0,0,0,1,0,1,1,0,0,1,0,0,0,0,0,0,0,0,0,0,0,0,0,0,0,0,0,0,0,0,0,0,0,0,0,0,0,0,0,0,0,0,0,0,0,0,0,0,0,1,人との軋轢（営巣林伐採や追払い）,1
BI0109,鳥類,絶滅危惧II類,VU,ペリカン目,サギ科,ササゴイ,Butorides striata amurensis,A2,－,－,－,－,－,－,－,－,－,－,－,－,－,－,－,－,－,－,－,－,－,－,－,－,－,－,－,0,0,0,0,―,0,0,0,0,0,0,0,0,0,0,0,0,0,0,0,0,―,1,1,0,―,0,1,0,1,0,0,0,0,1,0,1,1,0,0,0,1,1,1,0,0,0,0,0,0,0,0,0,0,―,0,0,0,0,―,0,0,0,0,0,0,0,0,0,0,0,―,0,0,0,―,0,0,0,0,0,0,0,0,0,―,0,1,0,1,0,0,0,0,0,1,1,0,0,0,0,0,0,0,0,0,1,0,0,0,0,0,0,0,0,0,0,0,0,0,0,0,1,1,1,0,0,0,0,0,0,0,0,0,0,0,0,0,0,0,―,0
BI0110,鳥類,絶滅危惧II類,VU,ペリカン目,サギ科,コサギ,Egretta garzetta garzetta,A2 ＋付加的事情,－,－,－,－,－,－,－,－,－,－,－,－,－,－,－,－,－,－,－,－,－,－,－,－,－,－,－,0,0,0,0,―,0,0,0,0,0,0,0,0,0,0,0,0,0,0,0,0,―,1,1,0,―,0,0,0,1,1,1,0,0,1,0,1,1,1,1,1,1,1,1,0,0,0,0,0,0,1,1,0,0,―,1,0,0,0,―,0,0,0,0,0,0,1,0,0,0,0,―,0,0,0,―,0,0,0,0,0,0,0,0,0,―,0,0,1,1,0,0,0,1,0,1,1,0,0,1,0,0,0,0,0,0,0,0,0,0,0,0,0,0,0,0,0,0,0,0,0,0,1,0,0,0,0,0,0,0,0,0,0,0,0,0,0,0,0,1,人との軋轢（営巣林伐採や追払い）,0
BI0111,鳥類,絶滅危惧II類,VU,タカ目,タカ科,オオワシ,Haliaeetus pelagicus,D1,オオワシ,Haliaeetus pelagicus,VU,オオワシ,Haliaeetus pelagicus,VU,オオワシ,Haliaeetus pelagicus,VU,オオワシ,Haliaeetus pelagicus,VU,オオワシ,Haliaeetus pelagicus pelagicus,VU,オオワシ,Haliaeetus pelagicus pelagicus,VU,オオワシ,Haliaeetus pelagicus pelagicus,VU,オオワシ,Haliaeetus pelagicus pelagicus,VU,オオワシ,Haliaeetus pelagicus pelagicus,V,0,0,1,0,―,0,0,0,0,0,0,0,0,0,0,0,0,1,1,1,0,―,1,1,0,―,0,0,0,0,0,0,0,0,0,0,1,1,1,0,0,0,0,1,0,0,0,0,1,0,0,1,0,0,―,1,0,0,0,―,0,0,0,0,0,0,0,1,1,0,0,―,0,0,0,―,0,0,0,0,0,0,0,0,0,―,0,0,0,1,1,0,1,0,1,0,1,1,0,0,0,0,0,0,0,0,0,0,0,0,0,0,0,0,0,0,0,0,0,0,0,0,1,0,0,0,0,0,0,1,1,0,0,0,0,0,0,0,0,1,鉛中毒,0
BI0112,鳥類,絶滅危惧II類,VU,タカ目,タカ科,オジロワシ,Haliaeetus albicilla albicilla,D1,オジロワシ,Haliaeetus albicilla albicilla,VU,オジロワシ,Haliaeetus albicilla albicilla,VU,オジロワシ,Haliaeetus albicilla albicilla,VU,オジロワシ,Haliaeetus albicilla albicilla,VU,オジロワシ,Haliaeetus albicilla albicilla,VU,オジロワシ,Haliaeetus albicilla albicilla,VU,オジロワシ,Haliaeetus albicilla albicilla,EN,オジロワシ,Haliaeetus albicilla albicilla,EN,オジロワシ,Haliaeetus albicilla,E,0,0,1,0,―,0,0,0,0,0,0,0,0,0,0,0,0,1,1,1,0,―,1,1,0,―,0,0,0,0,0,0,0,0,0,0,1,1,1,0,0,0,0,1,0,0,0,0,1,0,0,1,0,0,―,1,0,0,0,―,0,0,0,0,0,0,0,1,1,0,0,―,0,0,0,―,0,0,0,0,0,0,0,0,0,―,0,0,0,1,1,0,1,0,1,1,1,1,0,0,0,0,0,0,0,0,1,1,0,0,0,0,0,0,0,0,0,0,0,0,0,0,0,0,0,0,0,0,0,1,1,0,0,0,0,0,0,0,0,1,鉛中毒、カメラマンなどの巣への接近による繁殖撹乱、人為的な餌への依存、過度の集中,0
BI0113,鳥類,絶滅危惧II類,VU,タカ目,タカ科,サシバ,Butastur indicus,A2,サシバ,Butastur indicus,VU,サシバ,Butastur indicus,VU,サシバ,Butastur indicus,VU,サシバ,Butastur indicus,VU,サシバ,Butastur indicus,VU,サシバ,Butastur indicus,VU,サシバ,Butastur indicus,VU,－,－,－,－,－,－,0,1,1,0,―,0,1,1,1,1,0,0,0,0,0,0,0,0,0,0,0,―,1,0,0,―,0,1,1,1,1,0,0,0,0,0,0,0,0,0,0,0,1,0,0,0,0,0,0,0,0,0,0,0,―,0,0,0,0,―,0,0,0,0,0,0,0,0,0,0,0,―,0,0,0,―,0,0,0,0,0,0,0,0,0,―,0,1,0,0,0,0,0,0,1,0,0,0,0,0,1,1,0,0,0,0,1,1,0,1,0,0,1,0,0,0,0,0,0,0,0,0,1,0,1,0,0,0,0,0,1,0,1,0,0,0,1,0,0,0,―,0
BI0114,鳥類,絶滅危惧II類,VU,ブッポウソウ目,カワセミ科,ヤマセミ,Megaceryle lugubris lugubris,A2,－,－,－,－,－,－,－,－,－,－,－,－,－,－,－,－,－,－,－,－,－,－,－,－,－,－,－,0,1,1,0,―,0,0,0,0,0,0,1,0,0,0,1,1,1,1,1,0,―,1,1,0,―,0,0,0,0,0,0,0,0,0,0,1,1,1,1,0,0,1,1,0,0,0,0,1,1,0,1,0,0,―,0,0,0,0,―,0,0,0,0,0,0,0,0,0,0,0,―,0,0,0,―,0,0,0,0,0,0,0,0,0,―,1,1,0,1,1,0,0,0,0,1,1,1,0,0,0,0,0,0,0,0,0,0,0,0,0,0,0,0,0,0,0,0,0,0,0,0,0,0,0,0,0,0,0,0,0,0,0,1,0,0,0,0,0,1,食物の減少（外来魚の増加による適した食物となる魚類の減少）,0
BI0115,鳥類,絶滅危惧II類,VU,キツツキ目,キツツキ科,オーストンオオアカゲラ,Dendrocopos leucotos owstoni,A3,オーストンオオアカゲラ,Dendrocopos leucotos owstoni,VU,オーストンオオアカゲラ,Dendrocopos leucotos owstoni,VU,オーストンオオアカゲラ,Dendrocopos leucotos owstoni,VU,オーストンオオアカゲラ,Dendrocopos leucotos owstoni,VU,オーストンオオアカゲラ,Dendrocopos leucotos owstoni,VU,オーストンオオアカゲラ,Dendrocopos leucotos owstoni,VU,オーストンオオアカゲラ,Dendrocopos leucotos owstoni,VU,オーストンオオアカゲラ,Dendrocopos leucotos owstoni,EN,オーストンオオアカゲラ,Dendrocopos leucotos owstoni,E,0,1,1,0,―,0,1,0,0,0,0,0,0,0,0,0,0,0,0,0,0,―,1,0,0,―,0,1,0,0,0,0,0,0,0,0,0,0,0,0,0,0,0,0,0,0,0,0,0,0,0,0,0,0,―,0,0,0,0,―,0,0,0,0,0,0,0,0,0,0,0,―,0,0,0,―,0,0,0,0,0,0,0,0,0,―,1,1,0,0,0,0,1,0,1,0,0,0,0,0,0,0,0,0,0,0,0,0,0,0,0,0,0,0,0,0,0,0,0,0,0,1,1,0,0,0,0,0,0,0,0,0,0,0,0,0,0,1,0,0,―,0
BI0116,鳥類,絶滅危惧II類,VU,スズメ目,ヒヨドリ科,ハシブトヒヨドリ,Hypsipetes amaurotis magnirostris,D2,－,－,－,－,－,－,－,－,－,－,－,－,－,－,－,－,－,－,－,－,－,－,－,－,－,－,－,0,1,1,0,―,0,1,0,0,0,0,0,0,0,0,0,0,0,0,0,0,―,1,0,0,―,0,1,0,0,0,0,0,0,0,0,0,0,0,0,0,0,0,0,0,0,0,0,0,0,0,0,0,0,―,0,0,0,0,―,0,0,0,0,0,0,0,0,0,0,0,―,0,0,0,―,0,0,0,0,0,0,0,0,0,―,1,0,0,0,0,0,1,0,1,0,0,0,0,0,0,0,0,0,0,0,0,0,0,0,0,0,0,0,0,0,0,0,0,0,0,1,0,0,0,0,0,0,0,0,0,0,0,1,0,1,0,1,0,0,―,0
BI0117,鳥類,絶滅危惧II類,VU,スズメ目,センニュウ科,ウチヤマセンニュウ,Locustella pleskei,D1,ウチヤマセンニュウ,Locustella pleskei,EN,ウチヤマセンニュウ,Locustella pleskei,EN,ウチヤマセンニュウ,Locustella pleskei,EN,ウチヤマセンニュウ,Locustella pleskei,EN,ウチヤマセンニュウ,Locustella pleskei,EN,ウチヤマセンニュウ,Locustella pleskei,EN,ウチヤマセンニュウ,Locustella pleskei,EN,ウチヤマセンニュウ,Locustella pleskei,VU,ウチヤマシマセンニュウ,Locustella ochotensis pleskei,R,0,0,0,0,―,0,0,0,0,0,0,0,0,0,0,0,0,0,0,0,0,―,0,1,0,―,0,1,1,0,0,0,0,0,0,0,0,0,0,0,0,0,0,0,0,0,0,0,0,0,0,0,0,0,―,0,0,0,0,―,0,0,0,0,0,0,0,0,0,0,0,―,0,0,0,―,0,0,0,0,0,0,0,0,0,―,1,0,0,0,0,0,1,0,0,0,0,1,0,0,0,0,0,0,0,0,0,0,0,0,0,0,0,0,0,0,0,0,0,0,0,1,0,0,0,0,0,0,0,0,0,0,0,0,0,1,0,1,0,0,―,0
BI0118,鳥類,絶滅危惧II類,VU,スズメ目,センニュウ科,マキノセンニュウ,Locustella lanceolata hendersonii,B2ab,マキノセンニュウ,Locustella lanceolata,NT,マキノセンニュウ,Locustella lanceolata,NT,マキノセンニュウ,Locustella lanceolata,NT,マキノセンニュウ,Locustella lanceolata,NT,マキノセンニュウ,Locustella lanceolata,NT,マキノセンニュウ,Locustella lanceolata,NT,－,－,－,－,－,－,－,－,－,0,0,0,0,―,0,0,0,0,0,0,0,0,0,0,0,0,0,0,0,0,―,1,0,0,―,0,0,1,0,1,1,0,0,0,0,0,0,0,0,0,0,0,0,0,0,0,0,0,0,0,0,0,0,―,0,0,0,0,―,0,0,0,0,0,0,0,0,0,0,0,―,0,0,0,―,0,0,0,0,0,0,0,0,0,―,0,0,0,1,0,0,0,1,0,0,1,0,0,1,0,1,0,0,0,0,0,0,0,0,0,0,0,0,0,0,0,0,0,0,0,0,0,0,0,0,0,0,0,0,0,0,0,0,0,0,0,0,0,0,―,1
BI0119,鳥類,絶滅危惧II類,VU,スズメ目,メジロ科,ハハジマメグロ,Apalopteron familiare hahasima,D2,ハハジマメグロ,Apalopteron familiare hahasima,EN,ハハジマメグロ,Apalopteron familiare hahasima,EN,ハハジマメグロ,Apalopteron familiare hahasima,EN,ハハジマメグロ,Apalopteron familiare hahasima,EN,ハハジマメグロ,Apalopteron familiare hahasima,EN,ハハジマメグロ,Apalopteron familiare hahasima,EN,ハハジマメグロ,Apalopteron familiare hahasima,EN,ハハジマメグロ,Apalopteron familiare hahasima,VU,ハハジマメグロ,Apalopteron familiare hahasima,E,0,0,1,0,―,0,1,0,0,0,0,0,0,0,0,0,0,0,0,0,0,―,1,0,0,―,0,1,0,0,0,0,1,0,1,0,0,0,0,0,0,0,0,0,0,0,0,0,0,0,0,0,0,0,―,0,0,0,0,―,0,0,0,0,0,0,0,0,0,0,0,―,0,0,0,―,0,0,0,0,0,0,0,0,0,―,1,1,0,0,0,0,1,0,0,0,0,0,0,0,0,0,0,0,0,0,0,0,0,0,0,0,0,0,0,0,0,0,0,0,0,1,0,0,0,0,0,0,0,0,0,0,0,0,0,0,0,0,0,0,―,0
BI0120,鳥類,絶滅危惧II類,VU,スズメ目,ヒタキ科,タネコマドリ,Larvivora akahige tanensis,B2ab,タネコマドリ,Luscinia akahige tanensis,VU,タネコマドリ,Luscinia akahige tanensis,VU,タネコマドリ,Luscinia akahige tanensis,VU,タネコマドリ,Luscinia akahige tanensis,VU,タネコマドリ,Erithacus akahige tanensis,VU,タネコマドリ,Erithacus akahige tanensis,VU,タネコマドリ,Erithacus akahige tanensis,VU,タネコマドリ,Erithacus akahige tanensis,VU,タネコマドリ,Erithacus akahige tanensis,R,0,0,1,0,―,0,1,1,0,0,0,0,0,0,0,0,0,0,0,0,0,―,1,0,0,―,0,1,0,0,0,0,0,0,0,0,0,0,0,0,0,0,0,0,0,0,0,0,0,0,0,0,0,0,―,0,0,0,0,―,0,0,0,0,0,0,0,0,0,0,0,―,0,0,0,―,0,0,0,0,0,0,0,0,0,―,1,0,0,0,0,0,1,0,1,0,0,0,0,0,0,0,0,0,0,0,1,0,0,0,0,0,0,0,0,0,0,0,0,0,0,1,0,0,0,0,0,0,0,0,0,0,0,0,0,0,0,0,0,0,―,0
BI0121,鳥類,絶滅危惧II類,VU,スズメ目,ヒタキ科,ホントウアカヒゲ,Larvivora namiyei,D2,ホントウアカヒゲ,Luscinia komadori namiyei,EN,ホントウアカヒゲ,Luscinia komadori namiyei,EN,ホントウアカヒゲ,Luscinia komadori namiyei,EN,ホントウアカヒゲ,Luscinia komadori namiyei,EN,ホントウアカヒゲ,Erithacus komadori namiyei,EN,ホントウアカヒゲ,Erithacus komadori namiyei,EN,ホントウアカヒゲ,Erithacus komadori namiyei,EN,ホントウアカヒゲ,Erithacus komadori namiyei,VU,ホントウアカヒゲ,Erithacus komadori namiyei,V,0,0,1,0,―,0,1,0,0,0,0,0,0,0,0,0,0,0,0,0,0,―,1,0,0,―,0,1,0,0,0,0,0,0,0,0,0,0,0,0,1,1,0,0,0,0,0,0,0,0,0,0,0,0,―,0,0,0,0,―,0,0,0,0,0,0,0,0,0,0,0,―,0,0,0,―,0,0,0,0,0,0,0,0,0,―,1,0,0,0,0,0,1,0,0,0,0,0,0,0,0,0,0,0,0,0,0,0,0,0,0,0,0,0,0,0,0,0,0,0,0,1,0,0,0,0,0,0,0,0,0,0,0,0,0,0,0,1,0,0,―,0
BI0122,鳥類,絶滅危惧II類,VU,スズメ目,ヒタキ科,リュウキュウキビタキ,Ficedula owstoni,B2ab,リュウキュウキビタキ,Ficedula narcissina owstoni,DD,リュウキュウキビタキ,Ficedula narcissina owstoni,DD,リュウキュウキビタキ,Ficedula narcissina owstoni,DD,リュウキュウキビタキ,Ficedula narcissina owstoni,DD,－,－,－,－,－,－,－,－,－,－,－,－,－,－,－,0,1,1,0,―,0,1,0,0,0,0,0,0,0,0,0,0,0,0,0,0,―,1,0,0,―,0,1,0,0,0,0,0,0,0,0,0,0,0,0,0,0,0,0,0,0,0,0,0,0,0,0,0,0,―,0,0,0,0,―,0,0,0,0,0,0,0,0,0,0,0,―,0,0,0,―,0,0,0,0,0,0,0,0,0,―,1,0,0,0,0,0,1,1,1,0,0,0,0,0,0,0,0,0,0,0,0,0,0,0,0,0,0,0,0,0,0,0,0,0,0,0,0,0,0,0,0,0,0,0,0,0,0,0,0,0,0,0,0,0,―,1
BI0123,鳥類,準絶滅危惧,NT,カモ目,カモ科,オオヒシクイ,Anser fabalis middendorffii,②,オオヒシクイ,Anser fabalis middendorffii,NT,オオヒシクイ,Anser fabalis middendorffii,NT,オオヒシクイ,Anser fabalis middendorffii,NT,オオヒシクイ,Anser fabalis middendorffii,NT,オオヒシクイ,Anser fabalis middendorffii,NT,オオヒシクイ,Anser fabalis middendorffii,NT,オオヒシクイ,Anser fabalis middendorffii,NT,オオヒシクイ,Anser fabalis middendorffii,NT,－,－,－,0,0,0,0,―,0,0,0,0,0,0,0,0,0,0,0,0,0,0,0,0,―,1,0,0,―,0,0,0,1,0,1,0,0,0,0,0,1,0,1,0,0,1,1,0,0,0,0,0,0,0,0,0,0,―,0,0,0,0,―,0,0,0,0,0,0,0,0,0,0,0,―,0,0,0,―,0,0,0,0,0,0,0,0,0,―,0,1,0,1,0,0,0,0,0,1,1,0,0,1,1,0,0,0,0,0,0,0,0,0,0,0,0,0,0,0,0,0,0,0,0,0,0,0,0,0,0,0,0,0,0,0,0,0,0,0,0,0,0,0,―,0
BI0124,鳥類,準絶滅危惧,NT,カモ目,カモ科,ヒシクイ,Anser fabalis serrirostris,①②,ヒシクイ,Anser fabalis serrirostris,VU,ヒシクイ,Anser fabalis serrirostris,VU,ヒシクイ,Anser fabalis serrirostris,VU,ヒシクイ,Anser fabalis serrirostris,VU,ヒシクイ,Anser fabalis serrirostris,VU,ヒシクイ,Anser fabalis serrirostris,VU,ヒシクイ,Anser fabalis serrirostris,VU,ヒシクイ,Anser fabalis serrirostris,VU,ヒシクイ,Anser fabalis serrerostris,R,0,0,0,0,―,0,0,0,0,0,0,0,0,0,0,0,0,0,0,0,0,―,1,0,0,―,0,0,1,1,0,1,0,0,0,0,0,1,1,0,0,0,1,1,0,0,0,0,0,0,0,0,0,0,―,0,0,0,0,―,0,0,0,0,0,0,0,0,0,0,0,―,0,0,0,―,0,0,0,0,0,0,0,0,0,―,0,1,0,1,0,0,0,0,0,0,0,0,0,0,1,0,0,0,0,0,0,0,0,0,0,0,0,0,0,1,0,0,0,0,0,0,0,0,1,0,0,0,0,0,0,0,0,0,0,0,0,0,0,1,農地・農法の変化、人による就塒妨害,0
BI0125,鳥類,準絶滅危惧,NT,カモ目,カモ科,ホシハジロ,Aythya ferina,①②,－,－,－,－,－,－,－,－,－,－,－,－,－,－,－,－,－,－,－,－,－,－,－,－,－,－,－,0,0,1,0,―,0,0,0,0,0,0,0,0,0,0,0,0,0,1,1,0,―,1,1,0,―,0,0,0,0,0,0,0,0,0,0,0,1,1,0,0,0,1,1,0,0,0,0,0,1,0,1,0,0,―,0,1,0,0,―,1,0,0,0,0,0,0,0,0,0,0,―,0,0,0,―,0,0,0,0,0,0,0,0,0,―,0,0,0,1,1,0,0,0,0,1,1,1,0,0,0,0,0,0,0,0,0,0,0,0,1,0,0,0,0,0,0,0,0,0,0,0,0,0,0,0,0,0,0,0,0,0,0,0,0,0,0,0,0,0,―,0
BI0126,鳥類,準絶滅危惧,NT,カモ目,カモ科,スズガモ,Aythya marila nearctica,①②,－,－,－,－,－,－,－,－,－,－,－,－,－,－,－,－,－,－,－,－,－,－,－,－,－,－,－,0,0,0,0,―,0,0,0,0,0,0,0,0,0,0,0,0,0,0,0,0,―,0,1,0,―,0,0,0,0,0,0,0,0,0,0,0,0,1,0,0,0,0,0,0,0,0,0,0,1,0,1,0,0,―,0,1,0,0,―,1,0,0,0,0,0,0,0,0,0,0,―,0,0,0,―,0,0,0,0,0,0,0,0,0,―,0,0,0,0,1,0,0,0,0,0,0,1,0,0,0,0,0,0,0,0,0,0,0,0,1,0,0,0,0,0,0,0,0,0,0,0,0,0,0,0,0,0,0,0,0,0,0,0,0,0,0,0,0,0,―,0
BI0127,鳥類,準絶滅危惧,NT,キジ目,キジ科,エゾライチョウ,Tetrastes bonasia vicinitas,②,エゾライチョウ,Tetrastes bonasia vicinitas,DD,エゾライチョウ,Tetrastes bonasia vicinitas,DD,エゾライチョウ,Tetrastes bonasia vicinitas,DD,エゾライチョウ,Tetrastes bonasia vicinitas,DD,エゾライチョウ,Tetrastes bonasia vicinitas,DD,エゾライチョウ,Tetrastes bonasia vicinitas,DD,エゾライチョウ,Tetrastes bonasia vicinitas,DD,エゾライチョウ,Tetrastes bonasia vicinitas,DD,－,－,－,0,1,1,0,―,0,1,0,0,0,0,0,0,0,0,0,0,0,0,0,0,―,1,0,0,―,0,1,0,0,0,0,0,0,0,0,0,0,0,0,0,0,0,0,0,0,0,0,0,0,0,0,0,0,―,0,0,0,0,―,0,0,0,0,0,0,0,0,0,0,0,―,0,0,0,―,0,0,0,0,0,0,0,0,0,―,1,1,0,0,0,0,0,1,0,0,0,0,0,0,0,0,0,0,0,0,0,0,0,0,0,0,0,0,0,0,0,0,0,1,0,0,1,0,0,0,0,0,0,0,0,0,0,1,0,0,0,0,0,0,―,0
BI0128,鳥類,準絶滅危惧,NT,キジ目,キジ科,アカヤマドリ,Syrmaticus soemmerringii soemmerringii,①②,アカヤマドリ,Syrmaticus soemmerringii soemmerringii,NT,アカヤマドリ,Syrmaticus soemmerringii soemmerringii,NT,アカヤマドリ,Syrmaticus soemmerringii soemmerringii,NT,アカヤマドリ,Syrmaticus soemmerringii soemmerringii,NT,アカヤマドリ,Syrmaticus soemmerringii soemmerringii,NT,アカヤマドリ,Syrmaticus soemmerringii soemmerringii,NT,アカヤマドリ,Syrmaticus soemmerringii soemmerringii,NT,－,－,－,－,－,－,0,1,1,0,―,0,1,0,0,0,0,0,0,0,0,0,0,0,0,0,0,―,1,0,0,―,0,1,0,0,0,0,0,0,0,0,0,0,0,0,0,0,0,0,0,0,0,0,0,0,0,0,0,0,―,0,0,0,0,―,0,0,0,0,0,0,0,0,0,0,0,―,0,0,0,―,0,0,0,0,0,0,0,0,0,―,1,1,0,0,0,0,0,0,1,0,0,0,0,0,0,0,0,0,0,0,0,0,0,1,0,0,0,0,0,1,0,0,0,1,0,0,0,0,0,0,0,0,0,0,0,0,0,0,0,0,0,0,0,0,―,0
BI0129,鳥類,準絶滅危惧,NT,キジ目,キジ科,コシジロヤマドリ,Syrmaticus soemmerringii ijimae,①②,コシジロヤマドリ,Syrmaticus soemmerringii ijimae,NT,コシジロヤマドリ,Syrmaticus soemmerringii ijimae,NT,コシジロヤマドリ,Syrmaticus soemmerringii ijimae,NT,コシジロヤマドリ,Syrmaticus soemmerringii ijimae,NT,コシジロヤマドリ,Syrmaticus soemmerringii ijimae,NT,コシジロヤマドリ,Syrmaticus soemmerringii ijimae,NT,コシジロヤマドリ,Syrmaticus soemmerringii ijimae,NT,コシジロヤマドリ,Syrmaticus soemmerringii ijimae,NT,コシジロヤマドリ,Phasianus soemmerringii ijimae,R,0,1,1,0,―,0,1,0,0,0,0,0,0,0,0,0,0,0,0,0,0,―,1,0,0,―,0,1,0,0,0,0,0,0,0,0,0,0,0,0,0,0,0,0,0,0,0,0,0,0,0,0,0,0,―,0,0,0,0,―,0,0,0,0,0,0,0,0,0,0,0,―,0,0,0,―,0,0,0,0,0,0,0,0,0,―,1,1,0,0,0,0,0,0,1,0,0,0,0,0,0,0,0,0,0,0,0,0,0,1,0,0,0,0,0,0,0,0,0,1,1,0,1,0,0,0,0,0,0,0,0,0,0,0,0,0,0,0,0,0,―,0
BI0130,鳥類,準絶滅危惧,NT,ヨタカ目,ヨタカ科,ヨタカ,Caprimulgus jotaka jotaka,①②,ヨタカ,Caprimulgus indicus jotaka,NT,ヨタカ,Caprimulgus indicus jotaka,NT,ヨタカ,Caprimulgus indicus jotaka,NT,ヨタカ,Caprimulgus indicus jotaka,NT,ヨタカ,Caprimulgus indicus jotaka,NT,ヨタカ,Caprimulgus indicus jotaka,NT,ヨタカ,Caprimulgus indicus jotaka,VU,－,－,－,－,－,－,0,1,1,0,―,1,1,1,1,1,0,1,1,1,0,1,1,1,1,0,0,―,1,0,0,―,1,1,1,1,1,1,0,0,1,1,1,1,1,0,0,0,1,0,0,0,0,0,0,0,0,0,0,0,―,0,0,0,0,―,0,0,0,0,0,0,0,0,0,0,0,―,0,0,0,―,0,0,0,0,0,0,0,0,0,―,1,1,1,1,0,0,0,0,1,0,0,0,0,0,0,1,0,0,0,0,0,0,0,0,0,0,0,0,0,0,0,0,0,0,0,0,0,0,0,0,0,0,0,0,0,0,1,1,0,0,0,0,0,0,―,0
BI0131,鳥類,準絶滅危惧,NT,アマツバメ目,アマツバメ科,キタアマツバメ,Apus pacificus pacificus,①②,－,－,－,－,－,－,－,－,－,－,－,－,－,－,－,－,－,－,－,－,－,－,－,－,－,－,－,1,1,1,0,―,0,0,0,0,0,0,0,0,1,1,0,0,0,0,0,0,―,0,1,0,―,0,0,0,0,0,0,0,0,0,0,0,0,0,0,0,0,0,0,0,0,0,0,1,0,0,0,0,0,―,0,0,0,0,―,0,0,0,0,0,0,0,0,0,0,0,―,0,0,0,―,0,0,0,0,0,0,0,0,0,―,1,0,0,0,1,0,1,1,0,0,0,0,0,0,0,0,0,0,0,0,0,0,0,0,0,0,0,0,0,0,0,0,0,0,0,0,0,0,0,0,0,0,0,0,0,0,0,0,0,0,0,0,0,1,食物となる昆虫の減少,1
BI0132,鳥類,準絶滅危惧,NT,ハト目,ハト科,カラスバト,Columba janthina janthina,②,カラスバト,Columba janthina janthina,NT,カラスバト,Columba janthina janthina,NT,カラスバト,Columba janthina janthina,NT,カラスバト,Columba janthina janthina,NT,カラスバト,Columba janthina janthina,NT,カラスバト,Columba janthina janthina,NT,カラスバト,Columba janthina janthina,NT,カラスバト,Columba janthina janthina,NT,カラスバト,Columba janthina janthina,V,0,0,1,0,―,0,1,0,0,0,0,0,0,0,0,0,0,0,0,0,0,―,1,1,0,―,0,1,0,0,0,0,0,0,0,0,0,0,0,0,0,0,0,0,0,0,0,0,0,0,0,0,0,0,―,0,0,0,0,―,0,0,0,0,0,0,0,0,0,0,0,―,0,0,0,―,0,0,0,0,0,0,0,0,0,―,1,0,0,0,0,0,1,0,0,0,0,1,0,0,0,0,0,0,0,0,0,0,0,0,0,0,0,0,0,0,0,0,0,0,0,1,0,0,0,0,0,0,0,0,0,0,0,0,0,0,0,0,0,0,―,0
BI0133,鳥類,準絶滅危惧,NT,ツル目,クイナ科,ヒクイナ,Zapornia fusca erythrothorax,①②,ヒクイナ,Porzana fusca erythrothorax,NT,ヒクイナ,Porzana fusca erythrothorax,NT,ヒクイナ,Porzana fusca erythrothorax,NT,ヒクイナ,Porzana fusca erythrothorax,NT,ヒクイナ,Porzana fusca erythrothorax,NT,ヒクイナ,Porzana fusca erythrothorax,NT,ヒクイナ,Porzana fusca erythrothorax,VU,－,－,－,－,－,－,0,1,1,0,―,0,0,1,1,1,1,1,0,0,0,0,0,1,1,0,0,―,1,0,0,―,0,0,0,1,1,1,0,0,0,0,1,1,0,0,0,1,1,0,0,0,0,0,0,0,0,0,0,0,―,0,0,0,0,―,0,0,0,0,0,0,0,0,0,0,0,―,0,0,0,―,0,0,0,0,0,0,0,0,0,―,1,1,0,1,0,0,1,0,0,1,1,0,0,1,1,0,0,0,0,0,0,0,0,0,0,0,0,0,0,0,0,0,0,0,0,0,0,0,0,0,0,0,0,0,0,0,0,0,0,0,0,0,0,0,―,0
BI0134,鳥類,準絶滅危惧,NT,ツル目,ツル科,タンチョウ,Grus japonensis,②,タンチョウ,Grus japonensis,VU,タンチョウ,Grus japonensis,VU,タンチョウ,Grus japonensis,VU,タンチョウ,Grus japonensis,VU,タンチョウ,Grus japonensis,VU,タンチョウ,Grus japonensis,VU,タンチョウ,Grus japonensis,VU,タンチョウ,Grus japonensis,VU,タンチョウ,Grus japonensis,E,0,0,0,0,―,0,0,0,0,0,0,0,0,0,0,0,0,0,0,0,0,―,1,1,0,―,0,0,1,1,1,1,0,0,0,0,0,1,1,0,0,0,0,1,0,0,0,0,0,0,0,0,0,0,―,1,0,0,0,―,0,0,0,0,0,0,1,0,0,0,0,―,0,0,0,―,0,0,0,0,0,0,0,0,0,―,0,1,0,1,0,0,0,0,0,0,0,0,0,0,0,0,0,0,0,0,0,0,0,0,0,0,0,1,0,0,0,0,0,0,0,0,0,0,0,0,0,0,0,1,1,0,0,0,0,0,0,0,0,0,―,0
BI0135,鳥類,準絶滅危惧,NT,チドリ目,シギ科,キョウジョシギ,Arenaria interpres interpres,①,－,－,－,－,－,－,－,－,－,－,－,－,－,－,－,－,－,－,－,－,－,－,－,－,－,－,－,0,0,0,0,―,0,0,0,0,0,0,0,0,0,0,0,0,0,0,0,0,―,1,1,0,―,0,0,0,1,0,0,0,0,0,0,0,0,1,0,0,0,0,1,0,0,0,1,1,1,1,0,0,0,―,1,0,0,0,―,0,0,1,0,0,0,1,1,0,0,0,―,0,0,0,―,0,0,0,0,0,0,0,0,0,―,0,0,0,1,1,0,0,0,0,0,1,1,0,0,1,0,0,0,0,0,0,0,0,0,0,0,0,0,0,0,0,0,0,0,0,0,0,0,0,0,0,0,0,0,0,0,0,0,0,0,0,0,0,0,―,0
BI0136,鳥類,準絶滅危惧,NT,チドリ目,シギ科,トウネン,Calidris ruficollis,①,－,－,－,－,－,－,－,－,－,－,－,－,－,－,－,－,－,－,－,－,－,－,－,－,－,－,－,0,0,0,0,―,0,0,0,0,0,0,0,0,0,0,0,0,0,0,0,0,―,1,1,0,―,0,0,0,1,0,1,0,0,0,0,0,0,1,0,0,0,0,0,0,0,0,1,0,1,1,1,0,0,―,1,0,0,0,―,0,0,0,0,0,0,1,0,0,0,0,―,0,0,0,―,0,0,0,0,0,0,0,0,0,―,0,1,0,1,1,0,0,0,0,0,1,1,0,1,1,0,0,0,0,0,0,0,0,0,0,0,0,0,0,1,0,0,1,0,0,0,0,0,0,0,0,0,0,0,0,0,0,0,0,0,1,0,0,0,―,0
BI0137,鳥類,準絶滅危惧,NT,チドリ目,シギ科,アマミヤマシギ,Scolopax mira,②,アマミヤマシギ,Scolopax mira,VU,アマミヤマシギ,Scolopax mira,VU,アマミヤマシギ,Scolopax mira,VU,アマミヤマシギ,Scolopax mira,VU,アマミヤマシギ,Scolopax mira,VU,アマミヤマシギ,Scolopax mira,VU,アマミヤマシギ,Scolopax mira,VU,アマミヤマシギ,Scolopax mira,EN,アマミヤマシギ,Scolopax mira,E,0,1,1,0,―,0,1,1,0,0,0,0,0,0,0,0,0,0,0,0,0,―,1,0,0,―,0,1,1,0,0,0,0,0,0,0,0,0,0,0,0,0,0,0,0,0,0,0,0,0,0,0,0,0,―,0,0,0,0,―,0,0,0,0,0,0,0,0,0,0,0,―,0,0,0,―,0,0,0,0,0,0,0,0,0,―,1,1,0,0,0,0,1,0,1,0,0,0,0,0,0,0,0,0,0,0,0,1,0,0,0,0,0,0,0,0,0,0,0,0,0,1,0,0,0,0,0,0,0,1,0,0,0,0,0,0,0,0,0,0,―,0
BI0138,鳥類,準絶滅危惧,NT,チドリ目,シギ科,オオジシギ,Gallinago hardwickii,①②,オオジシギ,Gallinago hardwickii,NT,オオジシギ,Gallinago hardwickii,NT,オオジシギ,Gallinago hardwickii,NT,オオジシギ,Gallinago hardwickii,NT,オオジシギ,Gallinago hardwickii,NT,オオジシギ,Gallinago hardwickii,NT,オオジシギ,Gallinago hardwickii,NT,オオジシギ,Gallinago hardwickii,NT,オオジシギ,Gallinago hardwickii,R,0,1,1,0,―,0,0,1,1,1,0,1,0,0,0,0,0,1,0,0,0,―,1,0,0,―,0,0,1,1,1,1,0,0,0,0,1,1,1,0,0,0,0,1,0,0,0,0,0,0,0,0,0,0,―,0,0,0,0,―,0,0,0,0,0,0,0,0,0,0,0,―,0,0,0,―,0,0,0,0,0,0,0,0,0,―,0,1,0,1,0,0,0,0,0,0,1,0,0,1,1,1,0,0,0,0,1,1,0,1,0,0,0,0,0,0,0,0,0,0,0,0,0,0,0,0,0,0,0,0,0,0,0,1,0,0,0,0,0,0,―,0
BI0139,鳥類,準絶滅危惧,NT,ミズナギドリ目,アホウドリ科,クロアシアホウドリ,Phoebastria nigripes,②,－,－,－,－,－,－,－,－,－,－,－,－,－,－,－,－,－,－,－,－,－,－,－,－,－,－,－,0,0,0,0,―,0,0,0,0,0,0,0,0,0,0,0,0,0,0,0,0,―,0,1,0,―,1,0,1,0,0,0,0,0,0,1,0,0,0,0,0,0,0,0,0,0,0,0,0,0,0,0,0,0,―,0,1,0,0,―,1,0,0,0,0,0,0,0,0,0,0,―,1,0,0,―,1,0,0,0,0,0,0,0,0,―,0,0,0,0,0,1,1,0,0,0,0,0,0,0,0,0,0,0,0,0,0,0,0,0,0,1,0,0,0,0,0,0,1,0,0,0,0,0,0,0,0,0,0,0,0,0,0,0,0,1,1,0,0,1,海洋汚染,0
BI0140,鳥類,準絶滅危惧,NT,ペリカン目,サギ科,ミゾゴイ,Gorsachius goisagi,②,ミゾゴイ,Gorsachius goisagi,VU,ミゾゴイ,Gorsachius goisagi,VU,ミゾゴイ,Gorsachius goisagi,VU,ミゾゴイ,Gorsachius goisagi,VU,ミゾゴイ,Gorsachius goisagi,VU,ミゾゴイ,Gorsachius goisagi,VU,ミゾゴイ,Gorsachius goisagi,EN,ミゾゴイ,Gorsachius goisagi,NT,ミゾゴイ,Gorsachius goisagi,R,0,1,1,0,―,0,1,0,1,1,0,0,0,0,0,0,0,0,0,0,0,―,1,0,0,―,0,1,0,1,1,0,0,0,1,0,0,0,0,0,0,0,0,0,0,0,0,0,0,0,0,0,0,0,―,0,0,0,0,―,0,0,0,0,0,0,0,0,0,0,0,―,0,0,0,―,0,0,0,0,0,0,0,0,0,―,0,1,1,0,0,0,0,0,1,0,0,0,0,0,0,0,0,0,0,0,0,0,0,0,0,0,0,0,0,0,0,0,0,0,0,1,1,0,0,0,0,0,0,0,0,0,0,0,0,0,0,0,0,0,―,0
BI0141,鳥類,準絶滅危惧,NT,ペリカン目,サギ科,チュウサギ,Ardea intermedia intermedia,①②,チュウサギ,Egretta intermedia intermedia,NT,チュウサギ,Egretta intermedia intermedia,NT,チュウサギ,Egretta intermedia intermedia,NT,チュウサギ,Egretta intermedia intermedia,NT,チュウサギ,Egretta intermedia intermedia,NT,チュウサギ,Egretta intermedia intermedia,NT,チュウサギ,Egretta intermedia intermedia,NT,チュウサギ,Egretta intermedia intermedia,NT,チュウサギ,Egretta intermedia intermedia,R,0,0,0,0,―,0,0,0,0,0,0,0,0,0,0,0,0,0,0,0,0,―,1,0,0,―,0,0,1,1,1,1,0,0,1,0,1,1,0,1,1,0,0,0,0,0,0,0,0,0,0,0,0,0,―,0,0,0,0,―,0,0,0,0,0,0,0,0,0,0,0,―,0,0,0,―,0,0,0,0,0,0,0,0,0,―,0,0,0,1,0,0,0,0,0,0,0,0,0,0,0,0,0,0,0,0,0,0,0,0,0,0,0,0,0,0,0,0,0,0,0,0,0,0,0,0,0,0,0,0,0,0,0,0,0,0,0,0,0,1,人との軋轢（営巣林伐採や追払い）、水田の転作,0
BI0142,鳥類,準絶滅危惧,NT,タカ目,タカ科,ハイタカ,Accipiter nisus nisosimilis,①,ハイタカ,Accipiter nisus nisosimilis,NT,ハイタカ,Accipiter nisus nisosimilis,NT,ハイタカ,Accipiter nisus nisosimilis,NT,ハイタカ,Accipiter nisus nisosimilis,NT,ハイタカ,Accipiter nisus nisosimilis,NT,ハイタカ,Accipiter nisus nisosimilis,NT,ハイタカ,Accipiter nisus nisosimilis,NT,ハイタカ,Accipiter nisus nisosimilis,NT,ハイタカ,Accipiter nisus nisosimilis,R,0,1,1,0,―,0,1,1,1,1,0,0,0,0,0,0,0,0,0,0,0,―,1,0,0,―,0,1,1,1,1,0,0,0,1,0,0,0,0,0,0,0,0,0,0,0,0,0,0,0,0,0,0,0,―,0,0,0,0,―,0,0,0,0,0,0,0,0,0,0,0,―,0,0,0,―,0,0,0,0,0,0,0,0,0,―,1,1,0,0,0,0,0,0,1,0,0,0,0,0,0,0,0,0,0,0,1,0,0,0,0,0,0,0,0,0,0,0,0,0,0,0,0,0,0,0,0,0,0,0,0,0,0,0,0,0,0,0,0,0,―,0
BI0143,鳥類,準絶滅危惧,NT,タカ目,タカ科,オオタカ,Accipiter gentilis fujiyamae,①②,オオタカ,Accipiter gentilis fujiyamae,NT,オオタカ,Accipiter gentilis fujiyamae,NT,オオタカ,Accipiter gentilis fujiyamae,NT,オオタカ,Accipiter gentilis fujiyamae,NT,オオタカ,Accipiter gentilis fujiyamae,NT,オオタカ,Accipiter gentilis fujiyamae,NT,オオタカ,Accipiter gentilis fujiyamae,NT,オオタカ,Accipiter gentilis fujiyamae,VU,オオタカ,Accipiter gentilis fujiyamae,V,0,1,1,0,―,0,1,1,1,1,0,0,0,0,0,0,0,0,0,0,0,―,1,0,0,―,0,1,1,1,1,0,0,0,1,0,0,0,0,0,0,0,0,0,0,0,0,0,0,0,0,0,0,0,―,0,0,0,0,―,0,0,0,0,0,0,0,0,0,0,0,―,0,0,0,―,0,0,0,0,0,0,0,0,0,―,1,1,1,0,0,0,0,0,1,0,0,0,0,0,0,0,0,0,0,0,1,1,0,1,0,0,1,0,0,0,0,0,0,0,0,0,0,0,0,0,0,0,0,0,0,0,0,0,0,0,0,0,0,0,―,0
BI0144,鳥類,準絶滅危惧,NT,キツツキ目,キツツキ科,クマゲラ,Dryocopus martius martius,①,クマゲラ,Dryocopus martius martius,VU,クマゲラ,Dryocopus martius martius,VU,クマゲラ,Dryocopus martius martius,VU,クマゲラ,Dryocopus martius martius,VU,クマゲラ,Dryocopus martius martius,VU,クマゲラ,Dryocopus martius martius,VU,クマゲラ,Dryocopus martius martius,VU,クマゲラ,Dryocopus martius martius,VU,クマゲラ,Dryocopus martius,V,0,1,1,0,―,0,1,0,0,0,0,0,0,0,0,0,0,0,0,0,0,―,1,0,0,―,0,1,0,0,0,0,0,0,0,0,0,0,0,0,0,0,0,0,0,0,0,0,0,0,0,0,0,0,―,0,0,0,0,―,0,0,0,0,0,0,0,0,0,0,0,―,0,0,0,―,0,0,0,0,0,0,0,0,0,―,1,1,0,0,0,0,0,0,1,0,0,0,0,0,0,0,0,0,0,0,0,0,0,0,0,0,0,0,0,0,0,0,0,0,0,0,0,0,0,0,0,0,0,0,0,0,0,0,0,0,0,0,0,1,繁殖期における営巣木への人間の接近,0
BI0145,鳥類,準絶滅危惧,NT,ハヤブサ目,ハヤブサ科,ハヤブサ,Falco peregrinus japonensis,②,ハヤブサ,Falco peregrinus japonensis,VU,ハヤブサ,Falco peregrinus japonensis,VU,ハヤブサ,Falco peregrinus japonensis,VU,ハヤブサ,Falco peregrinus japonensis,VU,ハヤブサ,Falco peregrinus japonensis,VU,ハヤブサ,Falco peregrinus japonensis,VU,ハヤブサ,Falco peregrinus japonensis,VU,ハヤブサ,Falco peregrinus japonensis,VU,ハヤブサ,Falco peregrinus japonensis,V,0,1,1,0,―,0,0,1,0,0,0,0,0,0,0,0,0,0,0,0,0,―,1,1,0,―,0,0,0,1,0,0,0,0,0,1,1,1,1,0,1,0,0,0,0,0,0,0,1,0,0,0,0,0,―,0,0,0,0,―,0,0,0,0,0,0,0,0,0,0,0,―,0,0,0,―,0,0,0,0,0,0,0,0,0,―,1,1,0,1,0,0,0,0,0,0,1,1,0,1,0,1,0,0,0,0,0,1,0,0,0,0,0,1,0,0,0,0,0,0,0,0,0,0,0,0,0,0,0,0,0,0,0,0,0,0,0,0,0,1,レジャー活動による営巣地の消失や生息・繁殖の妨害,0
BI0146,鳥類,準絶滅危惧,NT,スズメ目,カラス科,オナガ,Cyanopica cyanus japonica,①,－,－,－,－,－,－,－,－,－,－,－,－,－,－,－,－,－,－,－,－,－,－,－,－,－,－,－,0,0,1,0,―,0,1,0,1,0,0,0,0,0,0,0,0,1,0,0,0,―,1,0,0,―,0,1,0,1,0,0,1,0,1,0,1,0,0,0,0,0,0,0,0,0,0,0,0,0,0,0,0,0,―,0,0,0,0,―,0,0,0,0,0,0,0,0,0,0,0,―,0,0,0,―,0,0,0,0,0,0,0,0,0,―,0,1,1,0,0,0,0,1,0,0,0,0,0,0,0,0,0,0,0,0,0,0,0,0,0,0,0,0,0,0,0,0,0,0,0,0,0,0,0,0,0,0,0,0,0,0,0,0,0,0,0,0,0,0,―,1
BI0147,鳥類,準絶滅危惧,NT,スズメ目,ヒヨドリ科,ダイトウヒヨドリ,Hypsipetes amaurotis borodinonis,②,－,－,－,－,－,－,－,－,－,－,－,－,－,－,－,－,－,－,－,－,－,－,－,－,－,－,－,0,0,0,0,―,0,0,0,0,0,0,0,0,0,0,0,0,0,0,0,0,―,1,1,0,―,0,1,0,0,0,0,0,0,0,0,0,0,0,0,0,0,0,0,0,0,0,0,0,0,0,0,0,0,―,0,0,0,0,―,0,0,0,0,0,0,0,0,0,0,0,―,0,0,0,―,0,0,0,0,0,0,0,0,0,―,1,0,0,0,0,0,1,0,1,0,0,0,0,0,0,0,0,0,0,0,0,0,0,0,0,0,0,0,0,0,0,0,0,0,0,1,0,0,0,0,0,0,0,0,0,0,0,0,0,0,0,0,0,0,―,0
BI0148,鳥類,準絶滅危惧,NT,スズメ目,ヨシキリ科,コヨシキリ,Acrocephalus bistrigiceps,①②,－,－,－,－,－,－,－,－,－,－,－,－,－,－,－,－,－,－,－,－,－,－,－,－,－,－,－,0,1,1,0,―,0,0,1,0,1,0,1,0,0,0,0,0,1,0,0,0,―,1,1,0,―,0,0,1,1,1,1,0,0,0,0,1,1,1,0,1,1,1,1,0,0,0,0,0,0,0,0,0,0,―,0,0,0,0,―,0,0,0,0,0,0,0,0,0,0,0,―,0,0,0,―,0,0,0,0,0,0,0,0,0,―,0,1,1,1,0,0,0,0,0,1,1,0,0,1,1,1,0,0,0,0,1,0,0,1,0,0,0,0,0,0,0,0,0,0,0,0,0,0,0,0,0,0,0,0,0,0,1,1,0,0,0,0,0,0,―,0
BI0149,鳥類,準絶滅危惧,NT,スズメ目,メジロ科,ダイトウメジロ,Zosterops japonicus daitoensis,②,－,－,－,－,－,－,－,－,－,－,－,－,－,－,－,－,－,－,－,－,－,－,－,－,－,－,－,0,0,0,0,―,0,0,0,0,0,0,0,0,0,0,0,0,0,0,0,0,―,1,1,0,―,0,1,0,0,0,0,0,0,0,0,0,0,0,0,0,0,0,0,0,0,0,0,0,0,0,0,0,0,―,0,0,0,0,―,0,0,0,0,0,0,0,0,0,0,0,―,0,0,0,―,0,0,0,0,0,0,0,0,0,―,1,0,0,0,0,0,1,0,1,0,0,0,0,0,0,0,0,0,0,0,0,0,0,0,0,0,0,0,0,0,0,0,0,0,0,1,0,0,0,0,0,0,0,0,0,0,0,0,0,0,0,0,0,0,―,0
BI0150,鳥類,準絶滅危惧,NT,スズメ目,ツグミ科,オオトラツグミ,Zoothera dauma major,②,オオトラツグミ,Zoothera dauma major,VU,オオトラツグミ,Zoothera dauma major,VU,オオトラツグミ,Zoothera dauma major,VU,オオトラツグミ,Zoothera dauma major,VU,オオトラツグミ,Zoothera dauma major,VU,オオトラツグミ,Zoothera dauma major,VU,オオトラツグミ,Zoothera dauma major,VU,オオトラツグミ,Zoothera dauma major,CR,オオトラツグミ,Turdus dauma amami,E,0,1,1,0,―,0,1,0,0,0,0,0,0,0,0,0,0,0,0,0,0,―,1,0,0,―,0,1,0,0,0,0,0,0,0,0,0,0,0,0,0,0,0,0,0,0,0,0,0,0,0,0,0,0,―,0,0,0,0,―,0,0,0,0,0,0,0,0,0,0,0,―,0,0,0,―,0,0,0,0,0,0,0,0,0,―,1,0,0,0,0,0,1,0,1,0,0,0,0,0,0,0,0,0,0,0,0,0,0,0,0,0,0,0,0,0,0,0,0,0,0,1,0,0,0,0,0,0,0,0,0,0,0,0,0,0,0,0,0,0,―,0
BI0151,鳥類,準絶滅危惧,NT,スズメ目,セキレイ科,ビンズイ,Anthus hodgsoni hodgsoni,①,－,－,－,－,－,－,－,－,－,－,－,－,－,－,－,－,－,－,－,－,－,－,－,－,－,－,－,1,1,1,0,―,1,1,1,0,0,0,0,0,0,0,0,0,0,0,0,0,―,1,1,0,―,0,1,0,0,0,0,0,0,0,0,0,0,0,0,0,0,0,0,0,0,0,0,0,0,0,0,0,0,―,0,0,0,0,―,0,0,0,0,0,0,0,0,0,0,0,―,0,0,0,―,0,0,0,0,0,0,0,0,0,―,1,1,0,0,0,0,0,1,0,0,0,0,0,0,0,0,0,0,0,0,0,0,0,0,0,0,0,0,0,0,0,0,0,0,0,0,0,0,0,0,0,0,0,0,0,0,0,0,0,0,1,0,0,0,―,1
BI0152,鳥類,準絶滅危惧,NT,スズメ目,ホオジロ科,ノジコ,Emberiza sulphurata,①,ノジコ,Emberiza sulphurata,NT,ノジコ,Emberiza sulphurata,NT,ノジコ,Emberiza sulphurata,NT,ノジコ,Emberiza sulphurata,NT,ノジコ,Emberiza sulphurata,NT,ノジコ,Emberiza sulphurata,NT,ノジコ,Emberiza sulphurata,NT,ノジコ,Emberiza sulphurata,NT,－,－,－,0,1,1,0,―,0,1,1,1,1,0,1,0,0,0,0,0,0,0,0,0,―,0,0,0,―,0,0,0,0,0,0,0,0,0,0,0,0,0,0,0,0,0,0,0,0,0,0,0,0,0,0,0,0,―,0,0,0,0,―,0,0,0,0,0,0,0,0,0,0,0,―,0,0,0,―,0,0,0,0,0,0,0,0,0,―,0,1,0,0,0,0,0,0,0,0,0,0,0,1,0,1,0,0,0,0,0,0,0,0,0,0,0,0,0,0,0,0,0,0,0,0,0,0,0,0,0,0,0,0,0,0,0,1,0,0,0,0,0,0,―,0
BI0153,鳥類,情報不足,DD,カモ目,カモ科,ツクシガモ,Tadorna tadorna,②,ツクシガモ,Tadorna tadorna,VU,ツクシガモ,Tadorna tadorna,VU,ツクシガモ,Tadorna tadorna,VU,ツクシガモ,Tadorna tadorna,VU,ツクシガモ,Tadorna tadorna,VU,ツクシガモ,Tadorna tadorna,VU,ツクシガモ,Tadorna tadorna,EN,ツクシガモ,Tadorna tadorna,EN,ツクシガモ,Tadorna tadorna,V,0,0,0,0,―,0,0,0,0,0,0,0,0,0,0,0,0,0,0,0,0,―,1,1,0,―,0,0,0,0,0,0,0,0,0,0,0,0,0,0,0,0,0,0,0,0,0,0,0,0,1,1,0,0,―,0,1,0,0,―,1,0,0,0,0,0,1,0,0,0,0,―,0,0,0,―,0,0,0,0,0,0,0,0,0,―,0,0,0,1,1,0,0,0,0,0,0,1,0,1,0,0,0,0,0,0,0,0,0,0,0,0,0,0,0,0,0,0,0,0,0,0,0,0,0,0,0,0,0,0,0,0,0,0,0,0,0,0,0,0,―,0
BI0154,鳥類,情報不足,DD,カモ目,カモ科,トモエガモ,Sibirionetta formosa,②,トモエガモ,Anas formosa,VU,トモエガモ,Anas formosa,VU,トモエガモ,Anas formosa,VU,トモエガモ,Anas formosa,VU,トモエガモ,Anas formosa,VU,トモエガモ,Anas formosa,VU,トモエガモ,Anas formosa,VU,トモエガモ,Anas formosa,VU,トモエガモ,Anas formosa,R,0,0,1,0,―,0,1,0,1,0,0,0,0,0,0,0,1,1,0,1,0,―,1,1,0,―,0,1,0,1,0,0,0,0,0,0,0,0,0,0,0,0,1,1,0,0,0,0,0,0,0,1,0,0,―,0,1,0,0,―,1,0,0,0,0,0,0,0,0,0,0,―,0,0,0,―,0,0,0,0,0,0,0,0,0,―,0,1,0,1,0,0,0,0,0,0,0,0,0,0,0,0,0,0,0,0,0,0,0,0,0,0,0,1,0,0,0,0,0,0,0,0,0,0,0,0,0,0,0,0,0,0,0,0,0,0,0,0,0,1,秋耕で餌の落ち籾がなくなること、休息場所の人為的攪乱,0
BI0155,鳥類,情報不足,DD,ハト目,ハト科,キンバト,Chalcophaps indica yamashinai,③,キンバト,Chalcophaps indica yamashinai,EN,キンバト,Chalcophaps indica yamashinai,EN,キンバト,Chalcophaps indica yamashinai,EN,キンバト,Chalcophaps indica yamashinai,EN,キンバト,Chalcophaps indica yamashinai,EN,キンバト,Chalcophaps indica yamashinai,EN,キンバト,Chalcophaps indica yamashinai,EN,キンバト,Chalcophaps indica yamashinai,EN,キンバト,Chalcophaps indica yamashinai,E,0,1,1,0,―,0,1,0,0,0,0,0,0,0,0,0,0,0,0,0,0,―,1,0,0,―,0,1,0,0,0,0,0,0,0,0,0,0,0,0,0,0,0,0,0,0,0,0,0,0,0,0,0,0,―,0,0,0,0,―,0,0,0,0,0,0,0,0,0,0,0,―,0,0,0,―,0,0,0,0,0,0,0,0,0,―,1,0,0,0,0,0,1,0,1,0,0,0,0,0,0,0,0,0,0,0,0,0,0,0,0,0,0,0,0,0,0,0,0,0,0,1,1,0,0,0,0,0,0,0,0,0,0,0,0,0,0,0,0,1,ガラスへの衝突事故,0
BI0156,鳥類,情報不足,DD,ツル目,クイナ科,ヒメクイナ,Zapornia pusilla pusilla,①②,－,－,－,－,－,－,－,－,－,－,－,－,－,－,－,－,－,－,－,－,－,－,－,－,－,－,－,0,0,0,0,―,0,0,0,0,0,0,0,0,0,0,0,0,0,0,0,0,―,1,0,0,―,0,0,1,0,1,1,0,0,0,0,1,1,0,1,1,0,1,1,0,0,0,0,0,0,1,0,0,0,―,0,0,0,0,―,0,0,0,0,0,0,0,0,0,0,0,―,0,0,0,―,0,0,0,0,0,0,0,0,0,―,0,1,0,1,0,0,0,0,0,1,1,0,0,1,0,0,0,0,0,0,1,0,0,0,0,0,0,0,0,0,0,0,0,0,0,0,0,0,0,0,0,0,0,0,0,0,0,1,0,0,0,0,0,0,―,0
BI0157,鳥類,情報不足,DD,カイツブリ目,カイツブリ科,ダイトウカイツブリ,Tachybaptus ruficollis kunikyonis,②③,－,－,－,－,－,－,－,－,－,－,－,－,－,－,－,－,－,－,－,－,－,－,－,－,－,－,－,0,0,0,0,―,0,0,0,0,0,0,0,0,0,0,0,0,0,0,0,0,―,1,0,0,―,0,0,0,0,0,1,0,0,0,0,0,0,0,0,0,0,1,0,0,0,0,0,0,0,0,0,0,0,―,0,0,0,0,―,0,0,0,0,0,0,0,0,0,0,0,―,0,0,0,―,0,0,0,0,0,0,0,0,0,―,0,0,0,1,0,0,1,0,0,0,0,0,0,0,0,0,0,0,0,0,0,0,0,0,0,0,0,0,0,0,0,0,0,0,0,0,0,0,0,0,0,0,0,0,0,0,0,0,0,0,0,0,1,0,―,0
BI0158,鳥類,情報不足,DD,チドリ目,セイタカシギ科,セイタカシギ,Himantopus himantopus,②,セイタカシギ,Himantopus himantopus himantopus,VU,セイタカシギ,Himantopus himantopus himantopus,VU,セイタカシギ,Himantopus himantopus himantopus,VU,セイタカシギ,Himantopus himantopus himantopus,VU,セイタカシギ,Himantopus himantopus himantopus,VU,セイタカシギ,Himantopus himantopus himantopus,VU,セイタカシギ,Himantopus himantopus himantopus,VU,セイタカシギ,Himantopus himantopus himantopus,EN,セイタカシギ,Himantopus himantopus himantopus,R,0,0,0,0,―,0,0,0,0,0,0,0,0,0,0,0,0,0,0,0,0,―,1,1,0,―,0,0,0,1,0,1,0,0,0,0,0,0,1,1,1,1,1,1,0,0,0,0,0,1,1,1,0,0,―,1,1,0,0,―,1,0,0,0,0,0,1,1,1,0,0,―,0,0,0,―,0,0,0,0,0,0,0,0,0,―,0,1,0,1,1,0,0,0,0,0,0,1,0,1,1,0,0,0,0,0,0,0,0,0,0,0,0,0,0,0,0,0,0,0,0,0,0,0,0,0,0,0,0,0,0,0,0,0,0,0,0,1,0,0,―,0
BI0159,鳥類,情報不足,DD,チドリ目,チドリ科,ケリ,Vanellus cinereus,①②,ケリ,Vanellus cinereus,DD,ケリ,Vanellus cinereus,DD,ケリ,Vanellus cinereus,DD,ケリ,Vanellus cinereus,DD,ケリ,Vanellus cinereus,DD,ケリ,Vanellus cinereus,DD,－,－,－,－,－,－,－,－,－,0,0,0,0,―,0,0,0,0,0,0,0,0,0,0,0,0,0,0,0,0,―,1,0,0,―,0,0,1,1,0,1,0,0,0,0,1,0,0,0,0,0,0,0,0,0,0,0,0,0,0,0,0,0,―,0,0,0,0,―,0,0,0,0,0,0,0,0,0,0,0,―,0,0,0,―,0,0,0,0,0,0,0,0,0,―,0,1,0,1,0,0,0,0,0,0,1,0,0,1,1,0,0,0,0,0,0,0,0,0,0,0,0,0,0,0,0,0,0,0,0,0,0,0,0,0,0,0,0,0,0,0,0,0,0,0,0,1,0,0,―,0
BI0160,鳥類,情報不足,DD,チドリ目,タマシギ科,タマシギ,Rostratula benghalensis,①,タマシギ,Rostratula benghalensis benghalensis,VU,タマシギ,Rostratula benghalensis benghalensis,VU,タマシギ,Rostratula benghalensis benghalensis,VU,タマシギ,Rostratula benghalensis benghalensis,VU,タマシギ,Rostratula benghalensis benghalensis,VU,タマシギ,Rostratula benghalensis benghalensis,VU,－,－,－,－,－,－,－,－,－,0,0,1,0,―,0,0,1,1,1,1,1,0,0,0,0,0,0,0,0,0,―,1,0,0,―,0,0,1,1,1,1,0,0,0,0,0,0,0,0,1,0,0,0,0,0,0,0,0,0,0,0,0,0,―,0,0,0,0,―,0,0,0,0,0,0,0,0,0,0,0,―,0,0,0,―,0,0,0,0,0,0,0,0,0,―,0,1,0,1,0,0,0,0,0,0,0,0,0,1,1,0,0,0,0,0,0,0,0,0,0,0,0,0,0,0,0,0,0,0,0,1,0,0,0,0,0,0,0,0,0,0,0,1,0,0,0,0,0,0,―,0
BI0161,鳥類,情報不足,DD,チドリ目,ウミスズメ科,マダラウミスズメ,Brachyramphus perdix,①②④,マダラウミスズメ,Brachyramphus perdix,DD,マダラウミスズメ,Brachyramphus perdix,DD,マダラウミスズメ,Brachyramphus perdix,DD,マダラウミスズメ,Brachyramphus perdix,DD,マダラウミスズメ,Brachyramphus marmoratus perdix,DD,マダラウミスズメ,Brachyramphus marmoratus perdix,DD,マダラウミスズメ,Brachyramphus marmoratus perdix,DD,マダラウミスズメ,Brachyramphus marmoratus perdix,DD,マダラウミスズメ,Brachyramphus marmoratus perdix,R,0,0,1,0,―,0,1,0,0,0,0,0,0,0,0,0,0,0,0,0,0,―,1,1,0,―,0,1,0,0,0,0,0,0,0,0,0,0,0,0,0,0,0,0,0,0,0,0,0,0,0,0,0,0,―,0,1,0,0,―,1,0,0,0,0,0,0,0,0,0,0,―,1,0,0,―,1,0,0,0,0,0,0,0,0,―,1,0,0,0,1,1,0,1,0,0,0,0,0,0,0,0,0,0,0,0,0,0,0,0,0,0,0,0,0,0,0,0,0,0,0,0,0,0,0,0,0,0,0,0,0,0,0,0,0,0,0,0,0,0,―,1
BI0162,鳥類,情報不足,DD,ペリカン目,サギ科,ヨシゴイ,Ixobrychus sinensis sinensis,④,ヨシゴイ,Ixobrychus sinensis sinensis,NT,ヨシゴイ,Ixobrychus sinensis sinensis,NT,ヨシゴイ,Ixobrychus sinensis sinensis,NT,ヨシゴイ,Ixobrychus sinensis sinensis,NT,ヨシゴイ,Ixobrychus sinensis sinensis,NT,ヨシゴイ,Ixobrychus sinensis sinensis,NT,ヨシゴイ,Ixobrychus sinensis sinensis,NT,－,－,－,－,－,－,0,0,0,0,―,0,0,0,0,0,0,0,0,0,0,0,0,0,0,0,0,―,1,0,0,―,0,0,0,0,0,1,0,0,0,0,0,1,0,1,1,1,1,0,0,0,0,0,0,0,0,0,0,0,―,0,0,0,0,―,0,0,0,0,0,0,0,0,0,0,0,―,0,0,0,―,0,0,0,0,0,0,0,0,0,―,0,0,0,1,0,0,0,0,0,1,1,0,0,1,0,0,0,0,0,0,0,0,0,0,0,0,0,0,0,1,0,0,0,0,0,0,0,0,0,0,0,0,0,0,0,0,0,0,0,0,0,0,0,0,―,0
BI0163,鳥類,情報不足,DD,タカ目,タカ科,ハチクマ,Pernis ptilorhynchus orientalis,①,ハチクマ,Pernis ptilorhynchus orientalis,NT,ハチクマ,Pernis ptilorhynchus orientalis,NT,ハチクマ,Pernis ptilorhynchus orientalis,NT,ハチクマ,Pernis ptilorhynchus orientalis,NT,ハチクマ,Pernis apivorus orientalis,NT,ハチクマ,Pernis apivorus orientalis,NT,ハチクマ,Pernis apivorus orientalis,NT,ハチクマ,Pernis apivorus orientalis,NT,ハチクマ,Pernis apivorus japonicus,R,0,1,1,0,―,0,1,0,0,0,0,0,0,0,0,0,0,0,0,0,0,―,0,0,0,―,0,0,0,0,0,0,0,0,0,0,0,0,0,0,0,0,0,0,0,0,0,0,0,0,0,0,0,0,―,0,0,0,0,―,0,0,0,0,0,0,0,0,0,0,0,―,0,0,0,―,0,0,0,0,0,0,0,0,0,―,1,1,0,0,0,0,0,0,1,0,0,0,0,0,0,0,0,0,0,0,1,1,0,0,0,0,1,0,0,0,0,0,0,0,0,0,0,0,0,0,0,0,0,0,0,0,0,0,0,0,0,0,0,0,―,0
BI0164,鳥類,情報不足,DD,タカ目,タカ科,リュウキュウツミ,Accipiter gularis iwasakii,②③,リュウキュウツミ,Accipiter gularis iwasakii,EN,リュウキュウツミ,Accipiter gularis iwasakii,EN,リュウキュウツミ,Accipiter gularis iwasakii,EN,リュウキュウツミ,Accipiter gularis iwasakii,EN,リュウキュウツミ,Accipiter gularis iwasakii,EN,リュウキュウツミ,Accipiter gularis iwasakii,EN,リュウキュウツミ,Accipiter gularis iwasakii,EN,リュウキュウツミ,Accipiter gularis iwasakii,VU,リュウキュウツミ,Accipiter gularis iwasakii,R,0,1,1,0,―,0,1,0,1,0,0,0,0,0,0,0,0,0,0,0,0,―,1,0,0,―,0,1,1,1,0,0,1,0,1,0,0,0,0,0,0,0,0,0,0,0,0,0,0,0,0,0,0,0,―,0,0,0,0,―,0,0,0,0,0,0,0,0,0,0,0,―,0,0,0,―,0,0,0,0,0,0,0,0,0,―,0,1,1,0,0,0,1,0,1,0,0,0,0,0,0,0,0,0,0,0,0,0,0,0,0,0,0,0,0,0,0,0,0,0,0,0,0,0,0,0,0,0,0,0,0,0,0,0,0,0,0,0,0,0,―,0
BI0165,鳥類,情報不足,DD,フクロウ目,フクロウ科,キンメフクロウ,Aegolius funereus sibiricus,①②,キンメフクロウ,Aegolius funereus magnus,CR,キンメフクロウ,Aegolius funereus magnus,CR,キンメフクロウ,Aegolius funereus magnus,CR,キンメフクロウ,Aegolius funereus magnus,CR,キンメフクロウ,Aegolius funereus magnus,CR,キンメフクロウ,Aegolius funereus magnus,CR,キンメフクロウ,Aegolius funereus magnus,EN,キンメフクロウ,Aegolius funereus magnus,EN,キンメフクロウ,Aegolius funereus pallens,R,0,1,0,0,―,0,1,0,0,0,0,0,0,0,0,0,0,0,0,0,0,―,0,0,0,―,0,0,0,0,0,0,0,0,0,0,0,0,0,0,0,0,0,0,0,0,0,0,0,0,0,0,0,0,―,0,0,0,0,―,0,0,0,0,0,0,0,0,0,0,0,―,0,0,0,―,0,0,0,0,0,0,0,0,0,―,1,0,0,0,0,0,0,0,1,0,0,0,0,0,0,0,0,0,0,0,0,0,0,0,0,0,0,0,0,0,0,0,0,0,0,0,0,0,0,0,0,0,0,0,0,0,0,0,0,0,0,0,0,0,―,0
BI0166,鳥類,情報不足,DD,フクロウ目,フクロウ科,リュウキュウオオコノハズク,Otus semitorques pryeri,①,リュウキュウオオコノハズク,Otus lempiji pryeri,VU,リュウキュウオオコノハズク,Otus lempiji pryeri,VU,リュウキュウオオコノハズク,Otus lempiji pryeri,VU,リュウキュウオオコノハズク,Otus lempiji pryeri,VU,リュウキュウオオコノハズク,Otus lempiji pryeri,VU,リュウキュウオオコノハズク,Otus lempiji pryeri,VU,リュウキュウオオコノハズク,Otus lempiji pryeri,VU,リュウキュウオオコノハズク,Otus lempiji pryeri,VU,リュウキュウオオコノハズク,Otus bakkamoena pryeri,R,0,0,1,0,―,0,1,0,0,0,0,0,0,0,0,0,0,0,0,0,0,―,1,0,0,―,0,1,0,0,0,0,0,0,1,0,0,0,0,0,1,1,0,0,0,0,0,0,0,0,0,0,0,0,―,0,0,0,0,―,0,0,0,0,0,0,0,0,0,0,0,―,0,0,0,―,0,0,0,0,0,0,0,0,0,―,1,1,0,0,0,0,1,0,1,0,0,0,0,0,0,0,0,0,0,0,0,0,0,0,0,0,1,0,0,0,0,0,0,0,0,0,0,0,0,0,0,0,0,1,0,0,0,0,0,0,0,0,0,0,―,0
BI0167,鳥類,情報不足,DD,キツツキ目,キツツキ科,ミユビゲラ,Picoides tridactylus inouyei,①②,ミユビゲラ,Picoides tridactylus inouyei,CR,ミユビゲラ,Picoides tridactylus inouyei,CR,ミユビゲラ,Picoides tridactylus inouyei,CR,ミユビゲラ,Picoides tridactylus inouyei,CR,ミユビゲラ,Picoides tridactylus inouyei,CR,ミユビゲラ,Picoides tridactylus inouyei,CR,ミユビゲラ,Picoides tridactylus inouyei,CR,ミユビゲラ,Picoides tridactylus inouyei,CR,ミユビゲラ,Picoides tridactylus inouyei,E,0,1,0,0,―,0,1,0,0,0,0,0,0,0,0,0,0,0,0,0,0,―,0,0,0,―,0,0,0,0,0,0,0,0,0,0,0,0,0,0,0,0,0,0,0,0,0,0,0,0,0,0,0,0,―,0,0,0,0,―,0,0,0,0,0,0,0,0,0,0,0,―,0,0,0,―,0,0,0,0,0,0,0,0,0,―,1,0,0,0,0,0,0,1,0,0,0,0,0,0,0,0,0,0,0,0,0,0,0,0,0,0,0,0,0,0,0,0,0,0,0,0,0,0,0,0,0,0,0,0,0,0,0,0,0,0,0,0,0,0,―,1
BI0168,鳥類,情報不足,DD,スズメ目,ヤイロチョウ科,ヤイロチョウ,Pitta nympha,①②,ヤイロチョウ,Pitta nympha,EN,ヤイロチョウ,Pitta nympha,EN,ヤイロチョウ,Pitta nympha,EN,ヤイロチョウ,Pitta nympha,EN,ヤイロチョウ,Pitta brachyura nympha,EN,ヤイロチョウ,Pitta brachyura nympha,EN,ヤイロチョウ,Pitta brachyura nympha,EN,ヤイロチョウ,Pitta brachyura nympha,EN,ヤイロチョウ,Pitta brachyura nympha,E,0,1,1,0,―,0,1,0,0,0,0,0,0,0,0,0,0,0,0,0,0,―,1,0,0,―,0,1,0,0,0,0,0,0,0,0,0,0,0,0,0,0,0,0,0,0,0,0,0,0,0,0,0,0,―,0,0,0,0,―,0,0,0,0,0,0,0,0,0,0,0,―,0,0,0,―,0,0,0,0,0,0,0,0,0,―,1,1,0,0,0,0,0,0,1,0,0,0,0,0,0,0,0,0,0,0,0,0,0,0,0,0,0,0,0,0,0,0,0,1,0,0,0,0,0,0,0,0,0,0,0,0,0,0,0,1,0,0,0,1,写真撮影など人為的かく乱,0
BI0169,鳥類,情報不足,DD,スズメ目,ヒタキ科,アカヒゲ,Larvivora komadori,③④,アカヒゲ,Luscinia komadori komadori,VU,アカヒゲ,Luscinia komadori komadori,VU,アカヒゲ,Luscinia komadori komadori,VU,アカヒゲ,Luscinia komadori komadori,VU,アカヒゲ,Erithacus komadori komadori,VU,アカヒゲ,Erithacus komadori komadori,VU,アカヒゲ,Erithacus komadori komadori,VU,アカヒゲ,Erithacus komadori komadori,VU,アカヒゲ,Erithacus komadori komadori,V,0,1,1,0,―,0,1,0,0,0,0,0,0,0,0,0,0,0,0,0,0,―,1,0,0,―,0,1,0,0,0,0,0,0,0,0,0,0,0,0,1,1,0,0,0,0,0,0,0,0,0,0,0,0,―,0,0,0,0,―,0,0,0,0,0,0,0,0,0,0,0,―,0,0,0,―,0,0,0,0,0,0,0,0,0,―,1,0,0,0,0,0,1,0,0,0,0,0,0,0,0,0,0,0,0,0,0,0,0,0,0,0,0,0,0,0,0,0,0,0,1,1,0,0,0,0,0,0,0,0,0,0,0,0,0,0,0,0,0,0,―,0
BI0170,鳥類,情報不足,DD,スズメ目,アトリ科,ギンザンマシコ,Pinicola enucleator sakhalinensis,②,－,－,－,－,－,－,－,－,－,－,－,－,－,－,－,－,－,－,－,－,－,－,－,－,－,－,－,1,1,0,0,―,0,1,0,0,0,0,0,0,1,0,0,0,0,0,0,0,―,1,0,0,―,0,0,0,0,0,0,0,0,1,0,0,0,0,0,0,0,0,0,0,0,0,0,0,0,0,0,0,0,―,0,0,0,0,―,0,0,0,0,0,0,0,0,0,0,0,―,0,0,0,―,0,0,0,0,0,0,0,0,0,―,1,0,0,0,0,0,0,1,0,0,0,0,0,0,0,0,0,0,0,0,0,0,0,0,0,0,0,0,0,0,0,0,0,1,0,0,0,0,0,0,0,0,0,0,0,0,0,0,0,0,1,0,0,0,―,0
